CREATE DATABASE IF NOT EXISTS shukla_healthcare;
USE shukla_healthcare;

-- Schema for External MySQL Workbench

CREATE TABLE IF NOT EXISTS dim_employers (employer_id INT PRIMARY KEY, employer_name VARCHAR(255), industry VARCHAR(100), hq_country VARCHAR(50), onboarding_date DATE);
CREATE TABLE IF NOT EXISTS dim_products (product_id INT PRIMARY KEY, product_name VARCHAR(100), line_of_business VARCHAR(50), risk_profile VARCHAR(20));
CREATE TABLE IF NOT EXISTS dim_employees (employee_id INT PRIMARY KEY, employer_id INT, full_name VARCHAR(255), birth_date DATE, enrollment_status VARCHAR(20), monthly_salary DECIMAL(18,2));
CREATE TABLE IF NOT EXISTS dim_providers (provider_id INT PRIMARY KEY, provider_name VARCHAR(255), specialty VARCHAR(100), network_status VARCHAR(50));
CREATE TABLE IF NOT EXISTS fact_enrollments (enrollment_id INT PRIMARY KEY, employee_id INT, product_id INT, enrollment_date DATE, status VARCHAR(20));
CREATE TABLE IF NOT EXISTS fact_claims (claim_id INT PRIMARY KEY, employee_id INT, product_id INT, provider_id INT, service_date DATE, claim_amount DECIMAL(18,2), paid_amount DECIMAL(18,2), claim_status VARCHAR(20));
CREATE TABLE IF NOT EXISTS fact_claim_status_history (history_id INT PRIMARY KEY, claim_id INT, old_status VARCHAR(20), new_status VARCHAR(20), updated_at TIMESTAMP DEFAULT CURRENT_TIMESTAMP);

-- Providers
INSERT INTO dim_providers (provider_id, provider_name, specialty, network_status) VALUES
(1, 'Global Pharma 1', 'General Practitioner', 'IN-NETWORK'),
(2, 'Global Pharma 2', 'Dentist', 'IN-NETWORK'),
(3, 'Global Pharma 3', 'Veterinary Specialist', 'OUT-OF-NETWORK'),
(4, 'Global Pharma 4', 'Dentist', 'OUT-OF-NETWORK'),
(5, 'Prime Dental 5', 'Cardiologist', 'OUT-OF-NETWORK'),
(6, 'Wellness Clinic 6', 'Cardiologist', 'IN-NETWORK'),
(7, 'Global Pharma 7', 'General Practitioner', 'OUT-OF-NETWORK'),
(8, 'Animal Care 8', 'Cardiologist', 'OUT-OF-NETWORK'),
(9, 'Global Pharma 9', 'General Practitioner', 'IN-NETWORK'),
(10, 'Prime Dental 10', 'Pediatrician', 'IN-NETWORK'),
(11, 'Wellness Clinic 11', 'Cardiologist', 'OUT-OF-NETWORK'),
(12, 'Animal Care 12', 'Veterinary Specialist', 'OUT-OF-NETWORK'),
(13, 'City Hospital 13', 'Veterinary Specialist', 'OUT-OF-NETWORK'),
(14, 'City Hospital 14', 'Veterinary Specialist', 'OUT-OF-NETWORK'),
(15, 'Wellness Clinic 15', 'General Practitioner', 'OUT-OF-NETWORK'),
(16, 'Global Pharma 16', 'Veterinary Specialist', 'OUT-OF-NETWORK'),
(17, 'Global Pharma 17', 'Pediatrician', 'OUT-OF-NETWORK'),
(18, 'Global Pharma 18', 'Veterinary Specialist', 'OUT-OF-NETWORK'),
(19, 'Prime Dental 19', 'General Practitioner', 'OUT-OF-NETWORK'),
(20, 'City Hospital 20', 'Pediatrician', 'OUT-OF-NETWORK'),
(21, 'Heart Institute 21', 'General Practitioner', 'IN-NETWORK'),
(22, 'Prime Dental 22', 'Veterinary Specialist', 'IN-NETWORK'),
(23, 'Heart Institute 23', 'Dentist', 'OUT-OF-NETWORK'),
(24, 'Wellness Clinic 24', 'Veterinary Specialist', 'IN-NETWORK'),
(25, 'City Hospital 25', 'Dentist', 'IN-NETWORK'),
(26, 'Animal Care 26', 'General Practitioner', 'OUT-OF-NETWORK'),
(27, 'Animal Care 27', 'Veterinary Specialist', 'IN-NETWORK'),
(28, 'Wellness Clinic 28', 'Dentist', 'OUT-OF-NETWORK'),
(29, 'Animal Care 29', 'Pediatrician', 'OUT-OF-NETWORK'),
(30, 'Animal Care 30', 'Veterinary Specialist', 'IN-NETWORK'),
(31, 'Heart Institute 31', 'Pediatrician', 'IN-NETWORK'),
(32, 'Prime Dental 32', 'Veterinary Specialist', 'OUT-OF-NETWORK'),
(33, 'City Hospital 33', 'Pediatrician', 'OUT-OF-NETWORK'),
(34, 'Heart Institute 34', 'Dentist', 'OUT-OF-NETWORK'),
(35, 'Global Pharma 35', 'Dentist', 'OUT-OF-NETWORK'),
(36, 'Heart Institute 36', 'Dentist', 'OUT-OF-NETWORK'),
(37, 'Wellness Clinic 37', 'Veterinary Specialist', 'IN-NETWORK'),
(38, 'Animal Care 38', 'Veterinary Specialist', 'OUT-OF-NETWORK'),
(39, 'Prime Dental 39', 'Pediatrician', 'OUT-OF-NETWORK'),
(40, 'Prime Dental 40', 'Cardiologist', 'OUT-OF-NETWORK'),
(41, 'Animal Care 41', 'General Practitioner', 'OUT-OF-NETWORK'),
(42, 'Prime Dental 42', 'Cardiologist', 'IN-NETWORK'),
(43, 'Prime Dental 43', 'Cardiologist', 'IN-NETWORK'),
(44, 'Animal Care 44', 'Pediatrician', 'OUT-OF-NETWORK'),
(45, 'Animal Care 45', 'General Practitioner', 'OUT-OF-NETWORK'),
(46, 'Global Pharma 46', 'Pediatrician', 'IN-NETWORK'),
(47, 'Wellness Clinic 47', 'Cardiologist', 'IN-NETWORK'),
(48, 'City Hospital 48', 'Pediatrician', 'OUT-OF-NETWORK'),
(49, 'Prime Dental 49', 'General Practitioner', 'OUT-OF-NETWORK'),
(50, 'Wellness Clinic 50', 'Pediatrician', 'OUT-OF-NETWORK');

INSERT INTO dim_products (product_id, product_name, line_of_business, risk_profile) VALUES
(1, 'Life Shield Plus', 'Life', 'Medium'),
(2, 'AccidenCare', 'Accident', 'Medium'),
(3, 'Critical Assist', 'Critical Illness', 'Medium'),
(4, 'Dental Smile', 'Dental', 'Medium'),
(5, 'Pet Guardian', 'Pet', 'Medium');

INSERT INTO dim_employers (employer_id, employer_name, industry, hq_country, onboarding_date) VALUES
(1, 'Corp_1', 'Healthcare', 'FR', '2021-08-18'),
(2, 'Corp_2', 'Technology', 'CA', '2020-04-26'),
(3, 'Corp_3', 'Healthcare', 'CA', '2024-11-16'),
(4, 'Corp_4', 'Retail', 'CA', '2023-10-15'),
(5, 'Corp_5', 'Logistics', 'UK', '2023-09-28'),
(6, 'Corp_6', 'Energy', 'CA', '2023-02-26'),
(7, 'Corp_7', 'Energy', 'FR', '2026-04-01'),
(8, 'Corp_8', 'Logistics', 'UK', '2023-06-13'),
(9, 'Corp_9', 'Healthcare', 'UK', '2020-12-06'),
(10, 'Corp_10', 'Finance', 'AU', '2022-11-18'),
(11, 'Corp_11', 'Finance', 'US', '2023-03-21'),
(12, 'Corp_12', 'Energy', 'DE', '2020-07-24'),
(13, 'Corp_13', 'Finance', 'AU', '2023-06-28'),
(14, 'Corp_14', 'Retail', 'UK', '2023-02-24'),
(15, 'Corp_15', 'Finance', 'US', '2023-04-30'),
(16, 'Corp_16', 'Technology', 'US', '2022-02-13'),
(17, 'Corp_17', 'Retail', 'FR', '2021-05-22'),
(18, 'Corp_18', 'Technology', 'FR', '2024-01-31'),
(19, 'Corp_19', 'Finance', 'AU', '2021-08-08'),
(20, 'Corp_20', 'Finance', 'CA', '2022-04-27'),
(21, 'Corp_21', 'Technology', 'FR', '2026-04-04'),
(22, 'Corp_22', 'Finance', 'IN', '2025-07-24'),
(23, 'Corp_23', 'Logistics', 'FR', '2021-04-09'),
(24, 'Corp_24', 'Retail', 'DE', '2024-10-26'),
(25, 'Corp_25', 'Retail', 'AU', '2021-01-07'),
(26, 'Corp_26', 'Logistics', 'DE', '2020-04-22'),
(27, 'Corp_27', 'Technology', 'CA', '2020-06-10'),
(28, 'Corp_28', 'Finance', 'IN', '2022-08-03'),
(29, 'Corp_29', 'Energy', 'UK', '2025-03-13'),
(30, 'Corp_30', 'Technology', 'UK', '2022-01-17');

INSERT INTO dim_employees (employee_id, employer_id, full_name, birth_date, enrollment_status, monthly_salary) VALUES
(1, 30, 'Employee 1', '1975-11-13', 'ACTIVE', 4574.25),
(2, 17, 'Employee 2', '2024-04-01', 'ACTIVE', 14835.42),
(3, 4, 'Employee 3', '2012-12-09', 'ACTIVE', 10875.97),
(4, 4, 'Employee 4', '2001-09-26', 'ACTIVE', 15388.07),
(5, 27, 'Employee 5', '2023-12-10', 'ACTIVE', 4264.5),
(6, 13, 'Employee 6', '1996-07-11', 'ACTIVE', 15858.69),
(7, 3, 'Employee 7', '2001-06-16', 'ACTIVE', 14095.92),
(8, 28, 'Employee 8', '1989-07-26', 'ACTIVE', 10509.17),
(9, 4, 'Employee 9', '2000-04-04', 'ACTIVE', 10932.29),
(10, 23, 'Employee 10', '2007-06-20', 'ACTIVE', 8158.17),
(11, 24, 'Employee 11', '1985-05-03', 'ACTIVE', 12138.75),
(12, 26, 'Employee 12', '2009-09-17', 'ACTIVE', 9265.05),
(13, 20, 'Employee 13', '2015-02-22', 'ACTIVE', 4587.86),
(14, 11, 'Employee 14', '1992-06-29', 'ACTIVE', 12125.92),
(15, 7, 'Employee 15', '2026-02-15', 'ACTIVE', 7470.55),
(16, 23, 'Employee 16', '2019-05-31', 'ACTIVE', 4960.62),
(17, 4, 'Employee 17', '1986-03-27', 'ACTIVE', 9719.86),
(18, 11, 'Employee 18', '1995-05-27', 'ACTIVE', 4779.58),
(19, 7, 'Employee 19', '2014-07-13', 'ACTIVE', 15881.37),
(20, 26, 'Employee 20', '1976-08-29', 'ACTIVE', 11124.92),
(21, 4, 'Employee 21', '1986-01-10', 'ACTIVE', 6549.56),
(22, 25, 'Employee 22', '2006-04-23', 'ACTIVE', 15010.5),
(23, 24, 'Employee 23', '2001-07-21', 'ACTIVE', 10299.1),
(24, 15, 'Employee 24', '1982-04-27', 'ACTIVE', 8383.59),
(25, 9, 'Employee 25', '1999-02-20', 'ACTIVE', 14482.06),
(26, 2, 'Employee 26', '1995-08-08', 'ACTIVE', 14203.22),
(27, 13, 'Employee 27', '2016-04-03', 'ACTIVE', 10266.72),
(28, 19, 'Employee 28', '1988-02-09', 'ACTIVE', 12298.61),
(29, 16, 'Employee 29', '2014-02-04', 'ACTIVE', 8242.43),
(30, 17, 'Employee 30', '2020-08-21', 'ACTIVE', 13917.45),
(31, 27, 'Employee 31', '1987-01-08', 'ACTIVE', 8212.98),
(32, 23, 'Employee 32', '2019-07-09', 'ACTIVE', 6679.44),
(33, 8, 'Employee 33', '2020-07-07', 'ACTIVE', 5353.16),
(34, 21, 'Employee 34', '2022-10-24', 'ACTIVE', 12239.02),
(35, 19, 'Employee 35', '2017-11-01', 'ACTIVE', 12423.58),
(36, 12, 'Employee 36', '1994-04-23', 'ACTIVE', 13600.14),
(37, 24, 'Employee 37', '2005-01-12', 'ACTIVE', 11700.87),
(38, 19, 'Employee 38', '2025-10-28', 'ACTIVE', 11723.31),
(39, 28, 'Employee 39', '1981-12-04', 'ACTIVE', 10292.23),
(40, 25, 'Employee 40', '2021-07-21', 'ACTIVE', 7977.44),
(41, 24, 'Employee 41', '2014-10-08', 'ACTIVE', 4568.14),
(42, 22, 'Employee 42', '2014-06-20', 'ACTIVE', 9745.88),
(43, 26, 'Employee 43', '1999-12-05', 'ACTIVE', 4801.28),
(44, 29, 'Employee 44', '2009-06-09', 'ACTIVE', 9276.51),
(45, 7, 'Employee 45', '2016-08-15', 'ACTIVE', 13970.09),
(46, 15, 'Employee 46', '1992-08-29', 'ACTIVE', 12849.26),
(47, 23, 'Employee 47', '1988-05-04', 'ACTIVE', 5010.53),
(48, 10, 'Employee 48', '1983-07-24', 'ACTIVE', 8995.42),
(49, 21, 'Employee 49', '2020-06-15', 'ACTIVE', 8555.49),
(50, 13, 'Employee 50', '1994-06-24', 'ACTIVE', 13122.71),
(51, 16, 'Employee 51', '1996-07-04', 'ACTIVE', 7839.17),
(52, 23, 'Employee 52', '2000-06-24', 'ACTIVE', 10692.17),
(53, 21, 'Employee 53', '2007-09-02', 'ACTIVE', 12754.94),
(54, 28, 'Employee 54', '2010-04-08', 'ACTIVE', 14120.87),
(55, 15, 'Employee 55', '1992-11-08', 'ACTIVE', 9745.42),
(56, 18, 'Employee 56', '2016-11-02', 'ACTIVE', 10207.97),
(57, 19, 'Employee 57', '2016-07-10', 'ACTIVE', 10200.97),
(58, 4, 'Employee 58', '2022-08-04', 'ACTIVE', 14821.05),
(59, 19, 'Employee 59', '1985-02-09', 'ACTIVE', 6214.7),
(60, 1, 'Employee 60', '2025-06-11', 'ACTIVE', 11821.0),
(61, 18, 'Employee 61', '1985-11-27', 'ACTIVE', 8384.03),
(62, 16, 'Employee 62', '2024-12-22', 'ACTIVE', 14746.14),
(63, 9, 'Employee 63', '1987-05-28', 'ACTIVE', 13204.45),
(64, 14, 'Employee 64', '1993-09-10', 'ACTIVE', 14468.08),
(65, 21, 'Employee 65', '1978-03-01', 'ACTIVE', 10278.59),
(66, 2, 'Employee 66', '2013-07-08', 'ACTIVE', 13857.36),
(67, 15, 'Employee 67', '1993-03-16', 'ACTIVE', 6908.19),
(68, 27, 'Employee 68', '1999-11-29', 'ACTIVE', 5957.63),
(69, 27, 'Employee 69', '2016-10-05', 'ACTIVE', 6345.45),
(70, 8, 'Employee 70', '1979-05-29', 'ACTIVE', 5023.24),
(71, 4, 'Employee 71', '1989-02-26', 'ACTIVE', 5237.59),
(72, 4, 'Employee 72', '2022-07-15', 'ACTIVE', 11330.41),
(73, 14, 'Employee 73', '1985-03-04', 'ACTIVE', 4835.64),
(74, 2, 'Employee 74', '1993-03-07', 'ACTIVE', 5502.4),
(75, 27, 'Employee 75', '1992-08-15', 'ACTIVE', 7747.32),
(76, 20, 'Employee 76', '2006-12-10', 'ACTIVE', 14563.82),
(77, 11, 'Employee 77', '2011-02-07', 'ACTIVE', 6828.76),
(78, 9, 'Employee 78', '2012-08-04', 'ACTIVE', 14902.81),
(79, 9, 'Employee 79', '2017-12-04', 'ACTIVE', 11674.12),
(80, 13, 'Employee 80', '1989-07-23', 'ACTIVE', 8515.4),
(81, 20, 'Employee 81', '1978-04-20', 'ACTIVE', 14716.12),
(82, 30, 'Employee 82', '1998-02-28', 'ACTIVE', 6488.6),
(83, 30, 'Employee 83', '2024-12-24', 'ACTIVE', 12655.31),
(84, 20, 'Employee 84', '1985-10-11', 'ACTIVE', 4020.69),
(85, 11, 'Employee 85', '1980-09-29', 'ACTIVE', 13299.57),
(86, 26, 'Employee 86', '2014-03-24', 'ACTIVE', 15828.09),
(87, 12, 'Employee 87', '1998-07-06', 'ACTIVE', 15408.66),
(88, 19, 'Employee 88', '2014-12-19', 'ACTIVE', 13937.68),
(89, 20, 'Employee 89', '1999-09-18', 'ACTIVE', 11970.43),
(90, 18, 'Employee 90', '2017-01-31', 'ACTIVE', 13874.55),
(91, 30, 'Employee 91', '2002-10-19', 'ACTIVE', 9842.67),
(92, 7, 'Employee 92', '2001-01-17', 'ACTIVE', 7881.61),
(93, 10, 'Employee 93', '2002-01-22', 'ACTIVE', 4650.61),
(94, 7, 'Employee 94', '2008-07-12', 'ACTIVE', 11791.61),
(95, 17, 'Employee 95', '1976-07-05', 'ACTIVE', 13007.31),
(96, 20, 'Employee 96', '2020-08-22', 'ACTIVE', 15181.54),
(97, 26, 'Employee 97', '2010-09-03', 'ACTIVE', 11302.43),
(98, 21, 'Employee 98', '2008-09-16', 'ACTIVE', 14469.01),
(99, 17, 'Employee 99', '2009-07-16', 'ACTIVE', 7720.81),
(100, 23, 'Employee 100', '1992-09-13', 'ACTIVE', 15732.8),
(101, 1, 'Employee 101', '2019-10-22', 'ACTIVE', 11263.11),
(102, 22, 'Employee 102', '1998-10-10', 'ACTIVE', 12403.51),
(103, 16, 'Employee 103', '2001-10-27', 'ACTIVE', 7084.67),
(104, 24, 'Employee 104', '1978-09-19', 'ACTIVE', 13170.89),
(105, 5, 'Employee 105', '2013-12-16', 'ACTIVE', 10490.3),
(106, 8, 'Employee 106', '2016-04-22', 'ACTIVE', 4670.86),
(107, 11, 'Employee 107', '1992-04-16', 'ACTIVE', 9293.94),
(108, 7, 'Employee 108', '1979-11-15', 'ACTIVE', 9289.03),
(109, 24, 'Employee 109', '2004-02-26', 'ACTIVE', 6171.09),
(110, 8, 'Employee 110', '1979-09-14', 'ACTIVE', 14803.25),
(111, 28, 'Employee 111', '1975-03-09', 'ACTIVE', 10407.63),
(112, 28, 'Employee 112', '2020-10-28', 'ACTIVE', 6042.94),
(113, 27, 'Employee 113', '1986-08-02', 'ACTIVE', 7021.4),
(114, 28, 'Employee 114', '1975-03-31', 'ACTIVE', 8700.71),
(115, 9, 'Employee 115', '2007-01-08', 'ACTIVE', 4126.19),
(116, 20, 'Employee 116', '2001-02-02', 'ACTIVE', 13332.46),
(117, 1, 'Employee 117', '1977-06-11', 'ACTIVE', 11697.93),
(118, 20, 'Employee 118', '1983-06-15', 'ACTIVE', 12860.45),
(119, 8, 'Employee 119', '2003-08-31', 'ACTIVE', 9636.81),
(120, 28, 'Employee 120', '2021-04-13', 'ACTIVE', 15472.72),
(121, 16, 'Employee 121', '1987-11-10', 'ACTIVE', 14267.21),
(122, 19, 'Employee 122', '2001-09-23', 'ACTIVE', 13559.37),
(123, 13, 'Employee 123', '2000-07-26', 'ACTIVE', 4900.84),
(124, 2, 'Employee 124', '2024-01-25', 'ACTIVE', 7215.52),
(125, 9, 'Employee 125', '1990-12-26', 'ACTIVE', 11654.62),
(126, 18, 'Employee 126', '2023-03-15', 'ACTIVE', 14406.63),
(127, 24, 'Employee 127', '2024-04-09', 'ACTIVE', 5950.3),
(128, 25, 'Employee 128', '1984-02-08', 'ACTIVE', 6708.94),
(129, 29, 'Employee 129', '2022-11-11', 'ACTIVE', 5088.73),
(130, 17, 'Employee 130', '2016-05-13', 'ACTIVE', 14103.37),
(131, 13, 'Employee 131', '1978-07-28', 'ACTIVE', 4129.16),
(132, 7, 'Employee 132', '1975-09-13', 'ACTIVE', 13704.62),
(133, 12, 'Employee 133', '1981-12-17', 'ACTIVE', 15275.58),
(134, 29, 'Employee 134', '1990-01-20', 'ACTIVE', 11637.5),
(135, 30, 'Employee 135', '1978-04-12', 'ACTIVE', 5314.12),
(136, 5, 'Employee 136', '2017-04-28', 'ACTIVE', 4932.33),
(137, 17, 'Employee 137', '1999-04-05', 'ACTIVE', 8342.01),
(138, 9, 'Employee 138', '2024-05-16', 'ACTIVE', 9067.89),
(139, 21, 'Employee 139', '2013-05-17', 'ACTIVE', 11866.3),
(140, 17, 'Employee 140', '2003-05-03', 'ACTIVE', 9011.11),
(141, 6, 'Employee 141', '2017-06-11', 'ACTIVE', 4390.98),
(142, 13, 'Employee 142', '2026-01-25', 'ACTIVE', 4895.64),
(143, 12, 'Employee 143', '1988-04-14', 'ACTIVE', 6864.79),
(144, 16, 'Employee 144', '1979-04-01', 'ACTIVE', 8141.18),
(145, 25, 'Employee 145', '1975-05-21', 'ACTIVE', 9687.04),
(146, 25, 'Employee 146', '2014-08-24', 'ACTIVE', 5049.56),
(147, 13, 'Employee 147', '1985-01-07', 'ACTIVE', 15557.55),
(148, 12, 'Employee 148', '2005-03-11', 'ACTIVE', 11032.08),
(149, 16, 'Employee 149', '1985-12-22', 'ACTIVE', 6957.5),
(150, 12, 'Employee 150', '1985-10-07', 'ACTIVE', 7141.5),
(151, 8, 'Employee 151', '1979-07-16', 'ACTIVE', 4824.29),
(152, 8, 'Employee 152', '2004-01-10', 'ACTIVE', 13792.34),
(153, 24, 'Employee 153', '2002-11-09', 'ACTIVE', 10514.01),
(154, 7, 'Employee 154', '1987-01-12', 'ACTIVE', 13182.76),
(155, 19, 'Employee 155', '1992-12-03', 'ACTIVE', 10237.98),
(156, 26, 'Employee 156', '1997-10-04', 'ACTIVE', 12779.82),
(157, 8, 'Employee 157', '1979-10-24', 'ACTIVE', 7340.77),
(158, 3, 'Employee 158', '2010-03-02', 'ACTIVE', 5749.23),
(159, 9, 'Employee 159', '2010-04-18', 'ACTIVE', 15948.12),
(160, 22, 'Employee 160', '1991-08-08', 'ACTIVE', 8603.86),
(161, 5, 'Employee 161', '1993-01-13', 'ACTIVE', 9069.99),
(162, 12, 'Employee 162', '1993-06-20', 'ACTIVE', 4567.19),
(163, 29, 'Employee 163', '1978-02-26', 'ACTIVE', 4973.76),
(164, 15, 'Employee 164', '2002-10-11', 'ACTIVE', 6460.12),
(165, 7, 'Employee 165', '1985-04-10', 'ACTIVE', 6118.08),
(166, 20, 'Employee 166', '1990-08-14', 'ACTIVE', 13544.2),
(167, 21, 'Employee 167', '2020-09-07', 'ACTIVE', 5625.34),
(168, 21, 'Employee 168', '1981-11-03', 'ACTIVE', 12768.28),
(169, 8, 'Employee 169', '2017-11-12', 'ACTIVE', 13985.75),
(170, 15, 'Employee 170', '2022-09-08', 'ACTIVE', 13457.79),
(171, 30, 'Employee 171', '1988-12-04', 'ACTIVE', 11726.72),
(172, 16, 'Employee 172', '2005-06-07', 'ACTIVE', 8811.85),
(173, 27, 'Employee 173', '1985-06-09', 'ACTIVE', 13040.23),
(174, 21, 'Employee 174', '1994-10-28', 'ACTIVE', 9028.77),
(175, 25, 'Employee 175', '1980-07-25', 'ACTIVE', 5438.99),
(176, 26, 'Employee 176', '1989-01-05', 'ACTIVE', 11966.55),
(177, 20, 'Employee 177', '2026-02-26', 'ACTIVE', 5390.84),
(178, 22, 'Employee 178', '2012-02-16', 'ACTIVE', 10096.31),
(179, 14, 'Employee 179', '2000-10-15', 'ACTIVE', 5789.16),
(180, 20, 'Employee 180', '1990-10-22', 'ACTIVE', 14339.94),
(181, 11, 'Employee 181', '2016-10-09', 'ACTIVE', 12694.03),
(182, 6, 'Employee 182', '2021-07-28', 'ACTIVE', 11987.12),
(183, 28, 'Employee 183', '1998-06-20', 'ACTIVE', 5316.84),
(184, 26, 'Employee 184', '1995-01-15', 'ACTIVE', 7149.79),
(185, 22, 'Employee 185', '1996-07-11', 'ACTIVE', 14034.03),
(186, 18, 'Employee 186', '2014-06-15', 'ACTIVE', 13046.94),
(187, 21, 'Employee 187', '1993-10-25', 'ACTIVE', 4961.15),
(188, 30, 'Employee 188', '1985-05-16', 'ACTIVE', 14341.89),
(189, 27, 'Employee 189', '2007-02-01', 'ACTIVE', 8471.8),
(190, 14, 'Employee 190', '2026-01-08', 'ACTIVE', 11598.39),
(191, 23, 'Employee 191', '1989-08-13', 'ACTIVE', 5788.03),
(192, 12, 'Employee 192', '2015-06-10', 'ACTIVE', 7553.82),
(193, 15, 'Employee 193', '2023-03-07', 'ACTIVE', 7938.87),
(194, 13, 'Employee 194', '1996-05-22', 'ACTIVE', 5529.34),
(195, 17, 'Employee 195', '2023-02-06', 'ACTIVE', 12688.76),
(196, 4, 'Employee 196', '1983-07-14', 'ACTIVE', 6199.62),
(197, 7, 'Employee 197', '2016-01-08', 'ACTIVE', 8525.96),
(198, 2, 'Employee 198', '2000-09-28', 'ACTIVE', 13537.53),
(199, 11, 'Employee 199', '1991-04-28', 'ACTIVE', 14888.59),
(200, 28, 'Employee 200', '2009-11-18', 'ACTIVE', 4576.99),
(201, 14, 'Employee 201', '1992-10-20', 'ACTIVE', 10390.13),
(202, 27, 'Employee 202', '2018-11-18', 'ACTIVE', 5585.94),
(203, 26, 'Employee 203', '2020-01-31', 'ACTIVE', 10348.75),
(204, 8, 'Employee 204', '2014-03-07', 'ACTIVE', 5037.44),
(205, 5, 'Employee 205', '2004-01-04', 'ACTIVE', 12885.39),
(206, 27, 'Employee 206', '2010-12-24', 'ACTIVE', 6146.43),
(207, 25, 'Employee 207', '1992-11-03', 'ACTIVE', 13033.54),
(208, 24, 'Employee 208', '1984-01-16', 'ACTIVE', 13374.93),
(209, 12, 'Employee 209', '2010-07-26', 'ACTIVE', 4020.04),
(210, 7, 'Employee 210', '2020-04-19', 'ACTIVE', 14392.95),
(211, 2, 'Employee 211', '2013-05-26', 'ACTIVE', 6291.76),
(212, 3, 'Employee 212', '2025-02-15', 'ACTIVE', 5948.77),
(213, 27, 'Employee 213', '2016-04-08', 'ACTIVE', 4852.2),
(214, 25, 'Employee 214', '2002-07-03', 'ACTIVE', 10820.95),
(215, 29, 'Employee 215', '1994-08-07', 'ACTIVE', 7841.95),
(216, 8, 'Employee 216', '1984-06-23', 'ACTIVE', 4591.17),
(217, 9, 'Employee 217', '1992-03-31', 'ACTIVE', 10512.47),
(218, 10, 'Employee 218', '2020-06-07', 'ACTIVE', 8593.69),
(219, 6, 'Employee 219', '2003-08-22', 'ACTIVE', 7154.18),
(220, 10, 'Employee 220', '1995-12-24', 'ACTIVE', 11172.54),
(221, 22, 'Employee 221', '2002-08-03', 'ACTIVE', 4959.89),
(222, 18, 'Employee 222', '2021-06-16', 'ACTIVE', 13495.67),
(223, 1, 'Employee 223', '2010-11-27', 'ACTIVE', 6802.11),
(224, 2, 'Employee 224', '2015-09-14', 'ACTIVE', 9856.19),
(225, 13, 'Employee 225', '1978-12-31', 'ACTIVE', 14752.96),
(226, 5, 'Employee 226', '2023-11-22', 'ACTIVE', 11808.42),
(227, 16, 'Employee 227', '2018-09-07', 'ACTIVE', 9793.34),
(228, 15, 'Employee 228', '1987-03-20', 'ACTIVE', 6742.16),
(229, 15, 'Employee 229', '2005-10-05', 'ACTIVE', 12228.76),
(230, 4, 'Employee 230', '2017-04-21', 'ACTIVE', 11162.34),
(231, 7, 'Employee 231', '1979-05-18', 'ACTIVE', 12195.71),
(232, 24, 'Employee 232', '1988-02-23', 'ACTIVE', 10685.69),
(233, 22, 'Employee 233', '1987-11-16', 'ACTIVE', 5044.88),
(234, 6, 'Employee 234', '2016-09-20', 'ACTIVE', 11291.59),
(235, 14, 'Employee 235', '2013-07-07', 'ACTIVE', 14844.15),
(236, 16, 'Employee 236', '2021-05-15', 'ACTIVE', 10582.6),
(237, 5, 'Employee 237', '1985-09-28', 'ACTIVE', 8814.93),
(238, 4, 'Employee 238', '2020-09-20', 'ACTIVE', 11526.1),
(239, 29, 'Employee 239', '1981-07-23', 'ACTIVE', 5127.76),
(240, 9, 'Employee 240', '2024-10-21', 'ACTIVE', 10371.76),
(241, 9, 'Employee 241', '1995-11-27', 'ACTIVE', 11166.95),
(242, 15, 'Employee 242', '2025-09-09', 'ACTIVE', 5992.49),
(243, 26, 'Employee 243', '1977-02-13', 'ACTIVE', 8501.29),
(244, 22, 'Employee 244', '1985-03-24', 'ACTIVE', 4790.8),
(245, 6, 'Employee 245', '2004-02-01', 'ACTIVE', 5458.62),
(246, 4, 'Employee 246', '2024-10-22', 'ACTIVE', 12804.01),
(247, 1, 'Employee 247', '1982-04-16', 'ACTIVE', 12699.9),
(248, 22, 'Employee 248', '1980-02-18', 'ACTIVE', 5479.18),
(249, 2, 'Employee 249', '1991-02-01', 'ACTIVE', 14133.93),
(250, 10, 'Employee 250', '1976-05-07', 'ACTIVE', 13730.96),
(251, 4, 'Employee 251', '2019-06-13', 'ACTIVE', 15243.12),
(252, 30, 'Employee 252', '1991-02-09', 'ACTIVE', 4044.52),
(253, 26, 'Employee 253', '1999-04-05', 'ACTIVE', 15182.05),
(254, 3, 'Employee 254', '1982-08-31', 'ACTIVE', 12950.59),
(255, 4, 'Employee 255', '1978-07-02', 'ACTIVE', 4313.07),
(256, 23, 'Employee 256', '2007-08-19', 'ACTIVE', 8851.69),
(257, 27, 'Employee 257', '2010-10-05', 'ACTIVE', 4754.34),
(258, 10, 'Employee 258', '1980-08-01', 'ACTIVE', 8224.31),
(259, 16, 'Employee 259', '2005-01-14', 'ACTIVE', 12053.19),
(260, 24, 'Employee 260', '2013-01-19', 'ACTIVE', 15395.89),
(261, 8, 'Employee 261', '1999-11-07', 'ACTIVE', 8784.92),
(262, 27, 'Employee 262', '2013-11-07', 'ACTIVE', 11713.69),
(263, 29, 'Employee 263', '1980-07-05', 'ACTIVE', 5342.24),
(264, 16, 'Employee 264', '1989-08-30', 'ACTIVE', 8051.2),
(265, 4, 'Employee 265', '2013-09-10', 'ACTIVE', 13807.27),
(266, 12, 'Employee 266', '2014-05-30', 'ACTIVE', 15423.17),
(267, 21, 'Employee 267', '2019-11-26', 'ACTIVE', 5525.6),
(268, 5, 'Employee 268', '2018-12-04', 'ACTIVE', 10285.18),
(269, 23, 'Employee 269', '1997-12-17', 'ACTIVE', 4494.03),
(270, 19, 'Employee 270', '1975-04-23', 'ACTIVE', 9702.48),
(271, 29, 'Employee 271', '2020-10-28', 'ACTIVE', 9074.88),
(272, 20, 'Employee 272', '1981-12-29', 'ACTIVE', 5713.95),
(273, 21, 'Employee 273', '1995-11-01', 'ACTIVE', 11218.38),
(274, 17, 'Employee 274', '2018-03-15', 'ACTIVE', 12262.33),
(275, 16, 'Employee 275', '2000-04-01', 'ACTIVE', 10150.4),
(276, 17, 'Employee 276', '1982-10-05', 'ACTIVE', 13115.5),
(277, 26, 'Employee 277', '1998-12-20', 'ACTIVE', 13369.33),
(278, 13, 'Employee 278', '1991-08-23', 'ACTIVE', 7698.72),
(279, 28, 'Employee 279', '1997-04-20', 'ACTIVE', 6776.37),
(280, 25, 'Employee 280', '2010-05-04', 'ACTIVE', 6318.59),
(281, 11, 'Employee 281', '2025-02-04', 'ACTIVE', 7607.72),
(282, 4, 'Employee 282', '1997-06-24', 'ACTIVE', 7567.93),
(283, 27, 'Employee 283', '1983-08-20', 'ACTIVE', 9240.39),
(284, 23, 'Employee 284', '1978-08-23', 'ACTIVE', 10735.35),
(285, 13, 'Employee 285', '1990-05-03', 'ACTIVE', 8348.41),
(286, 7, 'Employee 286', '1987-02-10', 'ACTIVE', 12240.33),
(287, 29, 'Employee 287', '1977-10-14', 'ACTIVE', 6781.28),
(288, 3, 'Employee 288', '2008-06-15', 'ACTIVE', 14047.0),
(289, 4, 'Employee 289', '1999-01-03', 'ACTIVE', 13227.7),
(290, 6, 'Employee 290', '2009-11-03', 'ACTIVE', 4643.9),
(291, 19, 'Employee 291', '2014-11-09', 'ACTIVE', 13955.55),
(292, 9, 'Employee 292', '2001-10-18', 'ACTIVE', 15774.72),
(293, 10, 'Employee 293', '2010-06-03', 'ACTIVE', 13732.05),
(294, 20, 'Employee 294', '2011-01-30', 'ACTIVE', 5246.73),
(295, 18, 'Employee 295', '1998-09-17', 'ACTIVE', 7234.74),
(296, 18, 'Employee 296', '1984-02-25', 'ACTIVE', 15531.68),
(297, 19, 'Employee 297', '2012-11-27', 'ACTIVE', 12121.44),
(298, 16, 'Employee 298', '1980-03-02', 'ACTIVE', 14565.94),
(299, 4, 'Employee 299', '2012-10-26', 'ACTIVE', 12811.55),
(300, 2, 'Employee 300', '1975-12-16', 'ACTIVE', 6979.54),
(301, 25, 'Employee 301', '1995-05-27', 'ACTIVE', 5316.2),
(302, 15, 'Employee 302', '2003-11-18', 'ACTIVE', 9902.54),
(303, 16, 'Employee 303', '1985-07-11', 'ACTIVE', 13181.89),
(304, 18, 'Employee 304', '2020-09-26', 'ACTIVE', 4183.95),
(305, 9, 'Employee 305', '1995-09-17', 'ACTIVE', 13010.32),
(306, 29, 'Employee 306', '1986-05-21', 'ACTIVE', 10264.56),
(307, 17, 'Employee 307', '1995-11-29', 'ACTIVE', 5810.79),
(308, 2, 'Employee 308', '1991-11-01', 'ACTIVE', 10627.33),
(309, 19, 'Employee 309', '2019-10-29', 'ACTIVE', 6772.93),
(310, 28, 'Employee 310', '1991-06-12', 'ACTIVE', 5561.21),
(311, 28, 'Employee 311', '2019-08-20', 'ACTIVE', 15623.97),
(312, 28, 'Employee 312', '2004-09-15', 'ACTIVE', 4336.62),
(313, 30, 'Employee 313', '1989-05-16', 'ACTIVE', 6150.6),
(314, 9, 'Employee 314', '1989-08-24', 'ACTIVE', 11441.02),
(315, 13, 'Employee 315', '1978-10-27', 'ACTIVE', 9262.52),
(316, 12, 'Employee 316', '1987-12-18', 'ACTIVE', 4657.6),
(317, 28, 'Employee 317', '1978-09-01', 'ACTIVE', 10324.81),
(318, 21, 'Employee 318', '2018-10-31', 'ACTIVE', 8832.87),
(319, 9, 'Employee 319', '2013-09-23', 'ACTIVE', 14029.03),
(320, 10, 'Employee 320', '1976-10-18', 'ACTIVE', 8642.09),
(321, 2, 'Employee 321', '1979-08-01', 'ACTIVE', 14311.71),
(322, 28, 'Employee 322', '1982-08-15', 'ACTIVE', 7903.5),
(323, 23, 'Employee 323', '1989-05-30', 'ACTIVE', 10845.25),
(324, 28, 'Employee 324', '1987-03-06', 'ACTIVE', 7975.21),
(325, 13, 'Employee 325', '2019-05-02', 'ACTIVE', 8657.14),
(326, 26, 'Employee 326', '2025-07-07', 'ACTIVE', 12542.58),
(327, 23, 'Employee 327', '2005-03-29', 'ACTIVE', 12327.67),
(328, 14, 'Employee 328', '2024-02-21', 'ACTIVE', 8645.89),
(329, 28, 'Employee 329', '2022-05-21', 'ACTIVE', 5898.92),
(330, 20, 'Employee 330', '1998-03-01', 'ACTIVE', 6384.64),
(331, 12, 'Employee 331', '2003-11-22', 'ACTIVE', 7674.07),
(332, 9, 'Employee 332', '1980-12-16', 'ACTIVE', 14901.14),
(333, 13, 'Employee 333', '2025-08-07', 'ACTIVE', 14141.83),
(334, 21, 'Employee 334', '2023-04-25', 'ACTIVE', 14364.67),
(335, 21, 'Employee 335', '2014-09-19', 'ACTIVE', 10785.82),
(336, 20, 'Employee 336', '2022-12-17', 'ACTIVE', 14526.99),
(337, 5, 'Employee 337', '2020-12-30', 'ACTIVE', 9350.82),
(338, 17, 'Employee 338', '2005-11-30', 'ACTIVE', 9560.98),
(339, 29, 'Employee 339', '1992-11-10', 'ACTIVE', 10932.71),
(340, 18, 'Employee 340', '1983-05-19', 'ACTIVE', 6296.92),
(341, 11, 'Employee 341', '2020-05-18', 'ACTIVE', 15481.83),
(342, 17, 'Employee 342', '2002-08-06', 'ACTIVE', 8598.63),
(343, 2, 'Employee 343', '2005-07-03', 'ACTIVE', 13395.51),
(344, 13, 'Employee 344', '2014-07-20', 'ACTIVE', 12442.23),
(345, 13, 'Employee 345', '1975-12-07', 'ACTIVE', 4019.22),
(346, 3, 'Employee 346', '2009-10-03', 'ACTIVE', 9215.45),
(347, 7, 'Employee 347', '2014-10-03', 'ACTIVE', 7761.79),
(348, 25, 'Employee 348', '1988-05-09', 'ACTIVE', 14432.14),
(349, 15, 'Employee 349', '2020-10-01', 'ACTIVE', 5483.9),
(350, 2, 'Employee 350', '2014-07-09', 'ACTIVE', 11641.06),
(351, 12, 'Employee 351', '2009-10-14', 'ACTIVE', 6787.91),
(352, 23, 'Employee 352', '2003-05-06', 'ACTIVE', 4703.97),
(353, 18, 'Employee 353', '1976-05-01', 'ACTIVE', 12041.12),
(354, 29, 'Employee 354', '1997-05-13', 'ACTIVE', 4155.77),
(355, 30, 'Employee 355', '2022-10-24', 'ACTIVE', 11216.28),
(356, 18, 'Employee 356', '1978-08-28', 'ACTIVE', 8413.58),
(357, 11, 'Employee 357', '2023-10-31', 'ACTIVE', 11527.13),
(358, 10, 'Employee 358', '1979-05-14', 'ACTIVE', 8513.1),
(359, 20, 'Employee 359', '1977-10-30', 'ACTIVE', 9113.97),
(360, 5, 'Employee 360', '1991-06-06', 'ACTIVE', 4150.61),
(361, 29, 'Employee 361', '2026-02-05', 'ACTIVE', 15357.36),
(362, 7, 'Employee 362', '1980-08-23', 'ACTIVE', 10640.43),
(363, 22, 'Employee 363', '1987-01-13', 'ACTIVE', 12028.37),
(364, 9, 'Employee 364', '1997-11-17', 'ACTIVE', 5357.8),
(365, 24, 'Employee 365', '2013-02-28', 'ACTIVE', 9722.21),
(366, 6, 'Employee 366', '1992-09-10', 'ACTIVE', 9853.73),
(367, 15, 'Employee 367', '2026-04-14', 'ACTIVE', 4598.17),
(368, 3, 'Employee 368', '1975-07-06', 'ACTIVE', 4038.56),
(369, 29, 'Employee 369', '1978-03-01', 'ACTIVE', 4385.57),
(370, 20, 'Employee 370', '2002-06-27', 'ACTIVE', 13749.25),
(371, 9, 'Employee 371', '2001-07-02', 'ACTIVE', 4657.75),
(372, 13, 'Employee 372', '2005-05-07', 'ACTIVE', 8241.03),
(373, 25, 'Employee 373', '1977-06-27', 'ACTIVE', 7652.04),
(374, 9, 'Employee 374', '1991-05-18', 'ACTIVE', 10460.46),
(375, 6, 'Employee 375', '2025-05-09', 'ACTIVE', 7715.98),
(376, 12, 'Employee 376', '1989-11-06', 'ACTIVE', 10109.9),
(377, 13, 'Employee 377', '2005-06-26', 'ACTIVE', 14365.19),
(378, 4, 'Employee 378', '2007-09-11', 'ACTIVE', 8447.41),
(379, 5, 'Employee 379', '2002-02-18', 'ACTIVE', 8631.56),
(380, 8, 'Employee 380', '1986-10-12', 'ACTIVE', 14735.44),
(381, 17, 'Employee 381', '2025-07-23', 'ACTIVE', 9096.27),
(382, 17, 'Employee 382', '2002-12-23', 'ACTIVE', 14173.49),
(383, 25, 'Employee 383', '1980-04-04', 'ACTIVE', 6022.82),
(384, 26, 'Employee 384', '1996-10-06', 'ACTIVE', 4950.69),
(385, 28, 'Employee 385', '2025-03-16', 'ACTIVE', 12736.06),
(386, 27, 'Employee 386', '1977-04-05', 'ACTIVE', 9953.15),
(387, 28, 'Employee 387', '1993-07-13', 'ACTIVE', 14943.02),
(388, 12, 'Employee 388', '2026-01-02', 'ACTIVE', 4299.68),
(389, 26, 'Employee 389', '1994-03-01', 'ACTIVE', 13558.37),
(390, 8, 'Employee 390', '1977-03-26', 'ACTIVE', 9163.01),
(391, 19, 'Employee 391', '2014-02-13', 'ACTIVE', 8420.26),
(392, 13, 'Employee 392', '1994-04-11', 'ACTIVE', 15312.6),
(393, 3, 'Employee 393', '1980-06-24', 'ACTIVE', 13966.28),
(394, 1, 'Employee 394', '2009-10-11', 'ACTIVE', 14317.37),
(395, 16, 'Employee 395', '2009-04-09', 'ACTIVE', 10168.28),
(396, 28, 'Employee 396', '2025-03-10', 'ACTIVE', 5919.09),
(397, 12, 'Employee 397', '1987-07-08', 'ACTIVE', 11005.92),
(398, 10, 'Employee 398', '1996-06-10', 'ACTIVE', 13296.35),
(399, 30, 'Employee 399', '1977-12-30', 'ACTIVE', 12506.08),
(400, 8, 'Employee 400', '1990-07-13', 'ACTIVE', 10818.14),
(401, 6, 'Employee 401', '2022-09-04', 'ACTIVE', 10211.13),
(402, 10, 'Employee 402', '1979-12-26', 'ACTIVE', 14802.38),
(403, 19, 'Employee 403', '2007-05-12', 'ACTIVE', 15390.5),
(404, 17, 'Employee 404', '1975-12-08', 'ACTIVE', 4724.1),
(405, 14, 'Employee 405', '1993-09-25', 'ACTIVE', 10495.86),
(406, 25, 'Employee 406', '1981-02-21', 'ACTIVE', 7138.47),
(407, 30, 'Employee 407', '1998-01-09', 'ACTIVE', 10174.32),
(408, 13, 'Employee 408', '2006-05-24', 'ACTIVE', 14790.38),
(409, 20, 'Employee 409', '2011-01-12', 'ACTIVE', 12667.82),
(410, 17, 'Employee 410', '1996-06-10', 'ACTIVE', 13225.18),
(411, 9, 'Employee 411', '2004-01-07', 'ACTIVE', 9729.98),
(412, 4, 'Employee 412', '2017-07-29', 'ACTIVE', 7240.91),
(413, 16, 'Employee 413', '1985-03-14', 'ACTIVE', 9129.77),
(414, 4, 'Employee 414', '2002-12-01', 'ACTIVE', 7460.56),
(415, 20, 'Employee 415', '2016-06-29', 'ACTIVE', 4090.35),
(416, 6, 'Employee 416', '1975-01-04', 'ACTIVE', 7991.12),
(417, 18, 'Employee 417', '1982-09-08', 'ACTIVE', 12402.69),
(418, 27, 'Employee 418', '1995-06-24', 'ACTIVE', 14245.14),
(419, 25, 'Employee 419', '1997-03-30', 'ACTIVE', 13314.7),
(420, 26, 'Employee 420', '2025-02-11', 'ACTIVE', 7479.55),
(421, 18, 'Employee 421', '1991-06-19', 'ACTIVE', 9117.7),
(422, 9, 'Employee 422', '2015-08-03', 'ACTIVE', 14345.48),
(423, 7, 'Employee 423', '1975-01-21', 'ACTIVE', 5779.6),
(424, 23, 'Employee 424', '2008-10-13', 'ACTIVE', 5080.8),
(425, 5, 'Employee 425', '2024-06-28', 'ACTIVE', 7817.53),
(426, 19, 'Employee 426', '2009-12-27', 'ACTIVE', 11938.55),
(427, 14, 'Employee 427', '1997-10-04', 'ACTIVE', 12662.22),
(428, 24, 'Employee 428', '1980-11-20', 'ACTIVE', 14757.03),
(429, 20, 'Employee 429', '1986-05-28', 'ACTIVE', 10938.34),
(430, 28, 'Employee 430', '1994-06-15', 'ACTIVE', 5811.76),
(431, 4, 'Employee 431', '2022-03-31', 'ACTIVE', 4072.98),
(432, 13, 'Employee 432', '1997-04-01', 'ACTIVE', 15324.35),
(433, 10, 'Employee 433', '1992-04-17', 'ACTIVE', 15365.66),
(434, 20, 'Employee 434', '1980-10-06', 'ACTIVE', 7989.11),
(435, 21, 'Employee 435', '2002-08-07', 'ACTIVE', 12460.06),
(436, 1, 'Employee 436', '1979-11-12', 'ACTIVE', 13154.69),
(437, 29, 'Employee 437', '2023-10-21', 'ACTIVE', 14223.22),
(438, 19, 'Employee 438', '1985-04-26', 'ACTIVE', 5502.13),
(439, 3, 'Employee 439', '2019-04-27', 'ACTIVE', 8816.49),
(440, 20, 'Employee 440', '2001-06-08', 'ACTIVE', 9311.2),
(441, 21, 'Employee 441', '2004-04-04', 'ACTIVE', 10040.62),
(442, 29, 'Employee 442', '1982-01-18', 'ACTIVE', 5604.36),
(443, 28, 'Employee 443', '1983-06-30', 'ACTIVE', 10439.69),
(444, 19, 'Employee 444', '1999-05-20', 'ACTIVE', 10739.94),
(445, 18, 'Employee 445', '1984-10-23', 'ACTIVE', 13990.92),
(446, 11, 'Employee 446', '1983-08-27', 'ACTIVE', 12046.71),
(447, 2, 'Employee 447', '2017-01-01', 'ACTIVE', 10226.04),
(448, 29, 'Employee 448', '1983-03-17', 'ACTIVE', 9634.82),
(449, 8, 'Employee 449', '2025-11-16', 'ACTIVE', 13830.74),
(450, 4, 'Employee 450', '2006-04-24', 'ACTIVE', 12178.18),
(451, 8, 'Employee 451', '1997-01-16', 'ACTIVE', 7263.05),
(452, 27, 'Employee 452', '1988-03-07', 'ACTIVE', 11857.92),
(453, 26, 'Employee 453', '1996-08-04', 'ACTIVE', 9138.6),
(454, 18, 'Employee 454', '2002-08-20', 'ACTIVE', 7255.36),
(455, 2, 'Employee 455', '1979-06-18', 'ACTIVE', 4805.35),
(456, 1, 'Employee 456', '1977-05-04', 'ACTIVE', 9699.32),
(457, 4, 'Employee 457', '1979-03-16', 'ACTIVE', 14884.58),
(458, 29, 'Employee 458', '1994-02-13', 'ACTIVE', 4624.17),
(459, 3, 'Employee 459', '2009-09-08', 'ACTIVE', 7559.37),
(460, 27, 'Employee 460', '1985-02-15', 'ACTIVE', 10884.39),
(461, 29, 'Employee 461', '2014-11-24', 'ACTIVE', 7028.94),
(462, 4, 'Employee 462', '2010-03-13', 'ACTIVE', 15440.51),
(463, 9, 'Employee 463', '1998-07-25', 'ACTIVE', 8249.45),
(464, 24, 'Employee 464', '1997-03-29', 'ACTIVE', 6146.98),
(465, 18, 'Employee 465', '2007-02-21', 'ACTIVE', 7868.54),
(466, 8, 'Employee 466', '1981-08-05', 'ACTIVE', 12224.35),
(467, 30, 'Employee 467', '1975-03-21', 'ACTIVE', 13601.48),
(468, 24, 'Employee 468', '1985-09-17', 'ACTIVE', 13352.96),
(469, 6, 'Employee 469', '2002-09-10', 'ACTIVE', 4449.3),
(470, 18, 'Employee 470', '2020-03-03', 'ACTIVE', 10523.55),
(471, 11, 'Employee 471', '2006-02-28', 'ACTIVE', 15606.69),
(472, 21, 'Employee 472', '2025-01-04', 'ACTIVE', 8098.59),
(473, 15, 'Employee 473', '1986-01-12', 'ACTIVE', 6722.43),
(474, 1, 'Employee 474', '1986-02-05', 'ACTIVE', 14383.21),
(475, 25, 'Employee 475', '2011-12-11', 'ACTIVE', 8919.9),
(476, 16, 'Employee 476', '2024-04-27', 'ACTIVE', 12130.23),
(477, 13, 'Employee 477', '1994-03-13', 'ACTIVE', 12537.83),
(478, 18, 'Employee 478', '1992-08-20', 'ACTIVE', 14351.33),
(479, 23, 'Employee 479', '2016-09-18', 'ACTIVE', 11251.48),
(480, 9, 'Employee 480', '1994-05-31', 'ACTIVE', 14949.65),
(481, 19, 'Employee 481', '1983-03-11', 'ACTIVE', 8978.01),
(482, 5, 'Employee 482', '1995-11-07', 'ACTIVE', 6071.39),
(483, 19, 'Employee 483', '1993-05-11', 'ACTIVE', 7801.16),
(484, 26, 'Employee 484', '1975-03-20', 'ACTIVE', 12262.27),
(485, 18, 'Employee 485', '2020-06-24', 'ACTIVE', 10016.1),
(486, 20, 'Employee 486', '1994-07-18', 'ACTIVE', 8655.97),
(487, 1, 'Employee 487', '2009-03-16', 'ACTIVE', 13144.85),
(488, 11, 'Employee 488', '2007-02-15', 'ACTIVE', 10769.51),
(489, 28, 'Employee 489', '1976-03-26', 'ACTIVE', 15317.6),
(490, 13, 'Employee 490', '1991-01-21', 'ACTIVE', 15171.44),
(491, 13, 'Employee 491', '2007-09-13', 'ACTIVE', 5077.3),
(492, 1, 'Employee 492', '2005-04-11', 'ACTIVE', 13894.04),
(493, 30, 'Employee 493', '2010-01-21', 'ACTIVE', 7972.15),
(494, 20, 'Employee 494', '1979-05-20', 'ACTIVE', 5649.08),
(495, 13, 'Employee 495', '1980-09-08', 'ACTIVE', 7289.11),
(496, 3, 'Employee 496', '1976-11-17', 'ACTIVE', 15342.38),
(497, 11, 'Employee 497', '2012-10-26', 'ACTIVE', 8875.09),
(498, 25, 'Employee 498', '1998-09-28', 'ACTIVE', 15840.9),
(499, 10, 'Employee 499', '1991-05-10', 'ACTIVE', 8100.21),
(500, 2, 'Employee 500', '2003-05-29', 'ACTIVE', 4381.76);

INSERT INTO fact_enrollments (enrollment_id, employee_id, product_id, enrollment_date, status) VALUES
(1, 102, 2, '2024-12-31', 'ACTIVE'),
(2, 386, 1, '2022-11-17', 'ACTIVE'),
(3, 102, 3, '2024-01-30', 'ACTIVE'),
(4, 197, 4, '2024-09-25', 'ACTIVE'),
(5, 459, 4, '2025-03-24', 'ACTIVE'),
(6, 239, 3, '2022-11-15', 'ACTIVE'),
(7, 431, 4, '2022-03-19', 'ACTIVE'),
(8, 36, 1, '2026-02-07', 'ACTIVE'),
(9, 166, 1, '2025-04-03', 'ACTIVE'),
(10, 341, 3, '2022-04-30', 'ACTIVE'),
(11, 139, 1, '2025-09-27', 'ACTIVE'),
(12, 65, 3, '2025-01-05', 'ACTIVE'),
(13, 52, 4, '2023-10-31', 'ACTIVE'),
(14, 89, 1, '2024-03-11', 'ACTIVE'),
(15, 252, 4, '2023-11-20', 'ACTIVE'),
(16, 269, 4, '2024-03-02', 'ACTIVE'),
(17, 336, 1, '2022-08-23', 'ACTIVE'),
(18, 4, 4, '2025-09-03', 'ACTIVE'),
(19, 145, 2, '2023-07-03', 'ACTIVE'),
(20, 477, 3, '2025-10-02', 'ACTIVE'),
(21, 37, 5, '2022-07-23', 'ACTIVE'),
(22, 394, 4, '2022-02-12', 'ACTIVE'),
(23, 372, 4, '2022-10-13', 'ACTIVE'),
(24, 313, 4, '2024-09-26', 'ACTIVE'),
(25, 223, 3, '2023-12-27', 'ACTIVE'),
(26, 303, 1, '2022-09-05', 'ACTIVE'),
(27, 89, 3, '2025-07-26', 'ACTIVE'),
(28, 474, 1, '2023-01-15', 'ACTIVE'),
(29, 166, 4, '2023-04-10', 'ACTIVE'),
(30, 245, 1, '2023-07-14', 'ACTIVE'),
(31, 246, 3, '2024-07-25', 'ACTIVE'),
(32, 136, 5, '2023-01-28', 'ACTIVE'),
(33, 191, 3, '2024-08-08', 'ACTIVE'),
(34, 174, 5, '2024-08-13', 'ACTIVE'),
(35, 207, 3, '2026-02-16', 'ACTIVE'),
(36, 101, 2, '2024-12-29', 'ACTIVE'),
(37, 121, 2, '2022-10-25', 'ACTIVE'),
(38, 477, 2, '2022-07-25', 'ACTIVE'),
(39, 248, 3, '2022-12-12', 'ACTIVE'),
(40, 45, 4, '2024-08-16', 'ACTIVE'),
(41, 35, 4, '2026-03-28', 'ACTIVE'),
(42, 480, 4, '2024-03-04', 'ACTIVE'),
(43, 423, 2, '2026-04-19', 'ACTIVE'),
(44, 484, 5, '2024-12-28', 'ACTIVE'),
(45, 384, 2, '2025-01-16', 'ACTIVE'),
(46, 70, 4, '2023-05-19', 'ACTIVE'),
(47, 306, 3, '2024-08-15', 'ACTIVE'),
(48, 181, 1, '2025-01-29', 'ACTIVE'),
(49, 140, 1, '2023-08-07', 'ACTIVE'),
(50, 258, 5, '2025-06-14', 'ACTIVE'),
(51, 420, 1, '2024-03-05', 'ACTIVE'),
(52, 310, 3, '2024-05-03', 'ACTIVE'),
(53, 246, 5, '2022-12-20', 'ACTIVE'),
(54, 96, 3, '2025-04-13', 'ACTIVE'),
(55, 320, 1, '2022-04-04', 'ACTIVE'),
(56, 265, 3, '2022-09-05', 'ACTIVE'),
(57, 18, 5, '2025-12-11', 'ACTIVE'),
(58, 27, 2, '2023-11-25', 'ACTIVE'),
(59, 208, 4, '2026-01-20', 'ACTIVE'),
(60, 208, 2, '2023-11-01', 'ACTIVE'),
(61, 232, 2, '2026-02-13', 'ACTIVE'),
(62, 26, 3, '2023-06-28', 'ACTIVE'),
(63, 430, 3, '2025-12-07', 'ACTIVE'),
(64, 427, 1, '2022-06-05', 'ACTIVE'),
(65, 422, 1, '2024-03-11', 'ACTIVE'),
(66, 5, 3, '2024-02-03', 'ACTIVE'),
(67, 116, 3, '2025-01-16', 'ACTIVE'),
(68, 496, 2, '2023-12-07', 'ACTIVE'),
(69, 319, 4, '2025-06-19', 'ACTIVE'),
(70, 492, 2, '2023-10-02', 'ACTIVE'),
(71, 209, 1, '2026-03-18', 'ACTIVE'),
(72, 41, 3, '2023-12-19', 'ACTIVE'),
(73, 257, 5, '2022-03-27', 'ACTIVE'),
(74, 132, 1, '2023-08-11', 'ACTIVE'),
(75, 74, 5, '2024-03-08', 'ACTIVE'),
(76, 158, 2, '2022-01-28', 'ACTIVE'),
(77, 482, 3, '2023-11-28', 'ACTIVE'),
(78, 472, 3, '2024-11-04', 'ACTIVE'),
(79, 300, 3, '2024-05-08', 'ACTIVE'),
(80, 369, 5, '2025-09-15', 'ACTIVE'),
(81, 346, 4, '2024-02-23', 'ACTIVE'),
(82, 258, 3, '2023-10-10', 'ACTIVE'),
(83, 33, 1, '2022-03-10', 'ACTIVE'),
(84, 234, 5, '2022-03-13', 'ACTIVE'),
(85, 73, 5, '2024-10-05', 'ACTIVE'),
(86, 393, 2, '2024-05-15', 'ACTIVE'),
(87, 426, 1, '2026-02-11', 'ACTIVE'),
(88, 180, 4, '2023-05-13', 'ACTIVE'),
(89, 12, 2, '2025-02-21', 'ACTIVE'),
(90, 6, 5, '2023-09-05', 'ACTIVE'),
(91, 424, 5, '2024-04-21', 'ACTIVE'),
(92, 482, 4, '2022-03-10', 'ACTIVE'),
(93, 407, 1, '2025-01-03', 'ACTIVE'),
(94, 453, 4, '2022-04-04', 'ACTIVE'),
(95, 439, 4, '2024-02-19', 'ACTIVE'),
(96, 352, 5, '2023-04-24', 'ACTIVE'),
(97, 373, 3, '2024-05-02', 'ACTIVE'),
(98, 147, 5, '2023-11-20', 'ACTIVE'),
(99, 154, 2, '2022-07-19', 'ACTIVE'),
(100, 479, 2, '2025-09-26', 'ACTIVE'),
(101, 327, 5, '2022-02-11', 'ACTIVE'),
(102, 289, 2, '2024-08-17', 'ACTIVE'),
(103, 422, 5, '2024-05-15', 'ACTIVE'),
(104, 200, 2, '2022-02-17', 'ACTIVE'),
(105, 368, 4, '2024-12-10', 'ACTIVE'),
(106, 217, 1, '2023-07-22', 'ACTIVE'),
(107, 119, 2, '2024-12-15', 'ACTIVE'),
(108, 209, 2, '2022-10-07', 'ACTIVE'),
(109, 130, 1, '2023-11-13', 'ACTIVE'),
(110, 145, 4, '2026-04-03', 'ACTIVE'),
(111, 134, 2, '2022-09-26', 'ACTIVE'),
(112, 137, 4, '2025-12-26', 'ACTIVE'),
(113, 179, 5, '2025-05-20', 'ACTIVE'),
(114, 173, 2, '2025-11-25', 'ACTIVE'),
(115, 339, 2, '2025-02-19', 'ACTIVE'),
(116, 85, 2, '2025-11-14', 'ACTIVE'),
(117, 447, 2, '2023-11-08', 'ACTIVE'),
(118, 175, 3, '2022-10-25', 'ACTIVE'),
(119, 438, 4, '2023-10-09', 'ACTIVE'),
(120, 397, 1, '2025-08-06', 'ACTIVE'),
(121, 301, 2, '2025-09-08', 'ACTIVE'),
(122, 118, 3, '2022-02-17', 'ACTIVE'),
(123, 265, 1, '2022-06-04', 'ACTIVE'),
(124, 34, 2, '2025-10-06', 'ACTIVE'),
(125, 368, 5, '2023-09-27', 'ACTIVE'),
(126, 461, 5, '2022-09-10', 'ACTIVE'),
(127, 282, 2, '2024-01-15', 'ACTIVE'),
(128, 307, 5, '2025-07-29', 'ACTIVE'),
(129, 254, 3, '2026-04-08', 'ACTIVE'),
(130, 440, 5, '2023-08-05', 'ACTIVE'),
(131, 28, 5, '2025-09-15', 'ACTIVE'),
(132, 477, 5, '2023-05-11', 'ACTIVE'),
(133, 168, 1, '2022-03-07', 'ACTIVE'),
(134, 214, 4, '2022-09-16', 'ACTIVE'),
(135, 250, 1, '2022-07-04', 'ACTIVE'),
(136, 290, 4, '2022-05-23', 'ACTIVE'),
(137, 229, 3, '2025-04-25', 'ACTIVE'),
(138, 468, 4, '2023-01-11', 'ACTIVE'),
(139, 211, 4, '2025-01-28', 'ACTIVE'),
(140, 219, 1, '2025-10-18', 'ACTIVE'),
(141, 307, 4, '2025-01-14', 'ACTIVE'),
(142, 245, 1, '2022-04-24', 'ACTIVE'),
(143, 314, 4, '2022-06-15', 'ACTIVE'),
(144, 286, 3, '2025-01-23', 'ACTIVE'),
(145, 90, 5, '2023-11-13', 'ACTIVE'),
(146, 228, 4, '2023-10-05', 'ACTIVE'),
(147, 45, 4, '2023-04-02', 'ACTIVE'),
(148, 369, 2, '2023-05-21', 'ACTIVE'),
(149, 444, 3, '2023-09-24', 'ACTIVE'),
(150, 329, 4, '2025-09-15', 'ACTIVE'),
(151, 308, 2, '2025-11-02', 'ACTIVE'),
(152, 175, 2, '2025-05-29', 'ACTIVE'),
(153, 270, 5, '2025-10-15', 'ACTIVE'),
(154, 183, 1, '2024-08-20', 'ACTIVE'),
(155, 408, 1, '2023-07-21', 'ACTIVE'),
(156, 427, 4, '2023-03-24', 'ACTIVE'),
(157, 408, 1, '2023-09-26', 'ACTIVE'),
(158, 461, 1, '2025-04-18', 'ACTIVE'),
(159, 74, 5, '2025-01-29', 'ACTIVE'),
(160, 463, 1, '2022-03-26', 'ACTIVE'),
(161, 133, 3, '2022-08-09', 'ACTIVE'),
(162, 417, 2, '2024-10-13', 'ACTIVE'),
(163, 162, 1, '2022-09-22', 'ACTIVE'),
(164, 323, 2, '2022-05-09', 'ACTIVE'),
(165, 305, 4, '2024-03-26', 'ACTIVE'),
(166, 438, 5, '2023-10-18', 'ACTIVE'),
(167, 264, 4, '2022-11-16', 'ACTIVE'),
(168, 97, 1, '2023-10-03', 'ACTIVE'),
(169, 257, 3, '2024-02-14', 'ACTIVE'),
(170, 353, 3, '2023-11-03', 'ACTIVE'),
(171, 349, 2, '2025-01-04', 'ACTIVE'),
(172, 197, 2, '2024-11-04', 'ACTIVE'),
(173, 250, 5, '2022-04-18', 'ACTIVE'),
(174, 91, 4, '2025-06-29', 'ACTIVE'),
(175, 136, 2, '2024-10-06', 'ACTIVE'),
(176, 117, 3, '2022-07-12', 'ACTIVE'),
(177, 439, 2, '2025-09-09', 'ACTIVE'),
(178, 418, 1, '2023-02-26', 'ACTIVE'),
(179, 100, 3, '2024-04-26', 'ACTIVE'),
(180, 172, 1, '2024-04-20', 'ACTIVE'),
(181, 217, 3, '2026-02-15', 'ACTIVE'),
(182, 370, 2, '2023-01-17', 'ACTIVE'),
(183, 349, 2, '2024-05-18', 'ACTIVE'),
(184, 433, 4, '2024-10-12', 'ACTIVE'),
(185, 414, 4, '2023-12-23', 'ACTIVE'),
(186, 80, 5, '2025-08-28', 'ACTIVE'),
(187, 153, 4, '2024-11-08', 'ACTIVE'),
(188, 249, 5, '2022-07-19', 'ACTIVE'),
(189, 4, 1, '2022-02-09', 'ACTIVE'),
(190, 54, 4, '2022-07-25', 'ACTIVE'),
(191, 481, 4, '2023-05-25', 'ACTIVE'),
(192, 45, 5, '2022-12-08', 'ACTIVE'),
(193, 392, 2, '2024-11-29', 'ACTIVE'),
(194, 200, 4, '2024-01-04', 'ACTIVE'),
(195, 132, 5, '2024-02-22', 'ACTIVE'),
(196, 129, 4, '2022-05-09', 'ACTIVE'),
(197, 272, 5, '2025-09-10', 'ACTIVE'),
(198, 201, 3, '2025-06-22', 'ACTIVE'),
(199, 209, 4, '2024-06-08', 'ACTIVE'),
(200, 423, 3, '2023-02-13', 'ACTIVE'),
(201, 459, 4, '2023-08-15', 'ACTIVE'),
(202, 134, 1, '2023-08-02', 'ACTIVE'),
(203, 307, 3, '2022-09-19', 'ACTIVE'),
(204, 152, 5, '2022-06-27', 'ACTIVE'),
(205, 268, 4, '2023-04-28', 'ACTIVE'),
(206, 12, 5, '2023-03-27', 'ACTIVE'),
(207, 136, 2, '2025-09-22', 'ACTIVE'),
(208, 417, 5, '2022-01-29', 'ACTIVE'),
(209, 194, 5, '2023-05-16', 'ACTIVE'),
(210, 306, 5, '2023-02-04', 'ACTIVE'),
(211, 328, 3, '2024-07-24', 'ACTIVE'),
(212, 447, 1, '2023-08-24', 'ACTIVE'),
(213, 114, 4, '2022-11-24', 'ACTIVE'),
(214, 168, 2, '2024-08-10', 'ACTIVE'),
(215, 81, 1, '2022-04-28', 'ACTIVE'),
(216, 159, 5, '2022-05-22', 'ACTIVE'),
(217, 18, 4, '2025-06-01', 'ACTIVE'),
(218, 344, 2, '2022-07-18', 'ACTIVE'),
(219, 27, 1, '2023-12-16', 'ACTIVE'),
(220, 421, 5, '2026-03-29', 'ACTIVE'),
(221, 317, 5, '2022-11-19', 'ACTIVE'),
(222, 94, 3, '2024-10-29', 'ACTIVE'),
(223, 266, 4, '2024-05-10', 'ACTIVE'),
(224, 142, 3, '2024-09-19', 'ACTIVE'),
(225, 465, 1, '2025-07-11', 'ACTIVE'),
(226, 445, 5, '2024-05-15', 'ACTIVE'),
(227, 85, 2, '2025-01-03', 'ACTIVE'),
(228, 49, 1, '2024-12-03', 'ACTIVE'),
(229, 113, 5, '2024-05-26', 'ACTIVE'),
(230, 400, 3, '2024-06-23', 'ACTIVE'),
(231, 277, 5, '2025-06-25', 'ACTIVE'),
(232, 347, 1, '2022-11-30', 'ACTIVE'),
(233, 427, 2, '2022-06-15', 'ACTIVE'),
(234, 273, 1, '2023-08-13', 'ACTIVE'),
(235, 149, 1, '2024-11-01', 'ACTIVE'),
(236, 139, 3, '2026-01-22', 'ACTIVE'),
(237, 58, 5, '2022-05-01', 'ACTIVE'),
(238, 165, 2, '2023-05-26', 'ACTIVE'),
(239, 243, 4, '2022-08-27', 'ACTIVE'),
(240, 2, 1, '2025-07-07', 'ACTIVE'),
(241, 392, 5, '2024-10-11', 'ACTIVE'),
(242, 156, 5, '2022-04-11', 'ACTIVE'),
(243, 212, 4, '2022-03-19', 'ACTIVE'),
(244, 376, 4, '2024-05-08', 'ACTIVE'),
(245, 277, 3, '2024-02-12', 'ACTIVE'),
(246, 92, 4, '2025-12-27', 'ACTIVE'),
(247, 43, 4, '2022-07-19', 'ACTIVE'),
(248, 202, 1, '2023-04-25', 'ACTIVE'),
(249, 339, 3, '2023-01-17', 'ACTIVE'),
(250, 137, 5, '2024-01-08', 'ACTIVE'),
(251, 383, 2, '2023-05-02', 'ACTIVE'),
(252, 158, 1, '2022-01-26', 'ACTIVE'),
(253, 17, 2, '2023-04-01', 'ACTIVE'),
(254, 246, 4, '2025-08-29', 'ACTIVE'),
(255, 179, 1, '2025-08-22', 'ACTIVE'),
(256, 429, 2, '2025-07-01', 'ACTIVE'),
(257, 29, 5, '2023-12-12', 'ACTIVE'),
(258, 446, 5, '2023-08-09', 'ACTIVE'),
(259, 438, 5, '2024-04-20', 'ACTIVE'),
(260, 23, 3, '2023-12-28', 'ACTIVE'),
(261, 301, 5, '2023-07-14', 'ACTIVE'),
(262, 308, 3, '2025-06-16', 'ACTIVE'),
(263, 276, 4, '2024-04-12', 'ACTIVE'),
(264, 62, 1, '2024-09-12', 'ACTIVE'),
(265, 230, 1, '2025-12-05', 'ACTIVE'),
(266, 160, 2, '2024-03-30', 'ACTIVE'),
(267, 21, 5, '2023-08-22', 'ACTIVE'),
(268, 215, 3, '2022-08-23', 'ACTIVE'),
(269, 332, 4, '2025-12-08', 'ACTIVE'),
(270, 280, 2, '2022-03-29', 'ACTIVE'),
(271, 119, 5, '2025-08-06', 'ACTIVE'),
(272, 151, 5, '2023-04-14', 'ACTIVE'),
(273, 43, 3, '2025-06-21', 'ACTIVE'),
(274, 182, 1, '2024-11-15', 'ACTIVE'),
(275, 69, 1, '2024-04-14', 'ACTIVE'),
(276, 114, 4, '2025-03-25', 'ACTIVE'),
(277, 229, 3, '2023-11-28', 'ACTIVE'),
(278, 14, 2, '2024-06-28', 'ACTIVE'),
(279, 215, 1, '2026-01-01', 'ACTIVE'),
(280, 213, 2, '2022-08-29', 'ACTIVE'),
(281, 261, 3, '2025-06-05', 'ACTIVE'),
(282, 404, 4, '2023-04-01', 'ACTIVE'),
(283, 201, 1, '2026-01-17', 'ACTIVE'),
(284, 471, 2, '2025-02-21', 'ACTIVE'),
(285, 498, 3, '2024-02-23', 'ACTIVE'),
(286, 307, 2, '2025-12-27', 'ACTIVE'),
(287, 204, 5, '2023-12-01', 'ACTIVE'),
(288, 372, 1, '2022-10-28', 'ACTIVE'),
(289, 478, 5, '2025-01-12', 'ACTIVE'),
(290, 498, 1, '2022-12-17', 'ACTIVE'),
(291, 238, 2, '2025-06-10', 'ACTIVE'),
(292, 220, 3, '2024-01-19', 'ACTIVE'),
(293, 217, 4, '2023-07-22', 'ACTIVE'),
(294, 103, 1, '2026-01-11', 'ACTIVE'),
(295, 236, 3, '2023-10-08', 'ACTIVE'),
(296, 9, 5, '2024-04-02', 'ACTIVE'),
(297, 11, 2, '2022-07-13', 'ACTIVE'),
(298, 107, 5, '2024-01-05', 'ACTIVE'),
(299, 428, 4, '2023-06-18', 'ACTIVE'),
(300, 2, 5, '2025-09-05', 'ACTIVE'),
(301, 431, 2, '2022-11-11', 'ACTIVE'),
(302, 412, 1, '2025-03-26', 'ACTIVE'),
(303, 231, 5, '2026-03-20', 'ACTIVE'),
(304, 115, 4, '2022-11-18', 'ACTIVE'),
(305, 99, 1, '2024-06-08', 'ACTIVE'),
(306, 207, 1, '2022-03-13', 'ACTIVE'),
(307, 135, 5, '2025-01-13', 'ACTIVE'),
(308, 241, 1, '2023-02-05', 'ACTIVE'),
(309, 237, 1, '2022-03-31', 'ACTIVE'),
(310, 431, 4, '2025-10-12', 'ACTIVE'),
(311, 316, 5, '2025-03-26', 'ACTIVE'),
(312, 82, 4, '2023-06-07', 'ACTIVE'),
(313, 485, 5, '2023-03-01', 'ACTIVE'),
(314, 365, 4, '2022-12-03', 'ACTIVE'),
(315, 404, 1, '2024-08-25', 'ACTIVE'),
(316, 168, 4, '2026-02-26', 'ACTIVE'),
(317, 401, 3, '2023-10-12', 'ACTIVE'),
(318, 100, 2, '2024-07-26', 'ACTIVE'),
(319, 138, 3, '2024-09-06', 'ACTIVE'),
(320, 307, 4, '2025-09-02', 'ACTIVE'),
(321, 120, 5, '2025-10-25', 'ACTIVE'),
(322, 483, 2, '2024-05-23', 'ACTIVE'),
(323, 266, 4, '2023-03-18', 'ACTIVE'),
(324, 77, 4, '2025-12-13', 'ACTIVE'),
(325, 251, 3, '2022-01-01', 'ACTIVE'),
(326, 91, 3, '2024-05-22', 'ACTIVE'),
(327, 150, 2, '2025-08-10', 'ACTIVE'),
(328, 262, 1, '2022-08-19', 'ACTIVE'),
(329, 349, 3, '2025-01-01', 'ACTIVE'),
(330, 197, 3, '2025-07-11', 'ACTIVE'),
(331, 55, 2, '2024-12-23', 'ACTIVE'),
(332, 161, 5, '2022-10-07', 'ACTIVE'),
(333, 228, 2, '2022-09-10', 'ACTIVE'),
(334, 137, 1, '2024-04-14', 'ACTIVE'),
(335, 229, 2, '2025-04-19', 'ACTIVE'),
(336, 30, 4, '2023-10-03', 'ACTIVE'),
(337, 314, 3, '2022-08-11', 'ACTIVE'),
(338, 202, 1, '2025-07-03', 'ACTIVE'),
(339, 306, 5, '2023-04-19', 'ACTIVE'),
(340, 168, 2, '2023-05-26', 'ACTIVE'),
(341, 426, 3, '2022-05-03', 'ACTIVE'),
(342, 182, 2, '2022-01-21', 'ACTIVE'),
(343, 413, 4, '2023-11-17', 'ACTIVE'),
(344, 40, 5, '2024-08-05', 'ACTIVE'),
(345, 379, 2, '2026-01-12', 'ACTIVE'),
(346, 375, 4, '2023-03-17', 'ACTIVE'),
(347, 134, 4, '2026-03-23', 'ACTIVE'),
(348, 249, 3, '2024-09-24', 'ACTIVE'),
(349, 12, 2, '2025-04-09', 'ACTIVE'),
(350, 339, 2, '2025-03-19', 'ACTIVE'),
(351, 46, 5, '2023-12-10', 'ACTIVE'),
(352, 227, 3, '2025-11-12', 'ACTIVE'),
(353, 351, 4, '2022-11-16', 'ACTIVE'),
(354, 437, 4, '2024-04-29', 'ACTIVE'),
(355, 401, 4, '2022-05-18', 'ACTIVE'),
(356, 149, 3, '2024-07-08', 'ACTIVE'),
(357, 277, 3, '2025-09-27', 'ACTIVE'),
(358, 491, 2, '2025-01-12', 'ACTIVE'),
(359, 290, 2, '2024-04-14', 'ACTIVE'),
(360, 431, 4, '2022-09-17', 'ACTIVE'),
(361, 404, 3, '2022-11-12', 'ACTIVE'),
(362, 306, 1, '2024-02-28', 'ACTIVE'),
(363, 122, 3, '2024-01-03', 'ACTIVE'),
(364, 430, 4, '2025-03-28', 'ACTIVE'),
(365, 304, 2, '2023-09-11', 'ACTIVE'),
(366, 93, 4, '2024-10-16', 'ACTIVE'),
(367, 120, 4, '2023-06-03', 'ACTIVE'),
(368, 289, 4, '2025-06-16', 'ACTIVE'),
(369, 433, 3, '2025-12-14', 'ACTIVE'),
(370, 414, 4, '2024-01-02', 'ACTIVE'),
(371, 141, 2, '2023-04-25', 'ACTIVE'),
(372, 296, 1, '2024-06-26', 'ACTIVE'),
(373, 397, 1, '2024-09-15', 'ACTIVE'),
(374, 78, 5, '2024-02-26', 'ACTIVE'),
(375, 370, 2, '2022-04-28', 'ACTIVE'),
(376, 443, 1, '2023-02-02', 'ACTIVE'),
(377, 496, 2, '2024-06-02', 'ACTIVE'),
(378, 457, 1, '2025-08-28', 'ACTIVE'),
(379, 331, 1, '2022-02-17', 'ACTIVE'),
(380, 71, 4, '2025-07-27', 'ACTIVE'),
(381, 152, 2, '2024-09-07', 'ACTIVE'),
(382, 34, 3, '2022-07-27', 'ACTIVE'),
(383, 374, 3, '2024-11-04', 'ACTIVE'),
(384, 214, 3, '2024-05-29', 'ACTIVE'),
(385, 395, 1, '2023-04-10', 'ACTIVE'),
(386, 95, 2, '2025-11-10', 'ACTIVE'),
(387, 135, 5, '2025-09-28', 'ACTIVE'),
(388, 306, 2, '2024-03-28', 'ACTIVE'),
(389, 30, 1, '2026-03-15', 'ACTIVE'),
(390, 445, 1, '2022-01-01', 'ACTIVE'),
(391, 326, 1, '2024-11-24', 'ACTIVE'),
(392, 164, 3, '2022-06-25', 'ACTIVE'),
(393, 217, 2, '2025-06-10', 'ACTIVE'),
(394, 5, 2, '2024-05-13', 'ACTIVE'),
(395, 337, 4, '2026-01-30', 'ACTIVE'),
(396, 164, 4, '2022-08-20', 'ACTIVE'),
(397, 311, 1, '2022-07-29', 'ACTIVE'),
(398, 42, 3, '2025-12-13', 'ACTIVE'),
(399, 379, 3, '2024-03-20', 'ACTIVE'),
(400, 303, 4, '2023-09-07', 'ACTIVE'),
(401, 488, 3, '2023-05-29', 'ACTIVE'),
(402, 126, 1, '2025-12-19', 'ACTIVE'),
(403, 176, 5, '2025-12-28', 'ACTIVE'),
(404, 435, 5, '2024-09-20', 'ACTIVE'),
(405, 171, 4, '2022-07-05', 'ACTIVE'),
(406, 78, 5, '2025-12-22', 'ACTIVE'),
(407, 61, 1, '2023-12-07', 'ACTIVE'),
(408, 475, 4, '2026-01-03', 'ACTIVE'),
(409, 498, 3, '2026-02-20', 'ACTIVE'),
(410, 429, 2, '2023-12-02', 'ACTIVE'),
(411, 156, 5, '2023-08-24', 'ACTIVE'),
(412, 305, 3, '2022-03-17', 'ACTIVE'),
(413, 208, 3, '2023-12-19', 'ACTIVE'),
(414, 15, 1, '2025-12-10', 'ACTIVE'),
(415, 224, 4, '2024-05-27', 'ACTIVE'),
(416, 329, 5, '2026-02-28', 'ACTIVE'),
(417, 337, 5, '2023-05-29', 'ACTIVE'),
(418, 323, 5, '2022-08-01', 'ACTIVE'),
(419, 83, 5, '2022-09-24', 'ACTIVE'),
(420, 451, 2, '2025-08-23', 'ACTIVE'),
(421, 264, 3, '2022-04-17', 'ACTIVE'),
(422, 48, 2, '2023-07-30', 'ACTIVE'),
(423, 108, 1, '2023-12-08', 'ACTIVE'),
(424, 345, 4, '2022-07-31', 'ACTIVE'),
(425, 372, 2, '2023-01-17', 'ACTIVE'),
(426, 193, 3, '2024-08-06', 'ACTIVE'),
(427, 363, 2, '2024-11-28', 'ACTIVE'),
(428, 41, 5, '2025-12-13', 'ACTIVE'),
(429, 123, 4, '2023-08-27', 'ACTIVE'),
(430, 181, 5, '2025-08-27', 'ACTIVE'),
(431, 147, 5, '2025-10-28', 'ACTIVE'),
(432, 336, 2, '2026-01-11', 'ACTIVE'),
(433, 162, 3, '2022-08-07', 'ACTIVE'),
(434, 60, 5, '2022-08-19', 'ACTIVE'),
(435, 363, 2, '2022-05-08', 'ACTIVE'),
(436, 461, 4, '2023-08-13', 'ACTIVE'),
(437, 135, 3, '2022-11-08', 'ACTIVE'),
(438, 329, 5, '2023-01-04', 'ACTIVE'),
(439, 485, 4, '2023-04-17', 'ACTIVE'),
(440, 163, 3, '2023-04-15', 'ACTIVE'),
(441, 491, 5, '2023-11-02', 'ACTIVE'),
(442, 207, 1, '2024-03-21', 'ACTIVE'),
(443, 223, 5, '2023-07-15', 'ACTIVE'),
(444, 172, 5, '2022-09-22', 'ACTIVE'),
(445, 403, 3, '2023-04-11', 'ACTIVE'),
(446, 57, 4, '2024-05-17', 'ACTIVE'),
(447, 133, 2, '2025-04-09', 'ACTIVE'),
(448, 390, 3, '2025-03-09', 'ACTIVE'),
(449, 163, 4, '2026-04-21', 'ACTIVE'),
(450, 141, 3, '2023-08-23', 'ACTIVE'),
(451, 306, 3, '2025-02-21', 'ACTIVE'),
(452, 411, 2, '2024-08-08', 'ACTIVE'),
(453, 246, 1, '2023-08-16', 'ACTIVE'),
(454, 329, 3, '2023-03-21', 'ACTIVE'),
(455, 339, 1, '2024-01-09', 'ACTIVE'),
(456, 135, 3, '2024-05-31', 'ACTIVE'),
(457, 20, 4, '2024-05-23', 'ACTIVE'),
(458, 121, 1, '2023-03-06', 'ACTIVE'),
(459, 272, 1, '2023-04-30', 'ACTIVE'),
(460, 319, 5, '2022-04-16', 'ACTIVE'),
(461, 326, 3, '2023-02-22', 'ACTIVE'),
(462, 165, 2, '2022-03-17', 'ACTIVE'),
(463, 373, 5, '2025-09-21', 'ACTIVE'),
(464, 452, 1, '2023-06-11', 'ACTIVE'),
(465, 393, 4, '2023-06-20', 'ACTIVE'),
(466, 298, 3, '2026-03-21', 'ACTIVE'),
(467, 485, 4, '2024-11-22', 'ACTIVE'),
(468, 342, 2, '2025-10-10', 'ACTIVE'),
(469, 89, 5, '2022-02-25', 'ACTIVE'),
(470, 250, 3, '2022-09-27', 'ACTIVE'),
(471, 30, 2, '2024-12-15', 'ACTIVE'),
(472, 151, 5, '2024-09-29', 'ACTIVE'),
(473, 203, 4, '2026-01-12', 'ACTIVE'),
(474, 492, 5, '2024-11-02', 'ACTIVE'),
(475, 248, 2, '2024-02-22', 'ACTIVE'),
(476, 374, 2, '2023-04-14', 'ACTIVE'),
(477, 331, 3, '2024-01-16', 'ACTIVE'),
(478, 387, 5, '2025-12-08', 'ACTIVE'),
(479, 349, 1, '2022-12-22', 'ACTIVE'),
(480, 49, 1, '2025-12-12', 'ACTIVE'),
(481, 78, 5, '2023-09-12', 'ACTIVE'),
(482, 288, 4, '2024-02-09', 'ACTIVE'),
(483, 4, 5, '2023-12-18', 'ACTIVE'),
(484, 187, 3, '2023-02-13', 'ACTIVE'),
(485, 446, 1, '2025-07-23', 'ACTIVE'),
(486, 481, 4, '2024-01-31', 'ACTIVE'),
(487, 406, 3, '2022-03-02', 'ACTIVE'),
(488, 67, 4, '2025-10-10', 'ACTIVE'),
(489, 73, 4, '2022-10-15', 'ACTIVE'),
(490, 47, 5, '2022-07-24', 'ACTIVE'),
(491, 251, 1, '2025-05-15', 'ACTIVE'),
(492, 38, 4, '2023-05-08', 'ACTIVE'),
(493, 480, 2, '2023-02-07', 'ACTIVE'),
(494, 109, 4, '2025-03-06', 'ACTIVE'),
(495, 490, 2, '2025-08-03', 'ACTIVE'),
(496, 67, 4, '2022-05-11', 'ACTIVE'),
(497, 171, 1, '2023-06-08', 'ACTIVE'),
(498, 468, 2, '2025-03-10', 'ACTIVE'),
(499, 162, 3, '2025-06-05', 'ACTIVE'),
(500, 334, 3, '2026-04-19', 'ACTIVE'),
(501, 432, 4, '2024-02-28', 'ACTIVE'),
(502, 124, 4, '2025-01-22', 'ACTIVE'),
(503, 174, 3, '2022-08-30', 'ACTIVE'),
(504, 279, 3, '2024-06-09', 'ACTIVE'),
(505, 359, 5, '2026-02-26', 'ACTIVE'),
(506, 200, 2, '2025-02-19', 'ACTIVE'),
(507, 108, 4, '2023-04-08', 'ACTIVE'),
(508, 260, 1, '2022-08-19', 'ACTIVE'),
(509, 119, 5, '2023-09-25', 'ACTIVE'),
(510, 153, 3, '2023-10-03', 'ACTIVE'),
(511, 296, 1, '2025-04-17', 'ACTIVE'),
(512, 267, 4, '2026-02-13', 'ACTIVE'),
(513, 196, 2, '2024-07-23', 'ACTIVE'),
(514, 459, 1, '2025-06-07', 'ACTIVE'),
(515, 150, 1, '2025-09-19', 'ACTIVE'),
(516, 30, 1, '2025-11-03', 'ACTIVE'),
(517, 254, 5, '2024-07-13', 'ACTIVE'),
(518, 43, 4, '2023-04-01', 'ACTIVE'),
(519, 120, 1, '2023-04-03', 'ACTIVE'),
(520, 380, 3, '2025-09-18', 'ACTIVE'),
(521, 351, 2, '2025-07-28', 'ACTIVE'),
(522, 354, 4, '2025-07-03', 'ACTIVE'),
(523, 244, 2, '2023-03-05', 'ACTIVE'),
(524, 200, 1, '2026-03-31', 'ACTIVE'),
(525, 32, 3, '2025-06-26', 'ACTIVE'),
(526, 391, 2, '2022-03-01', 'ACTIVE'),
(527, 190, 3, '2024-05-18', 'ACTIVE'),
(528, 70, 4, '2022-01-22', 'ACTIVE'),
(529, 268, 4, '2025-07-01', 'ACTIVE'),
(530, 200, 5, '2024-10-04', 'ACTIVE'),
(531, 94, 2, '2022-09-13', 'ACTIVE'),
(532, 362, 5, '2024-06-10', 'ACTIVE'),
(533, 6, 5, '2025-09-29', 'ACTIVE'),
(534, 48, 1, '2023-04-02', 'ACTIVE'),
(535, 211, 5, '2023-02-15', 'ACTIVE'),
(536, 132, 1, '2025-07-14', 'ACTIVE'),
(537, 107, 1, '2023-12-25', 'ACTIVE'),
(538, 22, 3, '2023-09-08', 'ACTIVE'),
(539, 376, 5, '2023-06-09', 'ACTIVE'),
(540, 74, 2, '2026-04-13', 'ACTIVE'),
(541, 350, 3, '2024-10-10', 'ACTIVE'),
(542, 327, 4, '2024-02-21', 'ACTIVE'),
(543, 226, 3, '2023-12-05', 'ACTIVE'),
(544, 69, 2, '2024-06-07', 'ACTIVE'),
(545, 499, 3, '2023-06-20', 'ACTIVE'),
(546, 35, 5, '2025-04-08', 'ACTIVE'),
(547, 358, 2, '2023-07-23', 'ACTIVE'),
(548, 207, 1, '2024-02-24', 'ACTIVE'),
(549, 426, 1, '2022-04-09', 'ACTIVE'),
(550, 4, 1, '2024-11-06', 'ACTIVE'),
(551, 7, 5, '2022-03-08', 'ACTIVE'),
(552, 56, 1, '2024-05-13', 'ACTIVE'),
(553, 72, 4, '2022-12-14', 'ACTIVE'),
(554, 390, 2, '2023-12-21', 'ACTIVE'),
(555, 45, 2, '2025-12-12', 'ACTIVE'),
(556, 229, 4, '2024-08-26', 'ACTIVE'),
(557, 28, 3, '2023-07-01', 'ACTIVE'),
(558, 130, 5, '2024-03-07', 'ACTIVE'),
(559, 500, 4, '2024-10-21', 'ACTIVE'),
(560, 310, 1, '2026-03-25', 'ACTIVE'),
(561, 179, 1, '2025-08-23', 'ACTIVE'),
(562, 79, 5, '2025-02-14', 'ACTIVE'),
(563, 186, 5, '2024-03-18', 'ACTIVE'),
(564, 264, 5, '2022-02-20', 'ACTIVE'),
(565, 450, 5, '2023-03-10', 'ACTIVE'),
(566, 497, 3, '2025-04-08', 'ACTIVE'),
(567, 257, 4, '2022-03-18', 'ACTIVE'),
(568, 57, 3, '2024-12-14', 'ACTIVE'),
(569, 137, 4, '2022-12-08', 'ACTIVE'),
(570, 70, 5, '2022-02-07', 'ACTIVE'),
(571, 479, 5, '2025-02-03', 'ACTIVE'),
(572, 18, 3, '2026-03-26', 'ACTIVE'),
(573, 370, 2, '2024-12-06', 'ACTIVE'),
(574, 177, 5, '2024-04-19', 'ACTIVE'),
(575, 64, 1, '2025-08-10', 'ACTIVE'),
(576, 342, 4, '2023-06-20', 'ACTIVE'),
(577, 402, 3, '2023-09-12', 'ACTIVE'),
(578, 251, 3, '2026-04-01', 'ACTIVE'),
(579, 101, 2, '2022-01-03', 'ACTIVE'),
(580, 469, 3, '2022-12-18', 'ACTIVE'),
(581, 100, 2, '2022-11-26', 'ACTIVE'),
(582, 430, 5, '2022-09-01', 'ACTIVE'),
(583, 329, 2, '2025-03-18', 'ACTIVE'),
(584, 473, 1, '2023-10-02', 'ACTIVE'),
(585, 17, 5, '2026-03-12', 'ACTIVE'),
(586, 20, 1, '2025-02-09', 'ACTIVE'),
(587, 340, 3, '2024-07-11', 'ACTIVE'),
(588, 10, 5, '2023-02-19', 'ACTIVE'),
(589, 279, 5, '2024-09-05', 'ACTIVE'),
(590, 343, 3, '2025-01-22', 'ACTIVE'),
(591, 328, 1, '2022-06-12', 'ACTIVE'),
(592, 96, 2, '2022-01-31', 'ACTIVE'),
(593, 144, 1, '2022-09-02', 'ACTIVE'),
(594, 279, 5, '2022-03-28', 'ACTIVE'),
(595, 364, 4, '2023-03-20', 'ACTIVE'),
(596, 204, 3, '2022-12-20', 'ACTIVE'),
(597, 445, 5, '2024-11-18', 'ACTIVE'),
(598, 178, 4, '2024-10-06', 'ACTIVE'),
(599, 33, 1, '2022-03-17', 'ACTIVE'),
(600, 394, 1, '2022-08-20', 'ACTIVE'),
(601, 294, 5, '2025-06-08', 'ACTIVE'),
(602, 138, 2, '2022-08-13', 'ACTIVE'),
(603, 307, 4, '2024-02-22', 'ACTIVE'),
(604, 280, 1, '2024-03-27', 'ACTIVE'),
(605, 427, 1, '2023-09-09', 'ACTIVE'),
(606, 224, 5, '2024-02-10', 'ACTIVE'),
(607, 35, 3, '2023-12-29', 'ACTIVE'),
(608, 406, 4, '2022-01-26', 'ACTIVE'),
(609, 176, 5, '2023-02-26', 'ACTIVE'),
(610, 332, 1, '2023-07-20', 'ACTIVE'),
(611, 357, 1, '2026-03-01', 'ACTIVE'),
(612, 72, 2, '2025-04-30', 'ACTIVE'),
(613, 185, 2, '2022-03-01', 'ACTIVE'),
(614, 347, 2, '2022-06-27', 'ACTIVE'),
(615, 8, 1, '2024-02-15', 'ACTIVE'),
(616, 316, 3, '2024-02-16', 'ACTIVE'),
(617, 490, 5, '2024-03-11', 'ACTIVE'),
(618, 393, 4, '2022-03-05', 'ACTIVE'),
(619, 258, 5, '2023-02-13', 'ACTIVE'),
(620, 252, 1, '2025-02-05', 'ACTIVE'),
(621, 229, 1, '2025-06-02', 'ACTIVE'),
(622, 182, 2, '2025-04-14', 'ACTIVE'),
(623, 5, 3, '2024-07-25', 'ACTIVE'),
(624, 146, 4, '2025-04-29', 'ACTIVE'),
(625, 384, 1, '2025-08-01', 'ACTIVE'),
(626, 450, 1, '2023-04-10', 'ACTIVE'),
(627, 37, 4, '2024-03-08', 'ACTIVE'),
(628, 13, 3, '2023-01-29', 'ACTIVE'),
(629, 167, 1, '2023-08-01', 'ACTIVE'),
(630, 114, 4, '2025-06-09', 'ACTIVE'),
(631, 307, 3, '2026-01-26', 'ACTIVE'),
(632, 36, 2, '2024-08-25', 'ACTIVE'),
(633, 230, 1, '2022-07-13', 'ACTIVE'),
(634, 188, 5, '2026-03-30', 'ACTIVE'),
(635, 200, 5, '2022-03-18', 'ACTIVE'),
(636, 388, 4, '2025-12-13', 'ACTIVE'),
(637, 473, 5, '2026-01-06', 'ACTIVE'),
(638, 131, 2, '2026-03-05', 'ACTIVE'),
(639, 123, 1, '2024-05-18', 'ACTIVE'),
(640, 81, 5, '2025-12-18', 'ACTIVE'),
(641, 466, 3, '2022-08-18', 'ACTIVE'),
(642, 132, 2, '2025-03-07', 'ACTIVE'),
(643, 478, 3, '2025-11-07', 'ACTIVE'),
(644, 151, 1, '2023-03-19', 'ACTIVE'),
(645, 358, 2, '2023-07-12', 'ACTIVE'),
(646, 87, 5, '2023-04-20', 'ACTIVE'),
(647, 284, 1, '2025-06-06', 'ACTIVE'),
(648, 351, 4, '2022-04-14', 'ACTIVE'),
(649, 484, 3, '2022-02-25', 'ACTIVE'),
(650, 118, 3, '2025-05-01', 'ACTIVE'),
(651, 350, 5, '2022-05-29', 'ACTIVE'),
(652, 234, 4, '2024-04-18', 'ACTIVE'),
(653, 406, 1, '2024-03-13', 'ACTIVE'),
(654, 342, 2, '2022-02-13', 'ACTIVE'),
(655, 480, 5, '2022-09-27', 'ACTIVE'),
(656, 488, 1, '2026-02-21', 'ACTIVE'),
(657, 437, 3, '2022-03-22', 'ACTIVE'),
(658, 407, 1, '2024-01-30', 'ACTIVE'),
(659, 306, 1, '2025-08-23', 'ACTIVE'),
(660, 67, 4, '2025-01-15', 'ACTIVE'),
(661, 419, 1, '2023-06-30', 'ACTIVE'),
(662, 396, 2, '2025-12-19', 'ACTIVE'),
(663, 265, 2, '2023-05-17', 'ACTIVE'),
(664, 110, 1, '2023-07-06', 'ACTIVE'),
(665, 424, 1, '2025-12-01', 'ACTIVE'),
(666, 269, 5, '2023-03-26', 'ACTIVE'),
(667, 74, 4, '2024-09-25', 'ACTIVE'),
(668, 198, 4, '2024-12-03', 'ACTIVE'),
(669, 255, 3, '2023-07-26', 'ACTIVE'),
(670, 482, 4, '2025-12-14', 'ACTIVE'),
(671, 164, 2, '2025-03-29', 'ACTIVE'),
(672, 464, 3, '2022-12-24', 'ACTIVE'),
(673, 290, 1, '2022-06-05', 'ACTIVE'),
(674, 3, 1, '2025-10-18', 'ACTIVE'),
(675, 275, 2, '2023-04-23', 'ACTIVE'),
(676, 463, 4, '2022-04-26', 'ACTIVE'),
(677, 155, 2, '2025-06-20', 'ACTIVE'),
(678, 289, 3, '2024-06-16', 'ACTIVE'),
(679, 125, 4, '2024-12-19', 'ACTIVE'),
(680, 117, 3, '2024-07-29', 'ACTIVE'),
(681, 326, 2, '2022-04-06', 'ACTIVE'),
(682, 281, 3, '2022-08-29', 'ACTIVE'),
(683, 149, 4, '2022-05-02', 'ACTIVE'),
(684, 428, 1, '2025-05-20', 'ACTIVE'),
(685, 416, 5, '2024-04-27', 'ACTIVE'),
(686, 241, 4, '2022-03-01', 'ACTIVE'),
(687, 274, 4, '2024-01-19', 'ACTIVE'),
(688, 434, 3, '2025-06-02', 'ACTIVE'),
(689, 50, 2, '2023-06-22', 'ACTIVE'),
(690, 265, 3, '2024-03-07', 'ACTIVE'),
(691, 74, 4, '2025-09-27', 'ACTIVE'),
(692, 482, 2, '2023-09-28', 'ACTIVE'),
(693, 84, 5, '2022-10-14', 'ACTIVE'),
(694, 321, 4, '2022-08-22', 'ACTIVE'),
(695, 228, 4, '2023-08-18', 'ACTIVE'),
(696, 304, 1, '2024-06-10', 'ACTIVE'),
(697, 357, 5, '2024-06-26', 'ACTIVE'),
(698, 467, 2, '2022-10-18', 'ACTIVE'),
(699, 17, 4, '2023-08-11', 'ACTIVE'),
(700, 24, 4, '2022-04-22', 'ACTIVE'),
(701, 444, 4, '2024-02-29', 'ACTIVE'),
(702, 251, 4, '2024-01-30', 'ACTIVE'),
(703, 170, 4, '2024-01-14', 'ACTIVE'),
(704, 177, 2, '2022-08-19', 'ACTIVE'),
(705, 431, 2, '2022-11-07', 'ACTIVE'),
(706, 374, 2, '2025-09-03', 'ACTIVE'),
(707, 208, 3, '2023-06-09', 'ACTIVE'),
(708, 379, 2, '2022-08-14', 'ACTIVE'),
(709, 247, 5, '2026-03-12', 'ACTIVE'),
(710, 123, 5, '2022-04-12', 'ACTIVE'),
(711, 5, 5, '2025-02-19', 'ACTIVE'),
(712, 411, 5, '2024-04-07', 'ACTIVE'),
(713, 74, 4, '2025-06-22', 'ACTIVE'),
(714, 344, 1, '2026-03-04', 'ACTIVE'),
(715, 359, 3, '2025-02-10', 'ACTIVE'),
(716, 223, 4, '2022-10-26', 'ACTIVE'),
(717, 69, 1, '2023-07-19', 'ACTIVE'),
(718, 161, 3, '2022-06-01', 'ACTIVE'),
(719, 119, 5, '2022-06-02', 'ACTIVE'),
(720, 370, 5, '2025-01-19', 'ACTIVE'),
(721, 207, 4, '2025-11-13', 'ACTIVE'),
(722, 160, 2, '2025-01-27', 'ACTIVE'),
(723, 108, 2, '2024-06-30', 'ACTIVE'),
(724, 169, 3, '2025-12-31', 'ACTIVE'),
(725, 243, 4, '2025-06-06', 'ACTIVE'),
(726, 437, 5, '2025-06-19', 'ACTIVE'),
(727, 388, 4, '2024-12-03', 'ACTIVE'),
(728, 133, 3, '2024-07-18', 'ACTIVE'),
(729, 462, 2, '2025-03-30', 'ACTIVE'),
(730, 168, 5, '2024-03-14', 'ACTIVE'),
(731, 312, 3, '2023-10-25', 'ACTIVE'),
(732, 452, 2, '2024-08-11', 'ACTIVE'),
(733, 363, 3, '2023-10-12', 'ACTIVE'),
(734, 434, 1, '2024-11-06', 'ACTIVE'),
(735, 280, 4, '2023-07-29', 'ACTIVE'),
(736, 387, 1, '2022-03-02', 'ACTIVE'),
(737, 274, 3, '2024-07-13', 'ACTIVE'),
(738, 475, 3, '2023-05-11', 'ACTIVE'),
(739, 354, 3, '2023-06-07', 'ACTIVE'),
(740, 386, 3, '2025-08-09', 'ACTIVE'),
(741, 307, 5, '2023-11-27', 'ACTIVE'),
(742, 374, 2, '2026-02-17', 'ACTIVE'),
(743, 495, 1, '2024-12-26', 'ACTIVE'),
(744, 143, 1, '2022-07-15', 'ACTIVE'),
(745, 497, 4, '2025-06-05', 'ACTIVE'),
(746, 225, 2, '2023-09-27', 'ACTIVE'),
(747, 247, 3, '2022-07-13', 'ACTIVE'),
(748, 381, 5, '2022-03-31', 'ACTIVE'),
(749, 481, 1, '2024-05-02', 'ACTIVE'),
(750, 430, 3, '2022-08-11', 'ACTIVE'),
(751, 162, 5, '2025-05-18', 'ACTIVE'),
(752, 70, 3, '2023-02-17', 'ACTIVE'),
(753, 119, 2, '2025-04-25', 'ACTIVE'),
(754, 335, 5, '2022-10-16', 'ACTIVE'),
(755, 139, 3, '2023-08-11', 'ACTIVE'),
(756, 245, 4, '2023-07-10', 'ACTIVE'),
(757, 285, 1, '2025-02-17', 'ACTIVE'),
(758, 119, 1, '2023-03-30', 'ACTIVE'),
(759, 154, 2, '2023-05-19', 'ACTIVE'),
(760, 266, 4, '2024-11-09', 'ACTIVE'),
(761, 233, 4, '2022-07-27', 'ACTIVE'),
(762, 448, 4, '2022-04-26', 'ACTIVE'),
(763, 393, 4, '2022-08-19', 'ACTIVE'),
(764, 294, 5, '2022-09-10', 'ACTIVE'),
(765, 409, 2, '2024-03-15', 'ACTIVE'),
(766, 268, 5, '2023-09-07', 'ACTIVE'),
(767, 135, 3, '2023-06-10', 'ACTIVE'),
(768, 381, 4, '2024-06-24', 'ACTIVE'),
(769, 154, 3, '2022-12-15', 'ACTIVE'),
(770, 389, 1, '2024-02-09', 'ACTIVE'),
(771, 361, 1, '2023-03-31', 'ACTIVE'),
(772, 152, 4, '2026-02-19', 'ACTIVE'),
(773, 499, 4, '2025-07-31', 'ACTIVE'),
(774, 405, 4, '2025-12-19', 'ACTIVE'),
(775, 91, 2, '2026-01-31', 'ACTIVE'),
(776, 190, 4, '2025-10-16', 'ACTIVE'),
(777, 442, 2, '2024-09-29', 'ACTIVE'),
(778, 200, 3, '2023-08-22', 'ACTIVE'),
(779, 77, 4, '2025-07-05', 'ACTIVE'),
(780, 242, 4, '2022-12-13', 'ACTIVE'),
(781, 473, 4, '2023-09-07', 'ACTIVE'),
(782, 186, 2, '2024-11-05', 'ACTIVE'),
(783, 354, 4, '2025-07-22', 'ACTIVE'),
(784, 112, 2, '2022-06-09', 'ACTIVE'),
(785, 128, 3, '2026-02-16', 'ACTIVE'),
(786, 1, 3, '2025-08-30', 'ACTIVE'),
(787, 344, 5, '2022-01-21', 'ACTIVE'),
(788, 418, 2, '2023-02-25', 'ACTIVE'),
(789, 217, 2, '2024-10-27', 'ACTIVE'),
(790, 54, 5, '2022-05-22', 'ACTIVE'),
(791, 402, 3, '2024-06-24', 'ACTIVE'),
(792, 461, 4, '2023-10-03', 'ACTIVE'),
(793, 184, 2, '2022-05-21', 'ACTIVE'),
(794, 164, 1, '2025-03-18', 'ACTIVE'),
(795, 291, 1, '2025-05-03', 'ACTIVE'),
(796, 138, 3, '2024-05-08', 'ACTIVE'),
(797, 177, 5, '2022-01-21', 'ACTIVE'),
(798, 55, 5, '2022-07-15', 'ACTIVE'),
(799, 97, 1, '2024-01-30', 'ACTIVE'),
(800, 311, 5, '2023-01-09', 'ACTIVE'),
(801, 34, 3, '2024-10-12', 'ACTIVE'),
(802, 344, 1, '2022-11-15', 'ACTIVE'),
(803, 401, 4, '2024-06-11', 'ACTIVE'),
(804, 355, 4, '2022-05-28', 'ACTIVE'),
(805, 392, 4, '2023-03-06', 'ACTIVE'),
(806, 262, 3, '2023-07-04', 'ACTIVE'),
(807, 280, 2, '2024-06-28', 'ACTIVE'),
(808, 278, 4, '2025-11-30', 'ACTIVE'),
(809, 101, 2, '2023-03-16', 'ACTIVE'),
(810, 234, 5, '2024-04-20', 'ACTIVE'),
(811, 23, 4, '2023-07-03', 'ACTIVE'),
(812, 159, 3, '2022-11-29', 'ACTIVE'),
(813, 349, 3, '2022-12-24', 'ACTIVE'),
(814, 184, 3, '2023-11-16', 'ACTIVE'),
(815, 287, 1, '2022-06-02', 'ACTIVE'),
(816, 183, 2, '2023-01-11', 'ACTIVE'),
(817, 41, 2, '2023-09-27', 'ACTIVE'),
(818, 217, 2, '2022-09-17', 'ACTIVE'),
(819, 93, 2, '2022-10-15', 'ACTIVE'),
(820, 105, 5, '2024-02-09', 'ACTIVE'),
(821, 27, 4, '2025-12-19', 'ACTIVE'),
(822, 178, 2, '2025-06-11', 'ACTIVE'),
(823, 470, 2, '2023-01-15', 'ACTIVE'),
(824, 211, 5, '2024-02-10', 'ACTIVE'),
(825, 185, 1, '2023-09-29', 'ACTIVE'),
(826, 250, 5, '2023-12-15', 'ACTIVE'),
(827, 210, 1, '2024-10-02', 'ACTIVE'),
(828, 148, 4, '2024-05-06', 'ACTIVE'),
(829, 150, 5, '2023-06-16', 'ACTIVE'),
(830, 210, 4, '2024-06-15', 'ACTIVE'),
(831, 118, 5, '2025-01-24', 'ACTIVE'),
(832, 405, 2, '2022-03-25', 'ACTIVE'),
(833, 237, 5, '2025-10-18', 'ACTIVE'),
(834, 22, 3, '2023-07-12', 'ACTIVE'),
(835, 314, 2, '2024-11-28', 'ACTIVE'),
(836, 87, 4, '2022-06-19', 'ACTIVE'),
(837, 52, 1, '2022-05-18', 'ACTIVE'),
(838, 357, 2, '2023-02-27', 'ACTIVE'),
(839, 299, 3, '2023-06-14', 'ACTIVE'),
(840, 423, 4, '2025-01-28', 'ACTIVE'),
(841, 243, 2, '2025-01-27', 'ACTIVE'),
(842, 404, 3, '2024-11-08', 'ACTIVE'),
(843, 449, 1, '2022-08-06', 'ACTIVE'),
(844, 299, 1, '2023-07-02', 'ACTIVE'),
(845, 162, 5, '2024-02-14', 'ACTIVE'),
(846, 465, 1, '2022-07-22', 'ACTIVE'),
(847, 241, 1, '2023-03-09', 'ACTIVE'),
(848, 41, 5, '2023-01-30', 'ACTIVE'),
(849, 431, 4, '2023-11-28', 'ACTIVE'),
(850, 484, 4, '2024-08-02', 'ACTIVE'),
(851, 352, 3, '2023-09-05', 'ACTIVE'),
(852, 115, 2, '2023-05-16', 'ACTIVE'),
(853, 171, 4, '2024-01-19', 'ACTIVE'),
(854, 331, 4, '2024-01-10', 'ACTIVE'),
(855, 424, 2, '2024-05-05', 'ACTIVE'),
(856, 296, 1, '2024-08-06', 'ACTIVE'),
(857, 239, 2, '2025-08-23', 'ACTIVE'),
(858, 318, 4, '2023-06-10', 'ACTIVE'),
(859, 173, 5, '2025-02-24', 'ACTIVE'),
(860, 203, 1, '2025-07-24', 'ACTIVE'),
(861, 457, 4, '2023-05-06', 'ACTIVE'),
(862, 211, 3, '2023-06-03', 'ACTIVE'),
(863, 363, 4, '2026-04-02', 'ACTIVE'),
(864, 484, 1, '2022-05-11', 'ACTIVE'),
(865, 382, 2, '2024-11-02', 'ACTIVE'),
(866, 433, 2, '2024-01-23', 'ACTIVE'),
(867, 40, 4, '2023-07-23', 'ACTIVE'),
(868, 473, 1, '2023-11-04', 'ACTIVE'),
(869, 372, 4, '2025-04-30', 'ACTIVE'),
(870, 72, 4, '2024-04-21', 'ACTIVE'),
(871, 346, 2, '2025-10-09', 'ACTIVE'),
(872, 323, 1, '2023-11-10', 'ACTIVE'),
(873, 232, 5, '2025-11-29', 'ACTIVE'),
(874, 441, 3, '2025-10-05', 'ACTIVE'),
(875, 372, 5, '2024-09-07', 'ACTIVE'),
(876, 168, 2, '2025-04-17', 'ACTIVE'),
(877, 462, 3, '2022-12-29', 'ACTIVE'),
(878, 300, 2, '2023-01-04', 'ACTIVE'),
(879, 314, 1, '2022-12-19', 'ACTIVE'),
(880, 83, 3, '2025-06-04', 'ACTIVE'),
(881, 346, 1, '2023-12-07', 'ACTIVE'),
(882, 411, 4, '2025-08-05', 'ACTIVE'),
(883, 161, 2, '2025-12-24', 'ACTIVE'),
(884, 268, 4, '2025-11-04', 'ACTIVE'),
(885, 226, 5, '2025-03-09', 'ACTIVE'),
(886, 18, 3, '2023-11-05', 'ACTIVE'),
(887, 418, 2, '2025-12-20', 'ACTIVE'),
(888, 328, 5, '2022-08-24', 'ACTIVE'),
(889, 83, 5, '2023-03-06', 'ACTIVE'),
(890, 103, 4, '2025-07-18', 'ACTIVE'),
(891, 70, 3, '2024-12-05', 'ACTIVE'),
(892, 131, 2, '2023-11-19', 'ACTIVE'),
(893, 362, 5, '2024-05-19', 'ACTIVE'),
(894, 370, 4, '2023-07-06', 'ACTIVE'),
(895, 76, 5, '2024-02-12', 'ACTIVE'),
(896, 260, 2, '2022-02-04', 'ACTIVE'),
(897, 447, 5, '2024-08-27', 'ACTIVE'),
(898, 67, 2, '2023-10-30', 'ACTIVE'),
(899, 354, 4, '2024-06-14', 'ACTIVE'),
(900, 485, 4, '2023-09-01', 'ACTIVE'),
(901, 213, 4, '2025-02-05', 'ACTIVE'),
(902, 399, 2, '2024-03-15', 'ACTIVE'),
(903, 220, 4, '2025-04-05', 'ACTIVE'),
(904, 369, 5, '2026-03-28', 'ACTIVE'),
(905, 279, 2, '2023-03-12', 'ACTIVE'),
(906, 343, 3, '2023-03-06', 'ACTIVE'),
(907, 240, 5, '2022-10-29', 'ACTIVE'),
(908, 441, 2, '2023-08-22', 'ACTIVE'),
(909, 406, 1, '2026-02-12', 'ACTIVE'),
(910, 20, 1, '2026-01-03', 'ACTIVE'),
(911, 475, 2, '2024-09-27', 'ACTIVE'),
(912, 435, 3, '2022-04-16', 'ACTIVE'),
(913, 411, 1, '2024-03-14', 'ACTIVE'),
(914, 345, 4, '2026-02-10', 'ACTIVE'),
(915, 102, 5, '2024-09-05', 'ACTIVE'),
(916, 305, 5, '2024-02-26', 'ACTIVE'),
(917, 324, 5, '2025-06-25', 'ACTIVE'),
(918, 487, 1, '2024-03-11', 'ACTIVE'),
(919, 31, 1, '2022-03-08', 'ACTIVE'),
(920, 159, 3, '2025-12-09', 'ACTIVE'),
(921, 152, 2, '2023-12-04', 'ACTIVE'),
(922, 283, 4, '2025-10-01', 'ACTIVE'),
(923, 189, 5, '2023-01-27', 'ACTIVE'),
(924, 172, 2, '2022-11-28', 'ACTIVE'),
(925, 404, 5, '2023-09-18', 'ACTIVE'),
(926, 218, 2, '2023-04-20', 'ACTIVE'),
(927, 470, 3, '2026-01-03', 'ACTIVE'),
(928, 177, 3, '2024-02-13', 'ACTIVE'),
(929, 59, 4, '2023-11-06', 'ACTIVE'),
(930, 492, 1, '2025-01-28', 'ACTIVE'),
(931, 44, 5, '2022-10-13', 'ACTIVE'),
(932, 471, 4, '2022-09-07', 'ACTIVE'),
(933, 292, 1, '2023-07-06', 'ACTIVE'),
(934, 230, 1, '2022-06-25', 'ACTIVE'),
(935, 198, 2, '2023-01-04', 'ACTIVE'),
(936, 398, 3, '2023-07-14', 'ACTIVE'),
(937, 216, 3, '2022-10-24', 'ACTIVE'),
(938, 375, 2, '2022-10-09', 'ACTIVE'),
(939, 101, 4, '2025-11-20', 'ACTIVE'),
(940, 259, 5, '2024-05-01', 'ACTIVE'),
(941, 438, 4, '2022-08-05', 'ACTIVE'),
(942, 152, 2, '2025-09-28', 'ACTIVE'),
(943, 275, 3, '2025-10-16', 'ACTIVE'),
(944, 76, 5, '2022-07-19', 'ACTIVE'),
(945, 424, 5, '2024-05-13', 'ACTIVE'),
(946, 368, 3, '2025-09-27', 'ACTIVE'),
(947, 12, 2, '2024-07-17', 'ACTIVE'),
(948, 254, 2, '2025-04-04', 'ACTIVE'),
(949, 352, 5, '2025-08-18', 'ACTIVE'),
(950, 373, 4, '2025-05-06', 'ACTIVE'),
(951, 156, 2, '2022-03-17', 'ACTIVE'),
(952, 263, 1, '2023-07-19', 'ACTIVE'),
(953, 70, 2, '2024-05-18', 'ACTIVE'),
(954, 34, 2, '2023-10-02', 'ACTIVE'),
(955, 334, 4, '2026-03-07', 'ACTIVE'),
(956, 394, 5, '2024-11-15', 'ACTIVE'),
(957, 155, 5, '2022-12-09', 'ACTIVE'),
(958, 121, 2, '2023-10-13', 'ACTIVE'),
(959, 118, 1, '2023-10-05', 'ACTIVE'),
(960, 16, 2, '2022-02-09', 'ACTIVE'),
(961, 441, 3, '2024-06-27', 'ACTIVE'),
(962, 254, 1, '2024-07-22', 'ACTIVE'),
(963, 474, 1, '2025-12-03', 'ACTIVE'),
(964, 376, 2, '2024-01-24', 'ACTIVE'),
(965, 277, 5, '2022-05-09', 'ACTIVE'),
(966, 7, 4, '2024-01-26', 'ACTIVE'),
(967, 353, 5, '2023-03-14', 'ACTIVE'),
(968, 69, 2, '2023-01-05', 'ACTIVE'),
(969, 150, 5, '2022-12-11', 'ACTIVE'),
(970, 224, 2, '2023-07-10', 'ACTIVE'),
(971, 348, 2, '2024-04-07', 'ACTIVE'),
(972, 266, 2, '2024-08-24', 'ACTIVE'),
(973, 133, 1, '2023-04-04', 'ACTIVE'),
(974, 273, 5, '2022-04-04', 'ACTIVE'),
(975, 216, 3, '2022-09-17', 'ACTIVE'),
(976, 82, 4, '2023-09-02', 'ACTIVE'),
(977, 175, 3, '2022-07-29', 'ACTIVE'),
(978, 206, 2, '2023-01-06', 'ACTIVE'),
(979, 299, 5, '2026-01-04', 'ACTIVE'),
(980, 424, 1, '2022-05-30', 'ACTIVE'),
(981, 94, 5, '2023-11-19', 'ACTIVE'),
(982, 465, 5, '2025-08-20', 'ACTIVE'),
(983, 409, 2, '2023-05-15', 'ACTIVE'),
(984, 26, 5, '2025-07-22', 'ACTIVE'),
(985, 474, 3, '2023-10-26', 'ACTIVE'),
(986, 207, 1, '2022-04-12', 'ACTIVE'),
(987, 165, 4, '2022-04-05', 'ACTIVE'),
(988, 225, 4, '2026-02-26', 'ACTIVE'),
(989, 247, 4, '2023-08-16', 'ACTIVE'),
(990, 446, 4, '2025-10-12', 'ACTIVE'),
(991, 206, 2, '2025-07-15', 'ACTIVE'),
(992, 246, 5, '2025-03-26', 'ACTIVE'),
(993, 105, 3, '2022-06-06', 'ACTIVE'),
(994, 440, 4, '2024-05-04', 'ACTIVE'),
(995, 317, 1, '2024-03-13', 'ACTIVE'),
(996, 450, 4, '2023-01-11', 'ACTIVE'),
(997, 493, 3, '2022-09-12', 'ACTIVE'),
(998, 395, 3, '2023-03-12', 'ACTIVE'),
(999, 442, 1, '2023-05-15', 'ACTIVE'),
(1000, 447, 5, '2023-12-06', 'ACTIVE');

INSERT INTO fact_claims (claim_id, employee_id, product_id, provider_id, service_date, claim_amount, paid_amount, claim_status) VALUES
(1, 386, 2, 17, '2025-02-05', 6059.52, 5618.2, 'APPROVED'),
(2, 206, 5, 41, '2023-03-17', 5675.45, 4452.22, 'APPROVED'),
(3, 252, 1, 18, '2025-05-20', 6590.89, 0, 'DENIED'),
(4, 171, 3, 44, '2023-10-02', 4939.34, 4326.84, 'APPROVED'),
(5, 463, 4, 19, '2023-08-14', 2297.21, 2024.03, 'APPROVED'),
(6, 157, 2, 16, '2025-04-17', 4987.5, 3276.18, 'APPROVED'),
(7, 334, 4, 11, '2024-04-16', 7445.78, 4598.16, 'APPROVED'),
(8, 416, 4, 36, '2024-09-19', 4544.58, 3280.14, 'APPROVED'),
(9, 447, 3, 42, '2025-06-25', 377.59, 282.39, 'APPROVED'),
(10, 183, 5, 14, '2023-11-01', 2558.91, 1919.04, 'APPROVED'),
(11, 182, 3, 26, '2024-01-31', 4887.61, 4003.35, 'APPROVED'),
(12, 453, 3, 18, '2025-04-26', 1183.06, 884.13, 'APPROVED'),
(13, 132, 3, 9, '2024-05-30', 2205.49, 0, 'DENIED'),
(14, 343, 5, 33, '2025-04-07', 1964.28, 1324.61, 'APPROVED'),
(15, 319, 4, 3, '2026-01-28', 5416.36, 3742.25, 'APPROVED'),
(16, 40, 2, 10, '2025-12-21', 372.6, 343.04, 'APPROVED'),
(17, 118, 1, 14, '2023-11-22', 186.76, 127.39, 'APPROVED'),
(18, 60, 5, 45, '2026-03-30', 5285.34, 3935.23, 'APPROVED'),
(19, 461, 2, 5, '2024-03-07', 6339.46, 4099.26, 'APPROVED'),
(20, 145, 4, 30, '2025-10-02', 6696.72, 0, 'DENIED'),
(21, 424, 4, 35, '2025-06-26', 3603.15, 0, 'DENIED'),
(22, 356, 3, 19, '2023-02-05', 6264.71, 4350.0, 'APPROVED'),
(23, 90, 1, 19, '2024-09-13', 6013.72, 4281.56, 'APPROVED'),
(24, 462, 4, 2, '2024-09-07', 6650.14, 5622.09, 'APPROVED'),
(25, 420, 5, 14, '2024-03-03', 1600.03, 1179.48, 'APPROVED'),
(26, 485, 3, 10, '2023-02-28', 3264.79, 2259.92, 'APPROVED'),
(27, 264, 5, 29, '2025-01-23', 5889.83, 0, 'DENIED'),
(28, 48, 1, 7, '2024-08-23', 209.2, 170.74, 'APPROVED'),
(29, 246, 3, 11, '2025-06-26', 5152.91, 3472.6, 'APPROVED'),
(30, 301, 5, 33, '2023-07-02', 3592.52, 0, 'DENIED'),
(31, 460, 5, 47, '2025-12-05', 7659.59, 5969.29, 'APPROVED'),
(32, 330, 4, 11, '2025-01-11', 594.49, 552.65, 'APPROVED'),
(33, 155, 2, 44, '2024-02-28', 2617.49, 2269.11, 'APPROVED'),
(34, 77, 1, 33, '2024-06-17', 1538.41, 1004.96, 'APPROVED'),
(35, 199, 3, 37, '2024-10-15', 5067.98, 4468.11, 'APPROVED'),
(36, 284, 3, 45, '2024-10-09', 3724.4, 3080.46, 'APPROVED'),
(37, 384, 1, 22, '2025-01-30', 1681.29, 1105.6, 'APPROVED'),
(38, 65, 2, 29, '2024-06-09', 4952.75, 4188.51, 'APPROVED'),
(39, 347, 3, 7, '2024-02-06', 123.43, 76.2, 'APPROVED'),
(40, 253, 3, 15, '2023-06-09', 7454.5, 5388.43, 'APPROVED'),
(41, 373, 2, 37, '2024-12-06', 5011.61, 4727.38, 'APPROVED'),
(42, 117, 2, 38, '2023-10-31', 5026.48, 3281.73, 'APPROVED'),
(43, 345, 3, 42, '2023-05-11', 7382.71, 6950.74, 'APPROVED'),
(44, 428, 5, 33, '2023-08-05', 3625.77, 3026.48, 'APPROVED'),
(45, 135, 5, 28, '2024-03-28', 4387.64, 3067.36, 'APPROVED'),
(46, 484, 5, 9, '2024-12-07', 4906.17, 4043.69, 'APPROVED'),
(47, 360, 1, 5, '2024-02-12', 2335.23, 0, 'DENIED'),
(48, 28, 3, 23, '2023-11-30', 1782.53, 0, 'DENIED'),
(49, 15, 3, 31, '2024-08-02', 1978.42, 1202.32, 'APPROVED'),
(50, 476, 2, 7, '2025-09-20', 5901.86, 4864.29, 'APPROVED'),
(51, 43, 5, 25, '2026-02-11', 2451.97, 0, 'DENIED'),
(52, 401, 4, 17, '2025-11-05', 206.47, 139.83, 'APPROVED'),
(53, 135, 3, 14, '2023-06-28', 6883.8, 0, 'DENIED'),
(54, 395, 5, 39, '2025-03-30', 2191.21, 1421.11, 'APPROVED'),
(55, 184, 1, 40, '2023-07-07', 4812.02, 3863.9, 'APPROVED'),
(56, 215, 1, 14, '2023-12-29', 3291.94, 0, 'DENIED'),
(57, 343, 3, 37, '2025-09-16', 2059.59, 0, 'DENIED'),
(58, 252, 3, 32, '2024-01-26', 5917.69, 4472.12, 'APPROVED'),
(59, 137, 3, 30, '2023-12-30', 1036.97, 671.69, 'APPROVED'),
(60, 179, 1, 15, '2023-04-06', 364.15, 268.12, 'APPROVED'),
(61, 390, 4, 2, '2023-04-14', 2672.3, 2334.72, 'APPROVED'),
(62, 28, 3, 28, '2023-08-02', 3193.09, 1925.91, 'APPROVED'),
(63, 363, 2, 38, '2023-12-22', 7495.83, 4508.75, 'APPROVED'),
(64, 465, 5, 3, '2026-03-04', 3308.25, 0, 'DENIED'),
(65, 220, 2, 17, '2026-01-10', 4507.71, 3944.21, 'APPROVED'),
(66, 117, 5, 38, '2023-10-09', 4172.05, 0, 'DENIED'),
(67, 168, 5, 30, '2023-06-30', 3581.22, 3369.4, 'APPROVED'),
(68, 50, 3, 50, '2025-02-15', 7313.36, 5760.08, 'APPROVED'),
(69, 111, 4, 13, '2023-10-28', 193.75, 144.81, 'APPROVED'),
(70, 35, 3, 21, '2024-02-26', 2594.12, 1636.16, 'APPROVED'),
(71, 178, 4, 21, '2024-12-09', 1941.35, 1765.12, 'APPROVED'),
(72, 37, 2, 28, '2024-03-09', 1774.71, 1509.0, 'APPROVED'),
(73, 382, 3, 35, '2024-04-30', 1791.22, 1546.09, 'APPROVED'),
(74, 417, 2, 43, '2026-01-26', 7517.24, 5296.62, 'APPROVED'),
(75, 32, 2, 39, '2023-11-22', 6633.07, 5320.56, 'APPROVED'),
(76, 364, 2, 16, '2023-05-08', 5326.2, 5011.9, 'APPROVED'),
(77, 399, 1, 6, '2025-08-24', 5251.07, 4029.09, 'APPROVED'),
(78, 228, 3, 37, '2024-03-20', 6546.02, 0, 'DENIED'),
(79, 343, 1, 14, '2026-01-03', 3246.08, 2716.58, 'APPROVED'),
(80, 313, 2, 50, '2023-09-27', 7478.16, 4599.75, 'APPROVED'),
(81, 39, 3, 50, '2024-12-16', 1665.99, 1210.78, 'APPROVED'),
(82, 454, 2, 16, '2023-04-07', 937.03, 564.05, 'APPROVED'),
(83, 112, 2, 31, '2023-10-08', 3823.19, 0, 'DENIED'),
(84, 181, 4, 38, '2024-12-08', 6111.09, 5378.83, 'APPROVED'),
(85, 375, 1, 34, '2023-10-12', 5613.86, 0, 'DENIED'),
(86, 129, 1, 28, '2023-07-29', 730.01, 472.79, 'APPROVED'),
(87, 87, 3, 21, '2024-03-22', 2213.52, 1352.76, 'APPROVED'),
(88, 434, 2, 38, '2023-11-16', 6487.82, 6000.58, 'APPROVED'),
(89, 131, 5, 26, '2025-07-27', 6190.14, 5407.03, 'APPROVED'),
(90, 167, 5, 43, '2024-11-21', 6218.38, 5070.32, 'APPROVED'),
(91, 357, 2, 34, '2024-02-01', 6206.53, 5298.78, 'APPROVED'),
(92, 44, 3, 31, '2026-01-19', 1310.91, 0, 'DENIED'),
(93, 357, 4, 16, '2023-10-04', 355.92, 322.9, 'APPROVED'),
(94, 210, 1, 13, '2025-11-22', 5663.03, 4208.72, 'APPROVED'),
(95, 498, 5, 40, '2025-12-09', 1376.69, 1280.38, 'APPROVED'),
(96, 357, 1, 22, '2026-02-19', 1467.58, 1040.54, 'APPROVED'),
(97, 105, 2, 35, '2023-08-26', 3459.45, 0, 'DENIED'),
(98, 136, 4, 6, '2025-10-20', 7295.88, 0, 'DENIED'),
(99, 253, 2, 48, '2023-08-23', 514.31, 478.42, 'APPROVED'),
(100, 248, 4, 40, '2024-05-01', 4886.03, 4168.09, 'APPROVED'),
(101, 266, 4, 48, '2024-04-08', 2272.61, 0, 'DENIED'),
(102, 384, 2, 46, '2023-03-03', 4477.98, 2956.55, 'APPROVED'),
(103, 105, 2, 25, '2025-05-06', 2618.3, 2240.94, 'APPROVED'),
(104, 255, 5, 3, '2026-03-06', 3828.98, 0, 'DENIED'),
(105, 470, 5, 27, '2023-02-03', 3454.48, 2872.93, 'APPROVED'),
(106, 356, 2, 1, '2024-09-30', 7630.74, 0, 'DENIED'),
(107, 431, 5, 32, '2025-06-01', 1817.13, 1439.04, 'APPROVED'),
(108, 69, 2, 19, '2025-07-16', 3914.8, 2598.72, 'APPROVED'),
(109, 55, 5, 16, '2024-09-20', 2621.92, 0, 'DENIED'),
(110, 352, 2, 22, '2023-05-31', 6397.02, 5068.53, 'APPROVED'),
(111, 340, 3, 34, '2025-02-08', 3269.55, 2820.27, 'APPROVED'),
(112, 80, 2, 18, '2025-02-12', 391.91, 322.47, 'APPROVED'),
(113, 248, 4, 37, '2023-02-08', 4575.18, 2891.09, 'APPROVED'),
(114, 440, 5, 6, '2025-03-30', 7602.17, 6981.8, 'APPROVED'),
(115, 64, 4, 3, '2023-11-19', 7853.64, 6171.73, 'APPROVED'),
(116, 387, 3, 29, '2024-11-07', 3747.91, 2854.68, 'APPROVED'),
(117, 217, 1, 49, '2024-10-03', 4541.2, 3159.25, 'APPROVED'),
(118, 244, 5, 4, '2024-03-05', 7745.25, 5933.88, 'APPROVED'),
(119, 428, 1, 1, '2024-04-06', 4232.87, 2947.51, 'APPROVED'),
(120, 243, 1, 43, '2025-10-17', 3321.23, 2304.9, 'APPROVED'),
(121, 344, 5, 16, '2024-06-06', 802.57, 636.63, 'APPROVED'),
(122, 312, 3, 26, '2023-09-17', 5059.84, 4466.0, 'APPROVED'),
(123, 30, 2, 20, '2024-08-01', 3763.64, 2394.18, 'APPROVED'),
(124, 359, 4, 47, '2025-02-04', 3347.04, 0, 'DENIED'),
(125, 119, 4, 43, '2026-03-31', 1903.88, 1438.37, 'APPROVED'),
(126, 208, 2, 2, '2023-05-05', 4081.62, 0, 'DENIED'),
(127, 100, 2, 45, '2023-10-19', 7998.27, 0, 'DENIED'),
(128, 273, 1, 17, '2023-08-07', 4182.49, 2680.15, 'APPROVED'),
(129, 79, 3, 5, '2023-04-24', 4900.81, 4537.04, 'APPROVED'),
(130, 387, 2, 23, '2024-03-16', 1775.69, 1405.28, 'APPROVED'),
(131, 470, 1, 6, '2023-03-05', 5118.79, 3248.8, 'APPROVED'),
(132, 461, 2, 35, '2023-08-12', 2272.26, 1959.23, 'APPROVED'),
(133, 394, 4, 13, '2025-08-03', 1604.07, 998.79, 'APPROVED'),
(134, 27, 4, 19, '2024-06-03', 1859.79, 1572.27, 'APPROVED'),
(135, 152, 2, 7, '2024-02-29', 2150.73, 1677.71, 'APPROVED'),
(136, 371, 5, 24, '2025-01-01', 7370.22, 5942.34, 'APPROVED'),
(137, 100, 1, 28, '2023-03-26', 851.47, 627.03, 'APPROVED'),
(138, 364, 2, 5, '2026-04-05', 7617.87, 4902.17, 'APPROVED'),
(139, 250, 4, 5, '2023-12-13', 6490.93, 6080.31, 'APPROVED'),
(140, 163, 4, 30, '2024-03-27', 3958.38, 2952.6, 'APPROVED'),
(141, 272, 5, 38, '2024-12-02', 4131.47, 3801.67, 'APPROVED'),
(142, 223, 2, 42, '2024-02-25', 3143.26, 1924.21, 'APPROVED'),
(143, 132, 5, 36, '2023-10-18', 5209.99, 4830.14, 'APPROVED'),
(144, 258, 2, 37, '2026-03-23', 4713.25, 3734.79, 'APPROVED'),
(145, 344, 3, 10, '2024-10-14', 5749.72, 4462.45, 'APPROVED'),
(146, 213, 3, 24, '2023-09-10', 416.8, 0, 'DENIED'),
(147, 51, 4, 29, '2024-06-09', 540.06, 0, 'DENIED'),
(148, 39, 2, 37, '2023-06-17', 2571.26, 2065.26, 'APPROVED'),
(149, 368, 4, 36, '2024-10-30', 3753.76, 0, 'DENIED'),
(150, 226, 4, 16, '2024-09-28', 372.69, 320.76, 'APPROVED'),
(151, 458, 3, 11, '2024-11-12', 552.36, 440.52, 'APPROVED'),
(152, 153, 2, 34, '2025-01-01', 1708.69, 1217.16, 'APPROVED'),
(153, 124, 1, 27, '2023-05-20', 3464.72, 0, 'DENIED'),
(154, 461, 1, 8, '2024-09-15', 323.42, 0, 'DENIED'),
(155, 86, 3, 20, '2024-03-17', 7884.34, 0, 'DENIED'),
(156, 13, 5, 25, '2025-08-02', 5339.21, 0, 'DENIED'),
(157, 391, 3, 50, '2023-09-10', 6661.47, 4502.62, 'APPROVED'),
(158, 5, 2, 2, '2026-04-03', 2335.39, 2163.98, 'APPROVED'),
(159, 335, 2, 13, '2024-03-13', 1130.24, 972.09, 'APPROVED'),
(160, 367, 5, 32, '2025-08-28', 2947.49, 2551.99, 'APPROVED'),
(161, 352, 2, 6, '2025-08-06', 4395.23, 3416.28, 'APPROVED'),
(162, 132, 3, 9, '2025-04-27', 6163.62, 3807.4, 'APPROVED'),
(163, 78, 4, 5, '2024-06-07', 7303.78, 0, 'DENIED'),
(164, 357, 2, 28, '2024-09-06', 3559.25, 2981.5, 'APPROVED'),
(165, 120, 1, 21, '2023-11-08', 3870.78, 2422.7, 'APPROVED'),
(166, 226, 5, 48, '2023-11-15', 5628.01, 4498.72, 'APPROVED'),
(167, 159, 3, 43, '2025-12-26', 7957.17, 5453.23, 'APPROVED'),
(168, 245, 4, 25, '2026-01-27', 5138.11, 3120.93, 'APPROVED'),
(169, 153, 5, 6, '2023-03-09', 2049.43, 1351.36, 'APPROVED'),
(170, 35, 3, 33, '2024-01-13', 7724.01, 6789.53, 'APPROVED'),
(171, 205, 1, 45, '2026-02-08', 2584.99, 1986.91, 'APPROVED'),
(172, 53, 5, 32, '2023-03-21', 1589.43, 1063.43, 'APPROVED'),
(173, 349, 2, 19, '2023-02-12', 5740.22, 0, 'DENIED'),
(174, 168, 3, 28, '2024-07-28', 3916.56, 0, 'DENIED'),
(175, 174, 1, 46, '2024-03-30', 5216.01, 0, 'DENIED'),
(176, 331, 1, 43, '2024-12-08', 5624.7, 3694.39, 'APPROVED'),
(177, 184, 2, 28, '2026-01-12', 2334.86, 1925.14, 'APPROVED'),
(178, 40, 1, 40, '2024-02-26', 3563.79, 2457.67, 'APPROVED'),
(179, 386, 2, 3, '2025-04-17', 5419.26, 4588.49, 'APPROVED'),
(180, 64, 5, 8, '2023-03-07', 2223.64, 1997.14, 'APPROVED'),
(181, 164, 2, 50, '2023-02-23', 1985.69, 1432.25, 'APPROVED'),
(182, 423, 3, 43, '2024-01-11', 4762.8, 3277.88, 'APPROVED'),
(183, 470, 4, 20, '2024-03-24', 1674.02, 1265.39, 'APPROVED'),
(184, 437, 3, 25, '2024-08-26', 3506.82, 2186.63, 'APPROVED'),
(185, 360, 3, 3, '2023-09-24', 855.2, 0, 'DENIED'),
(186, 62, 5, 31, '2023-02-18', 5411.55, 3924.02, 'APPROVED'),
(187, 193, 5, 3, '2024-01-16', 289.08, 227.67, 'APPROVED'),
(188, 293, 2, 8, '2025-09-03', 5887.57, 0, 'DENIED'),
(189, 123, 3, 28, '2026-02-08', 5755.81, 3478.18, 'APPROVED'),
(190, 8, 5, 13, '2024-08-03', 3305.81, 2413.41, 'APPROVED'),
(191, 450, 2, 24, '2025-01-03', 2028.21, 0, 'DENIED'),
(192, 347, 2, 7, '2024-03-25', 4696.3, 3325.35, 'APPROVED'),
(193, 330, 4, 44, '2023-05-26', 6781.43, 4117.13, 'APPROVED'),
(194, 318, 4, 15, '2024-01-12', 237.5, 209.53, 'APPROVED'),
(195, 195, 1, 17, '2025-04-11', 1658.59, 1005.39, 'APPROVED'),
(196, 88, 2, 4, '2023-11-02', 2228.23, 0, 'DENIED'),
(197, 466, 4, 9, '2024-01-05', 7764.39, 6022.87, 'APPROVED'),
(198, 447, 5, 9, '2024-07-14', 6598.88, 4512.92, 'APPROVED'),
(199, 308, 2, 24, '2025-08-24', 7391.34, 0, 'DENIED'),
(200, 10, 4, 4, '2025-07-05', 2210.76, 1466.05, 'APPROVED'),
(201, 295, 1, 29, '2024-04-27', 693.06, 483.61, 'APPROVED'),
(202, 369, 5, 34, '2023-03-28', 5404.95, 5075.76, 'APPROVED'),
(203, 308, 1, 28, '2024-02-27', 737.05, 625.63, 'APPROVED'),
(204, 159, 4, 50, '2024-03-21', 4436.85, 4164.14, 'APPROVED'),
(205, 427, 1, 9, '2023-08-15', 7671.71, 5439.53, 'APPROVED'),
(206, 194, 1, 49, '2024-01-21', 1382.16, 851.13, 'APPROVED'),
(207, 464, 1, 18, '2024-09-13', 5918.53, 4399.85, 'APPROVED'),
(208, 133, 3, 12, '2023-01-20', 500.93, 392.0, 'APPROVED'),
(209, 445, 4, 16, '2024-11-15', 950.22, 729.75, 'APPROVED'),
(210, 318, 2, 25, '2023-03-26', 2063.89, 1355.35, 'APPROVED'),
(211, 463, 5, 30, '2023-03-04', 7862.5, 6814.32, 'APPROVED'),
(212, 2, 5, 34, '2024-05-20', 710.23, 556.39, 'APPROVED'),
(213, 42, 1, 2, '2024-12-18', 5887.88, 4601.65, 'APPROVED'),
(214, 206, 3, 13, '2026-01-22', 1744.5, 1570.53, 'APPROVED'),
(215, 276, 3, 20, '2023-10-17', 4543.07, 2899.58, 'APPROVED'),
(216, 238, 3, 25, '2023-07-26', 6399.56, 4425.35, 'APPROVED'),
(217, 194, 5, 4, '2025-08-03', 2655.58, 2261.94, 'APPROVED'),
(218, 248, 3, 49, '2024-03-05', 4553.03, 3986.75, 'APPROVED'),
(219, 151, 3, 18, '2023-07-06', 4703.86, 3100.45, 'APPROVED'),
(220, 277, 3, 31, '2024-12-31', 6703.66, 6120.44, 'APPROVED'),
(221, 327, 3, 8, '2023-10-31', 6310.55, 4353.78, 'APPROVED'),
(222, 69, 2, 2, '2023-12-08', 1806.38, 0, 'DENIED'),
(223, 318, 3, 28, '2023-11-17', 5233.06, 3207.49, 'APPROVED'),
(224, 25, 5, 5, '2025-04-11', 1826.3, 1176.91, 'APPROVED'),
(225, 352, 1, 47, '2026-03-17', 3933.79, 3275.51, 'APPROVED'),
(226, 24, 2, 8, '2023-06-15', 1515.04, 1019.47, 'APPROVED'),
(227, 84, 5, 37, '2024-05-06', 4746.58, 2955.52, 'APPROVED'),
(228, 89, 2, 43, '2023-01-19', 7385.07, 4614.67, 'APPROVED'),
(229, 146, 3, 32, '2026-01-11', 7234.23, 4608.43, 'APPROVED'),
(230, 397, 3, 23, '2025-03-27', 1290.83, 1129.99, 'APPROVED'),
(231, 437, 3, 5, '2025-01-24', 7700.92, 6359.43, 'APPROVED'),
(232, 493, 5, 49, '2025-10-22', 958.62, 841.1, 'APPROVED'),
(233, 380, 5, 8, '2024-02-23', 3549.6, 2901.31, 'APPROVED'),
(234, 389, 2, 3, '2024-05-10', 545.45, 380.76, 'APPROVED'),
(235, 195, 5, 1, '2025-02-05', 6360.18, 0, 'DENIED'),
(236, 119, 2, 34, '2026-02-21', 6235.55, 5519.65, 'APPROVED'),
(237, 398, 1, 9, '2025-12-01', 1312.42, 1207.18, 'APPROVED'),
(238, 461, 2, 24, '2025-05-24', 2476.16, 1951.65, 'APPROVED'),
(239, 404, 5, 46, '2024-01-30', 1226.36, 1042.6, 'APPROVED'),
(240, 255, 4, 23, '2024-05-11', 2109.56, 1371.39, 'APPROVED'),
(241, 364, 5, 27, '2024-03-28', 4967.23, 4362.44, 'APPROVED'),
(242, 5, 1, 14, '2024-09-08', 4191.26, 3530.9, 'APPROVED'),
(243, 12, 4, 44, '2024-04-05', 4071.22, 2552.92, 'APPROVED'),
(244, 295, 3, 35, '2023-07-02', 2030.83, 0, 'DENIED'),
(245, 483, 2, 5, '2025-12-28', 579.48, 392.6, 'APPROVED'),
(246, 229, 5, 34, '2023-12-29', 4220.55, 2678.22, 'APPROVED'),
(247, 184, 4, 26, '2025-11-21', 3919.91, 3535.17, 'APPROVED'),
(248, 160, 1, 10, '2023-04-20', 5086.72, 4343.49, 'APPROVED'),
(249, 452, 5, 47, '2024-11-15', 5408.21, 4175.17, 'APPROVED'),
(250, 72, 5, 23, '2025-07-14', 1395.73, 1013.52, 'APPROVED'),
(251, 441, 3, 39, '2023-01-01', 3662.16, 2664.79, 'APPROVED'),
(252, 348, 5, 46, '2026-03-21', 6247.1, 4402.06, 'APPROVED'),
(253, 278, 5, 18, '2023-11-27', 3268.24, 2220.38, 'APPROVED'),
(254, 395, 3, 29, '2026-01-28', 1954.98, 1705.4, 'APPROVED'),
(255, 31, 3, 3, '2026-04-18', 6051.67, 5363.7, 'APPROVED'),
(256, 364, 3, 27, '2025-12-06', 4820.11, 0, 'DENIED'),
(257, 162, 5, 33, '2025-01-27', 3660.55, 2843.53, 'APPROVED'),
(258, 483, 5, 16, '2023-08-12', 3269.1, 3061.39, 'APPROVED'),
(259, 101, 3, 40, '2024-07-13', 6847.67, 5857.04, 'APPROVED'),
(260, 141, 3, 43, '2026-02-01', 878.92, 581.78, 'APPROVED'),
(261, 239, 3, 31, '2023-06-03', 230.25, 0, 'DENIED'),
(262, 319, 4, 11, '2023-10-05', 5962.31, 4683.58, 'APPROVED'),
(263, 287, 3, 14, '2023-10-24', 7411.7, 6155.19, 'APPROVED'),
(264, 233, 4, 29, '2025-04-20', 7078.41, 5759.23, 'APPROVED'),
(265, 256, 3, 15, '2024-06-27', 927.99, 801.07, 'APPROVED'),
(266, 319, 4, 38, '2023-09-09', 2229.99, 0, 'DENIED'),
(267, 237, 1, 32, '2025-11-05', 6457.17, 0, 'DENIED'),
(268, 395, 2, 32, '2023-03-18', 7322.65, 6367.66, 'APPROVED'),
(269, 331, 4, 21, '2023-12-03', 2611.5, 1620.57, 'APPROVED'),
(270, 364, 1, 5, '2024-02-25', 4948.49, 3922.51, 'APPROVED'),
(271, 485, 5, 48, '2023-12-27', 1634.0, 1520.02, 'APPROVED'),
(272, 493, 2, 47, '2026-01-14', 1983.15, 1864.0, 'APPROVED'),
(273, 194, 4, 33, '2025-12-26', 7045.5, 5031.72, 'APPROVED'),
(274, 118, 5, 38, '2025-11-06', 2006.55, 0, 'DENIED'),
(275, 184, 1, 18, '2024-02-12', 3465.16, 3242.96, 'APPROVED'),
(276, 299, 4, 14, '2025-06-17', 119.25, 77.23, 'APPROVED'),
(277, 341, 2, 31, '2023-05-27', 184.68, 143.96, 'APPROVED'),
(278, 444, 5, 12, '2025-02-14', 2249.47, 1362.31, 'APPROVED'),
(279, 121, 5, 13, '2023-01-24', 6892.75, 6083.13, 'APPROVED'),
(280, 333, 4, 13, '2025-01-26', 5256.66, 3394.72, 'APPROVED'),
(281, 249, 3, 37, '2024-04-03', 7563.42, 4787.05, 'APPROVED'),
(282, 308, 4, 28, '2023-03-30', 5091.9, 0, 'DENIED'),
(283, 493, 5, 4, '2025-02-27', 7211.15, 6313.64, 'APPROVED'),
(284, 394, 5, 26, '2023-10-04', 2648.21, 1770.09, 'APPROVED'),
(285, 445, 1, 2, '2024-03-14', 5439.3, 4617.42, 'APPROVED'),
(286, 458, 4, 16, '2023-04-15', 1930.2, 1750.43, 'APPROVED'),
(287, 134, 4, 27, '2025-12-30', 5201.17, 4680.6, 'APPROVED'),
(288, 251, 1, 8, '2024-10-02', 7294.67, 5999.57, 'APPROVED'),
(289, 389, 2, 1, '2025-08-04', 7169.55, 6383.13, 'APPROVED'),
(290, 102, 3, 15, '2023-09-21', 6237.85, 0, 'DENIED'),
(291, 291, 2, 36, '2024-06-11', 2374.14, 1560.25, 'APPROVED'),
(292, 485, 2, 40, '2026-02-28', 713.21, 649.72, 'APPROVED'),
(293, 420, 4, 19, '2025-11-10', 2749.6, 2127.71, 'APPROVED'),
(294, 130, 2, 37, '2025-08-13', 6166.25, 0, 'DENIED'),
(295, 342, 3, 37, '2024-08-27', 436.13, 367.41, 'APPROVED'),
(296, 12, 3, 6, '2025-04-28', 334.79, 300.15, 'APPROVED'),
(297, 181, 4, 48, '2024-07-28', 4545.34, 4048.93, 'APPROVED'),
(298, 28, 4, 10, '2026-04-02', 6297.58, 0, 'DENIED'),
(299, 275, 4, 18, '2024-09-01', 4476.62, 3373.2, 'APPROVED'),
(300, 193, 4, 35, '2024-09-18', 5532.43, 4244.48, 'APPROVED'),
(301, 107, 5, 25, '2025-03-29', 6083.2, 5349.28, 'APPROVED'),
(302, 313, 5, 36, '2024-03-13', 2389.01, 1617.83, 'APPROVED'),
(303, 35, 5, 38, '2025-04-21', 3870.84, 2628.96, 'APPROVED'),
(304, 486, 5, 38, '2024-12-21', 3508.73, 3209.07, 'APPROVED'),
(305, 263, 5, 24, '2023-01-08', 5556.31, 4580.13, 'APPROVED'),
(306, 370, 2, 9, '2023-07-22', 6624.52, 0, 'DENIED'),
(307, 273, 2, 27, '2023-10-06', 6326.68, 0, 'DENIED'),
(308, 325, 4, 26, '2025-10-06', 6741.6, 4059.11, 'APPROVED'),
(309, 431, 1, 23, '2023-07-04', 1027.73, 812.29, 'APPROVED'),
(310, 256, 1, 46, '2024-09-29', 2876.43, 1869.56, 'APPROVED'),
(311, 194, 5, 26, '2023-12-17', 4398.44, 3690.99, 'APPROVED'),
(312, 31, 5, 38, '2023-08-17', 7121.19, 4678.98, 'APPROVED'),
(313, 68, 5, 34, '2025-04-04', 1489.12, 1035.29, 'APPROVED'),
(314, 368, 4, 25, '2026-01-03', 2162.65, 1826.25, 'APPROVED'),
(315, 136, 1, 11, '2023-09-13', 1649.15, 1163.49, 'APPROVED'),
(316, 107, 5, 6, '2023-05-16', 7126.82, 4367.74, 'APPROVED'),
(317, 397, 2, 20, '2023-11-28', 4532.21, 0, 'DENIED'),
(318, 297, 5, 33, '2025-04-23', 1861.54, 1759.47, 'APPROVED'),
(319, 268, 2, 22, '2024-09-18', 2688.4, 2547.49, 'APPROVED'),
(320, 49, 1, 11, '2025-01-27', 5674.22, 3592.95, 'APPROVED'),
(321, 259, 1, 32, '2023-02-03', 2303.72, 0, 'DENIED'),
(322, 396, 5, 41, '2025-11-30', 5128.41, 3241.11, 'APPROVED'),
(323, 260, 2, 41, '2024-09-20', 1461.2, 1199.37, 'APPROVED'),
(324, 136, 1, 50, '2024-08-24', 1232.23, 1086.84, 'APPROVED'),
(325, 427, 2, 34, '2024-04-12', 6807.73, 6445.15, 'APPROVED'),
(326, 245, 3, 48, '2026-02-07', 5900.12, 4572.51, 'APPROVED'),
(327, 197, 2, 24, '2023-01-05', 3039.01, 2481.26, 'APPROVED'),
(328, 448, 2, 7, '2025-02-15', 420.21, 287.86, 'APPROVED'),
(329, 499, 2, 25, '2023-01-03', 1770.68, 1208.05, 'APPROVED'),
(330, 58, 2, 3, '2024-04-13', 4223.95, 3456.15, 'APPROVED'),
(331, 461, 2, 27, '2024-03-14', 3134.21, 2484.94, 'APPROVED'),
(332, 15, 1, 35, '2024-06-15', 5495.5, 5095.41, 'APPROVED'),
(333, 236, 5, 38, '2023-08-04', 719.78, 499.29, 'APPROVED'),
(334, 457, 3, 8, '2024-03-02', 6668.2, 4557.01, 'APPROVED'),
(335, 420, 5, 23, '2023-07-13', 4169.48, 3899.04, 'APPROVED'),
(336, 135, 1, 18, '2023-05-08', 5859.4, 3871.0, 'APPROVED'),
(337, 439, 5, 24, '2025-04-12', 7669.49, 6215.35, 'APPROVED'),
(338, 473, 3, 34, '2024-01-12', 4096.21, 3405.9, 'APPROVED'),
(339, 42, 5, 37, '2023-10-23', 1600.09, 1153.59, 'APPROVED'),
(340, 411, 3, 21, '2025-01-01', 5429.65, 3587.57, 'APPROVED'),
(341, 274, 4, 42, '2023-01-16', 2268.23, 1817.69, 'APPROVED'),
(342, 446, 1, 29, '2026-02-09', 6438.94, 5408.31, 'APPROVED'),
(343, 60, 3, 45, '2023-10-16', 1385.08, 1151.87, 'APPROVED'),
(344, 55, 3, 1, '2024-09-11', 4760.07, 2966.39, 'APPROVED'),
(345, 97, 2, 26, '2024-05-10', 913.73, 0, 'DENIED'),
(346, 34, 5, 40, '2023-10-28', 3547.09, 0, 'DENIED'),
(347, 17, 2, 11, '2023-02-08', 4882.45, 0, 'DENIED'),
(348, 143, 5, 18, '2025-05-26', 4685.9, 2979.22, 'APPROVED'),
(349, 446, 2, 22, '2024-04-30', 2132.48, 1884.68, 'APPROVED'),
(350, 346, 3, 1, '2024-06-03', 5264.62, 0, 'DENIED'),
(351, 148, 3, 10, '2025-04-18', 1695.18, 1042.84, 'APPROVED'),
(352, 29, 5, 37, '2026-03-31', 3053.57, 2666.65, 'APPROVED'),
(353, 362, 1, 34, '2023-09-12', 4908.39, 0, 'DENIED'),
(354, 235, 2, 17, '2024-06-30', 4115.04, 3242.33, 'APPROVED'),
(355, 474, 1, 9, '2025-02-05', 6343.73, 3813.94, 'APPROVED'),
(356, 441, 5, 13, '2025-05-26', 6440.17, 5657.33, 'APPROVED'),
(357, 152, 2, 1, '2024-06-29', 7500.07, 0, 'DENIED'),
(358, 404, 2, 31, '2025-01-20', 4146.78, 2728.33, 'APPROVED'),
(359, 197, 1, 41, '2024-05-16', 3226.32, 2482.41, 'APPROVED'),
(360, 492, 4, 21, '2024-10-17', 2865.77, 0, 'DENIED'),
(361, 487, 3, 3, '2026-03-12', 5655.23, 4662.15, 'APPROVED'),
(362, 57, 2, 10, '2024-07-21', 7115.17, 5821.47, 'APPROVED'),
(363, 239, 1, 38, '2025-07-24', 5855.6, 5361.24, 'APPROVED'),
(364, 56, 1, 5, '2024-06-07', 3440.26, 2632.8, 'APPROVED'),
(365, 488, 5, 18, '2024-05-07', 2464.81, 1809.32, 'APPROVED'),
(366, 170, 3, 35, '2023-02-18', 7640.22, 5426.08, 'APPROVED'),
(367, 370, 5, 5, '2023-02-04', 3475.47, 2607.82, 'APPROVED'),
(368, 133, 4, 31, '2023-11-20', 3721.79, 3487.11, 'APPROVED'),
(369, 99, 1, 30, '2025-08-15', 7152.8, 6590.12, 'APPROVED'),
(370, 154, 1, 19, '2025-04-13', 7196.17, 4803.97, 'APPROVED'),
(371, 99, 3, 30, '2026-03-25', 7930.41, 5360.35, 'APPROVED'),
(372, 384, 5, 32, '2023-09-08', 3028.46, 2686.33, 'APPROVED'),
(373, 461, 1, 3, '2024-12-18', 1747.69, 1153.94, 'APPROVED'),
(374, 211, 3, 6, '2025-08-16', 3841.53, 3262.15, 'APPROVED'),
(375, 443, 4, 13, '2026-01-26', 3942.7, 3160.61, 'APPROVED'),
(376, 97, 2, 42, '2024-01-16', 2443.42, 2307.73, 'APPROVED'),
(377, 252, 5, 28, '2023-07-02', 5361.01, 4853.34, 'APPROVED'),
(378, 452, 4, 7, '2023-01-20', 2706.95, 2297.72, 'APPROVED'),
(379, 238, 5, 14, '2025-05-19', 6201.98, 3852.84, 'APPROVED'),
(380, 270, 5, 5, '2023-06-27', 4742.72, 3426.58, 'APPROVED'),
(381, 463, 3, 8, '2024-09-02', 5899.29, 4105.82, 'APPROVED'),
(382, 439, 2, 26, '2023-11-24', 4608.87, 3644.71, 'APPROVED'),
(383, 268, 5, 14, '2023-07-20', 1294.02, 890.61, 'APPROVED'),
(384, 466, 2, 26, '2024-06-22', 3076.75, 2281.36, 'APPROVED'),
(385, 483, 2, 34, '2024-05-24', 3329.19, 2155.57, 'APPROVED'),
(386, 81, 4, 24, '2023-05-20', 5209.01, 0, 'DENIED'),
(387, 342, 4, 34, '2025-07-19', 4762.57, 3464.84, 'APPROVED'),
(388, 419, 2, 5, '2025-11-25', 3608.28, 0, 'DENIED'),
(389, 308, 3, 36, '2025-03-16', 4644.35, 0, 'DENIED'),
(390, 137, 5, 23, '2024-10-20', 7407.76, 5526.57, 'APPROVED'),
(391, 400, 3, 31, '2025-09-27', 1997.7, 1338.95, 'APPROVED'),
(392, 111, 5, 31, '2024-11-29', 596.23, 468.99, 'APPROVED'),
(393, 11, 3, 2, '2024-05-31', 5630.53, 5161.18, 'APPROVED'),
(394, 306, 5, 18, '2023-11-19', 299.19, 226.24, 'APPROVED'),
(395, 116, 1, 36, '2024-11-30', 3079.39, 2817.4, 'APPROVED'),
(396, 11, 3, 44, '2024-11-28', 6830.05, 4253.51, 'APPROVED'),
(397, 262, 3, 42, '2025-12-08', 1282.33, 1089.92, 'APPROVED'),
(398, 229, 1, 13, '2024-01-29', 2530.04, 1737.51, 'APPROVED'),
(399, 457, 3, 27, '2024-02-16', 3237.22, 2233.34, 'APPROVED'),
(400, 272, 3, 21, '2023-08-01', 4162.06, 2687.03, 'APPROVED'),
(401, 294, 5, 6, '2023-02-16', 2227.23, 1624.14, 'APPROVED'),
(402, 334, 4, 14, '2023-12-27', 1971.94, 1330.37, 'APPROVED'),
(403, 198, 1, 3, '2023-10-13', 2972.15, 2545.06, 'APPROVED'),
(404, 59, 5, 27, '2024-06-14', 4466.44, 3625.82, 'APPROVED'),
(405, 17, 2, 48, '2023-02-13', 1580.14, 985.0, 'APPROVED'),
(406, 78, 2, 22, '2024-10-04', 4980.7, 3493.52, 'APPROVED'),
(407, 91, 3, 37, '2024-12-23', 4248.77, 3750.24, 'APPROVED'),
(408, 304, 5, 31, '2024-10-24', 1752.56, 0, 'DENIED'),
(409, 217, 4, 20, '2024-01-17', 4930.32, 3900.06, 'APPROVED'),
(410, 415, 4, 16, '2023-05-26', 6733.4, 5956.66, 'APPROVED'),
(411, 23, 4, 27, '2025-08-07', 2395.49, 2228.51, 'APPROVED'),
(412, 142, 3, 22, '2024-09-04', 5172.9, 3233.24, 'APPROVED'),
(413, 370, 3, 42, '2024-10-24', 2756.77, 0, 'DENIED'),
(414, 494, 5, 25, '2025-04-06', 3356.1, 0, 'DENIED'),
(415, 86, 3, 50, '2023-08-18', 900.27, 847.1, 'APPROVED'),
(416, 452, 3, 8, '2025-09-21', 6833.68, 6166.02, 'APPROVED'),
(417, 194, 1, 50, '2023-06-20', 6061.68, 4275.9, 'APPROVED'),
(418, 442, 4, 29, '2025-10-03', 3506.52, 2832.41, 'APPROVED'),
(419, 86, 2, 48, '2025-07-16', 665.18, 565.38, 'APPROVED'),
(420, 432, 1, 9, '2023-09-13', 6687.42, 4486.82, 'APPROVED'),
(421, 224, 1, 42, '2023-07-19', 602.47, 0, 'DENIED'),
(422, 495, 1, 33, '2024-05-13', 6284.38, 4727.25, 'APPROVED'),
(423, 257, 2, 40, '2025-02-03', 7669.55, 5916.59, 'APPROVED'),
(424, 161, 3, 20, '2023-05-15', 7745.3, 0, 'DENIED'),
(425, 489, 1, 44, '2023-09-08', 3265.65, 2157.51, 'APPROVED'),
(426, 280, 1, 39, '2026-04-10', 6784.28, 4959.0, 'APPROVED'),
(427, 242, 2, 6, '2023-05-05', 5608.74, 3657.54, 'APPROVED'),
(428, 141, 3, 24, '2023-11-09', 7458.14, 6541.95, 'APPROVED'),
(429, 131, 2, 28, '2023-07-23', 293.51, 177.15, 'APPROVED'),
(430, 237, 1, 20, '2024-01-14', 7750.87, 5348.0, 'APPROVED'),
(431, 305, 3, 13, '2024-04-17', 7120.52, 4818.95, 'APPROVED'),
(432, 496, 3, 18, '2023-03-26', 1128.11, 0, 'DENIED'),
(433, 461, 2, 31, '2024-11-23', 408.57, 264.61, 'APPROVED'),
(434, 437, 5, 31, '2024-12-14', 3058.21, 2291.21, 'APPROVED'),
(435, 289, 1, 26, '2024-04-30', 7542.21, 0, 'DENIED'),
(436, 81, 1, 4, '2026-03-21', 6726.49, 5339.16, 'APPROVED'),
(437, 401, 1, 1, '2024-01-29', 1834.53, 1668.06, 'APPROVED'),
(438, 138, 1, 38, '2023-01-26', 7599.72, 0, 'DENIED'),
(439, 125, 3, 30, '2026-03-09', 3812.37, 3406.27, 'APPROVED'),
(440, 169, 2, 46, '2025-03-17', 5995.23, 0, 'DENIED'),
(441, 494, 1, 39, '2024-09-13', 5317.97, 0, 'DENIED'),
(442, 369, 3, 32, '2023-11-12', 193.14, 140.94, 'APPROVED'),
(443, 136, 1, 9, '2026-02-14', 2851.32, 0, 'DENIED'),
(444, 246, 4, 15, '2026-01-31', 7159.87, 6654.5, 'APPROVED'),
(445, 277, 4, 20, '2026-03-27', 1661.91, 1394.45, 'APPROVED'),
(446, 63, 1, 23, '2024-04-12', 3676.43, 3283.36, 'APPROVED'),
(447, 272, 4, 12, '2026-02-09', 3967.02, 0, 'DENIED'),
(448, 275, 5, 23, '2023-11-29', 1386.25, 993.65, 'APPROVED'),
(449, 210, 1, 43, '2024-06-18', 1187.46, 997.41, 'APPROVED'),
(450, 263, 4, 40, '2024-07-25', 1088.89, 980.71, 'APPROVED'),
(451, 363, 1, 5, '2023-04-04', 7952.72, 6110.83, 'APPROVED'),
(452, 374, 5, 18, '2023-12-08', 4376.9, 2782.9, 'APPROVED'),
(453, 8, 1, 21, '2023-07-11', 475.89, 386.27, 'APPROVED'),
(454, 24, 3, 10, '2025-03-05', 5148.6, 4327.69, 'APPROVED'),
(455, 435, 5, 20, '2024-02-29', 1889.23, 1152.68, 'APPROVED'),
(456, 1, 2, 18, '2023-03-14', 2162.64, 1307.66, 'APPROVED'),
(457, 172, 2, 7, '2025-09-10', 7467.85, 5845.82, 'APPROVED'),
(458, 27, 5, 42, '2024-06-18', 2442.87, 2183.19, 'APPROVED'),
(459, 418, 2, 38, '2023-05-22', 2123.72, 1274.53, 'APPROVED'),
(460, 58, 3, 3, '2023-03-15', 3023.14, 0, 'DENIED'),
(461, 132, 1, 22, '2024-09-24', 6860.25, 5593.22, 'APPROVED'),
(462, 48, 3, 41, '2023-03-08', 3907.36, 3462.9, 'APPROVED'),
(463, 55, 4, 13, '2023-02-20', 3105.61, 0, 'DENIED'),
(464, 121, 3, 16, '2024-12-11', 2632.14, 2023.08, 'APPROVED'),
(465, 481, 1, 8, '2025-10-19', 189.83, 120.07, 'APPROVED'),
(466, 378, 5, 29, '2025-10-08', 3953.48, 2685.32, 'APPROVED'),
(467, 256, 3, 2, '2023-05-29', 1330.25, 887.76, 'APPROVED'),
(468, 426, 4, 22, '2026-03-23', 4231.89, 0, 'DENIED'),
(469, 414, 4, 19, '2025-12-14', 3740.77, 2636.05, 'APPROVED'),
(470, 251, 1, 17, '2024-11-05', 2584.3, 2452.42, 'APPROVED'),
(471, 315, 2, 20, '2023-06-20', 6890.99, 6166.25, 'APPROVED'),
(472, 475, 4, 37, '2025-07-15', 594.97, 448.09, 'APPROVED'),
(473, 127, 4, 25, '2024-12-29', 5762.34, 3809.49, 'APPROVED'),
(474, 213, 1, 50, '2025-02-22', 1424.69, 1272.01, 'APPROVED'),
(475, 271, 3, 37, '2025-06-18', 4725.17, 3757.26, 'APPROVED'),
(476, 374, 5, 15, '2025-08-11', 1949.34, 1576.89, 'APPROVED'),
(477, 131, 4, 12, '2025-06-15', 7849.02, 5319.76, 'APPROVED'),
(478, 79, 1, 28, '2025-12-04', 2982.95, 2151.41, 'APPROVED'),
(479, 364, 5, 5, '2025-04-13', 5967.73, 5171.19, 'APPROVED'),
(480, 14, 3, 6, '2026-02-06', 3336.96, 2458.12, 'APPROVED'),
(481, 340, 1, 35, '2024-03-18', 4942.95, 4334.12, 'APPROVED'),
(482, 266, 1, 2, '2024-01-02', 6891.21, 6489.53, 'APPROVED'),
(483, 88, 2, 47, '2024-03-11', 7285.01, 5579.38, 'APPROVED'),
(484, 206, 4, 41, '2024-09-04', 1112.43, 732.36, 'APPROVED'),
(485, 53, 5, 38, '2025-09-11', 476.39, 399.19, 'APPROVED'),
(486, 379, 4, 25, '2024-03-04', 127.69, 106.13, 'APPROVED'),
(487, 152, 2, 19, '2023-02-25', 631.45, 410.12, 'APPROVED'),
(488, 360, 1, 5, '2025-03-30', 6327.44, 4204.54, 'APPROVED'),
(489, 305, 1, 1, '2025-07-25', 2596.54, 1847.52, 'APPROVED'),
(490, 139, 1, 21, '2023-05-28', 4168.08, 3018.76, 'APPROVED'),
(491, 375, 4, 1, '2025-05-25', 223.08, 137.67, 'APPROVED'),
(492, 75, 5, 21, '2025-02-02', 3224.07, 2507.35, 'APPROVED'),
(493, 415, 4, 22, '2024-01-06', 6192.6, 4109.4, 'APPROVED'),
(494, 261, 1, 28, '2025-09-16', 5763.77, 4107.41, 'APPROVED'),
(495, 351, 2, 43, '2024-10-11', 5153.44, 3526.39, 'APPROVED'),
(496, 242, 4, 17, '2025-01-16', 3860.89, 3597.22, 'APPROVED'),
(497, 480, 1, 44, '2025-08-30', 595.29, 491.59, 'APPROVED'),
(498, 323, 4, 8, '2025-05-31', 3681.44, 2880.73, 'APPROVED'),
(499, 127, 5, 2, '2024-09-10', 3699.63, 2607.77, 'APPROVED'),
(500, 423, 4, 10, '2023-01-02', 6766.12, 5349.54, 'APPROVED'),
(501, 225, 1, 36, '2024-11-04', 1125.57, 1021.69, 'APPROVED'),
(502, 450, 2, 1, '2024-11-29', 5745.7, 3803.14, 'APPROVED'),
(503, 253, 2, 18, '2024-09-30', 5284.37, 3490.25, 'APPROVED'),
(504, 313, 4, 18, '2025-07-27', 624.05, 0, 'DENIED'),
(505, 165, 5, 50, '2024-09-15', 2947.79, 2349.55, 'APPROVED'),
(506, 174, 2, 42, '2026-04-20', 7772.7, 6966.95, 'APPROVED'),
(507, 340, 3, 37, '2023-12-05', 5648.45, 4802.05, 'APPROVED'),
(508, 434, 5, 3, '2023-12-01', 1464.22, 1305.84, 'APPROVED'),
(509, 163, 4, 28, '2024-09-16', 1648.92, 1544.57, 'APPROVED'),
(510, 458, 2, 24, '2023-06-21', 290.99, 247.51, 'APPROVED'),
(511, 302, 2, 50, '2024-04-03', 2118.85, 1540.26, 'APPROVED'),
(512, 20, 4, 33, '2023-08-01', 3536.39, 2695.15, 'APPROVED'),
(513, 300, 3, 12, '2023-09-30', 4176.32, 2670.49, 'APPROVED'),
(514, 57, 5, 24, '2025-09-26', 4409.7, 3854.46, 'APPROVED'),
(515, 468, 1, 50, '2024-08-19', 3731.55, 2258.92, 'APPROVED'),
(516, 458, 3, 23, '2023-07-22', 639.14, 435.87, 'APPROVED'),
(517, 114, 3, 39, '2023-07-20', 6106.41, 0, 'DENIED'),
(518, 58, 1, 17, '2025-07-07', 3473.68, 2891.46, 'APPROVED'),
(519, 47, 5, 44, '2025-12-22', 748.98, 620.71, 'APPROVED'),
(520, 187, 2, 40, '2023-02-05', 177.95, 120.0, 'APPROVED'),
(521, 396, 4, 13, '2026-03-19', 1435.01, 0, 'DENIED'),
(522, 152, 4, 29, '2024-01-02', 4832.46, 4314.05, 'APPROVED'),
(523, 419, 3, 43, '2024-09-10', 4488.7, 3284.6, 'APPROVED'),
(524, 242, 3, 49, '2023-05-05', 832.21, 600.44, 'APPROVED'),
(525, 364, 1, 48, '2025-04-22', 7273.43, 4667.18, 'APPROVED'),
(526, 155, 1, 38, '2023-08-05', 942.69, 872.74, 'APPROVED'),
(527, 333, 3, 46, '2026-01-11', 1183.66, 795.86, 'APPROVED'),
(528, 77, 4, 31, '2023-04-21', 1368.56, 0, 'DENIED'),
(529, 267, 1, 20, '2025-06-14', 6363.52, 0, 'DENIED'),
(530, 491, 5, 23, '2024-10-11', 3198.78, 2194.27, 'APPROVED'),
(531, 288, 2, 38, '2025-01-15', 2274.93, 0, 'DENIED'),
(532, 412, 4, 28, '2025-09-16', 1767.68, 1434.97, 'APPROVED'),
(533, 74, 1, 36, '2025-08-17', 3500.21, 2454.78, 'APPROVED'),
(534, 455, 1, 14, '2023-08-30', 7480.82, 0, 'DENIED'),
(535, 391, 1, 34, '2024-03-26', 2091.8, 1952.99, 'APPROVED'),
(536, 487, 5, 1, '2023-09-02', 4664.57, 0, 'DENIED'),
(537, 141, 4, 14, '2023-05-23', 7574.63, 5790.86, 'APPROVED'),
(538, 385, 3, 24, '2023-02-26', 346.01, 246.98, 'APPROVED'),
(539, 59, 3, 35, '2026-04-02', 4655.38, 3608.45, 'APPROVED'),
(540, 252, 4, 9, '2023-07-30', 7701.84, 7223.22, 'APPROVED'),
(541, 344, 4, 1, '2024-04-29', 2778.98, 1938.95, 'APPROVED'),
(542, 428, 4, 22, '2023-01-31', 1063.31, 883.6, 'APPROVED'),
(543, 70, 4, 27, '2025-11-21', 2850.84, 2595.46, 'APPROVED'),
(544, 495, 1, 34, '2023-01-18', 2067.89, 1870.0, 'APPROVED'),
(545, 148, 5, 12, '2024-10-06', 2309.34, 0, 'DENIED'),
(546, 206, 2, 23, '2023-01-14', 4114.37, 3145.18, 'APPROVED'),
(547, 497, 4, 24, '2025-06-18', 2087.13, 1559.49, 'APPROVED'),
(548, 469, 2, 43, '2024-01-04', 7389.86, 5879.42, 'APPROVED'),
(549, 155, 2, 42, '2025-02-03', 333.12, 221.06, 'APPROVED'),
(550, 50, 3, 5, '2025-07-13', 1059.14, 803.97, 'APPROVED'),
(551, 80, 2, 23, '2025-11-06', 3985.47, 3099.29, 'APPROVED'),
(552, 67, 2, 6, '2024-04-15', 3021.22, 1832.05, 'APPROVED'),
(553, 275, 5, 8, '2023-04-05', 3590.99, 0, 'DENIED'),
(554, 233, 2, 4, '2025-08-07', 6733.19, 4909.35, 'APPROVED'),
(555, 432, 4, 18, '2024-01-22', 1823.66, 0, 'DENIED'),
(556, 290, 4, 36, '2025-11-14', 4468.83, 3707.4, 'APPROVED'),
(557, 255, 3, 40, '2026-04-18', 4080.85, 3241.15, 'APPROVED'),
(558, 448, 3, 31, '2023-03-18', 4824.38, 3118.2, 'APPROVED'),
(559, 465, 1, 48, '2025-04-25', 3875.66, 0, 'DENIED'),
(560, 154, 5, 46, '2025-01-18', 452.12, 0, 'DENIED'),
(561, 276, 4, 7, '2026-02-08', 2811.85, 2562.33, 'APPROVED'),
(562, 8, 2, 7, '2023-05-30', 5288.88, 3257.13, 'APPROVED'),
(563, 358, 1, 16, '2025-10-10', 3619.28, 3140.88, 'APPROVED'),
(564, 311, 5, 4, '2025-09-23', 3789.0, 2834.73, 'APPROVED'),
(565, 54, 2, 15, '2025-01-14', 2150.47, 1672.43, 'APPROVED'),
(566, 78, 1, 50, '2023-08-12', 7642.46, 0, 'DENIED'),
(567, 99, 2, 22, '2024-03-27', 7248.32, 6442.83, 'APPROVED'),
(568, 382, 3, 16, '2024-06-24', 1605.67, 1157.08, 'APPROVED'),
(569, 404, 1, 33, '2023-06-07', 7050.99, 5220.16, 'APPROVED'),
(570, 116, 3, 10, '2023-06-11', 6198.57, 4872.32, 'APPROVED'),
(571, 377, 4, 41, '2025-10-06', 6911.77, 6561.67, 'APPROVED'),
(572, 96, 5, 12, '2026-03-04', 368.6, 313.12, 'APPROVED'),
(573, 386, 3, 26, '2023-08-28', 4038.26, 2982.63, 'APPROVED'),
(574, 39, 3, 50, '2023-11-06', 7343.89, 6211.97, 'APPROVED'),
(575, 399, 4, 4, '2026-01-18', 5287.95, 3625.57, 'APPROVED'),
(576, 417, 4, 49, '2025-11-03', 6393.72, 4227.67, 'APPROVED'),
(577, 100, 3, 48, '2025-02-05', 7016.26, 4427.13, 'APPROVED'),
(578, 254, 2, 39, '2025-01-18', 6717.94, 0, 'DENIED'),
(579, 17, 3, 36, '2024-02-03', 2734.84, 2552.21, 'APPROVED'),
(580, 377, 5, 50, '2023-07-13', 5153.58, 0, 'DENIED'),
(581, 390, 3, 20, '2024-05-20', 6387.66, 3940.91, 'APPROVED'),
(582, 369, 5, 50, '2026-03-04', 416.09, 377.08, 'APPROVED'),
(583, 432, 2, 25, '2024-10-21', 966.59, 711.18, 'APPROVED'),
(584, 199, 4, 14, '2023-09-19', 7884.43, 0, 'DENIED'),
(585, 255, 3, 27, '2024-01-30', 2190.82, 1821.41, 'APPROVED'),
(586, 87, 3, 47, '2025-01-12', 3055.34, 0, 'DENIED'),
(587, 307, 2, 37, '2024-01-23', 7150.97, 5210.52, 'APPROVED'),
(588, 342, 1, 17, '2023-07-05', 7063.09, 0, 'DENIED'),
(589, 331, 3, 49, '2025-06-04', 7347.19, 4718.83, 'APPROVED'),
(590, 143, 5, 34, '2024-03-10', 6313.67, 5305.67, 'APPROVED'),
(591, 47, 5, 9, '2025-10-12', 216.67, 199.95, 'APPROVED'),
(592, 73, 1, 46, '2025-03-01', 3218.28, 2794.59, 'APPROVED'),
(593, 235, 3, 33, '2025-10-18', 5632.4, 4729.34, 'APPROVED'),
(594, 32, 2, 48, '2023-01-30', 5356.9, 3622.66, 'APPROVED'),
(595, 1, 3, 41, '2023-10-03', 3601.84, 0, 'DENIED'),
(596, 447, 3, 34, '2023-03-14', 2804.48, 2549.06, 'APPROVED'),
(597, 174, 5, 6, '2025-11-18', 7565.98, 5952.32, 'APPROVED'),
(598, 184, 3, 27, '2024-08-28', 4363.62, 3583.3, 'APPROVED'),
(599, 459, 4, 40, '2024-01-26', 296.19, 195.49, 'APPROVED'),
(600, 132, 4, 2, '2025-11-05', 257.29, 172.74, 'APPROVED'),
(601, 23, 4, 40, '2026-01-05', 4082.35, 0, 'DENIED'),
(602, 144, 4, 21, '2024-07-21', 6088.02, 4169.36, 'APPROVED'),
(603, 454, 4, 18, '2023-11-27', 2737.66, 2070.08, 'APPROVED'),
(604, 265, 2, 29, '2025-11-08', 5012.52, 4580.47, 'APPROVED'),
(605, 385, 2, 44, '2023-05-29', 5085.05, 4578.39, 'APPROVED'),
(606, 156, 2, 25, '2024-06-30', 3469.44, 0, 'DENIED'),
(607, 165, 4, 40, '2025-01-02', 6017.47, 4659.14, 'APPROVED'),
(608, 146, 4, 50, '2024-11-15', 7996.48, 5832.92, 'APPROVED'),
(609, 330, 1, 36, '2026-02-10', 1731.48, 1039.49, 'APPROVED'),
(610, 416, 2, 47, '2024-03-13', 3945.4, 2524.0, 'APPROVED'),
(611, 344, 4, 30, '2024-05-08', 3254.3, 2329.65, 'APPROVED'),
(612, 499, 1, 17, '2024-06-04', 7514.42, 0, 'DENIED'),
(613, 6, 2, 28, '2025-05-16', 5003.73, 4070.08, 'APPROVED'),
(614, 377, 3, 5, '2025-04-28', 5869.47, 4684.66, 'APPROVED'),
(615, 179, 3, 33, '2026-04-14', 3249.05, 2278.96, 'APPROVED'),
(616, 128, 3, 16, '2026-01-12', 2745.17, 2104.09, 'APPROVED'),
(617, 143, 1, 50, '2025-03-18', 6175.96, 5238.8, 'APPROVED'),
(618, 154, 5, 46, '2023-07-17', 2493.05, 2038.79, 'APPROVED'),
(619, 27, 4, 21, '2023-08-29', 5355.54, 0, 'DENIED'),
(620, 499, 1, 6, '2024-06-02', 7800.15, 7135.55, 'APPROVED'),
(621, 111, 2, 25, '2024-05-11', 2085.95, 1559.54, 'APPROVED'),
(622, 67, 5, 49, '2024-10-12', 1775.08, 1315.94, 'APPROVED'),
(623, 397, 3, 13, '2023-08-08', 6896.63, 5245.62, 'APPROVED'),
(624, 98, 5, 24, '2023-02-20', 1323.15, 805.87, 'APPROVED'),
(625, 364, 1, 43, '2023-03-28', 7297.57, 0, 'DENIED'),
(626, 191, 5, 22, '2023-06-11', 6785.91, 4615.03, 'APPROVED'),
(627, 396, 1, 3, '2025-08-12', 3449.55, 2235.33, 'APPROVED'),
(628, 415, 4, 41, '2025-09-08', 3640.97, 0, 'DENIED'),
(629, 245, 5, 3, '2023-02-12', 4634.01, 2802.0, 'APPROVED'),
(630, 249, 4, 48, '2025-12-13', 3375.37, 2665.54, 'APPROVED'),
(631, 496, 1, 27, '2024-12-25', 3421.08, 0, 'DENIED'),
(632, 476, 3, 37, '2023-08-24', 5038.2, 3869.32, 'APPROVED'),
(633, 10, 2, 42, '2025-01-11', 5818.06, 5335.9, 'APPROVED'),
(634, 318, 4, 16, '2025-05-26', 3201.49, 2733.28, 'APPROVED'),
(635, 30, 2, 19, '2025-02-10', 5495.82, 4971.46, 'APPROVED'),
(636, 193, 1, 42, '2023-06-19', 1577.11, 1052.1, 'APPROVED'),
(637, 370, 1, 38, '2023-05-27', 6482.83, 4860.97, 'APPROVED'),
(638, 282, 2, 27, '2026-02-10', 3063.39, 2266.58, 'APPROVED'),
(639, 155, 1, 13, '2023-03-16', 4880.51, 3599.02, 'APPROVED'),
(640, 233, 3, 33, '2026-04-19', 6606.85, 5158.92, 'APPROVED'),
(641, 78, 3, 17, '2023-08-01', 7420.78, 4765.17, 'APPROVED'),
(642, 159, 2, 23, '2023-07-26', 6334.34, 5859.37, 'APPROVED'),
(643, 176, 1, 37, '2024-07-16', 7545.41, 7114.49, 'APPROVED'),
(644, 29, 3, 43, '2023-08-26', 3590.94, 3041.18, 'APPROVED'),
(645, 162, 1, 11, '2025-06-24', 2773.44, 0, 'DENIED'),
(646, 81, 4, 6, '2023-01-14', 2458.08, 0, 'DENIED'),
(647, 250, 1, 14, '2026-03-29', 4211.56, 3049.59, 'APPROVED'),
(648, 409, 4, 7, '2025-06-12', 1455.43, 1281.15, 'APPROVED'),
(649, 449, 1, 21, '2023-09-25', 1068.13, 0, 'DENIED'),
(650, 119, 5, 6, '2025-12-14', 6130.99, 0, 'DENIED'),
(651, 487, 3, 27, '2025-07-22', 2454.08, 0, 'DENIED'),
(652, 272, 4, 50, '2024-02-06', 4236.92, 3533.45, 'APPROVED'),
(653, 175, 5, 2, '2024-09-28', 6061.65, 5230.5, 'APPROVED'),
(654, 107, 1, 48, '2024-01-08', 1521.61, 0, 'DENIED'),
(655, 65, 5, 16, '2024-12-19', 3205.02, 3031.6, 'APPROVED'),
(656, 144, 1, 21, '2023-05-25', 3904.87, 3585.45, 'APPROVED'),
(657, 433, 4, 48, '2025-11-24', 4010.48, 0, 'DENIED'),
(658, 332, 1, 34, '2023-01-10', 2996.19, 2653.82, 'APPROVED'),
(659, 299, 2, 44, '2024-03-15', 6924.91, 0, 'DENIED'),
(660, 100, 4, 43, '2023-04-14', 4617.42, 3176.41, 'APPROVED'),
(661, 336, 4, 1, '2024-07-24', 3934.93, 3647.59, 'APPROVED'),
(662, 400, 3, 35, '2026-03-01', 4960.98, 3288.25, 'APPROVED'),
(663, 163, 3, 27, '2023-05-18', 2236.2, 2065.23, 'APPROVED'),
(664, 185, 2, 1, '2024-03-09', 6173.06, 4838.08, 'APPROVED'),
(665, 171, 1, 20, '2026-02-06', 3022.82, 2014.49, 'APPROVED'),
(666, 174, 3, 39, '2025-01-23', 1709.01, 1191.95, 'APPROVED'),
(667, 499, 5, 6, '2024-02-23', 4495.49, 0, 'DENIED'),
(668, 56, 3, 9, '2025-07-14', 3106.16, 2378.11, 'APPROVED'),
(669, 500, 2, 41, '2023-05-22', 7268.46, 6781.74, 'APPROVED'),
(670, 303, 3, 38, '2026-01-21', 7807.15, 7104.58, 'APPROVED'),
(671, 213, 3, 20, '2023-12-05', 7437.29, 5651.25, 'APPROVED'),
(672, 140, 5, 35, '2023-08-25', 6191.4, 0, 'DENIED'),
(673, 159, 4, 28, '2026-03-14', 7547.77, 7121.32, 'APPROVED'),
(674, 17, 5, 23, '2023-05-13', 6677.2, 4408.9, 'APPROVED'),
(675, 67, 3, 18, '2024-12-26', 6526.19, 6058.57, 'APPROVED'),
(676, 198, 2, 49, '2024-09-01', 4919.84, 4495.89, 'APPROVED'),
(677, 298, 1, 37, '2026-03-01', 1221.72, 0, 'DENIED'),
(678, 385, 3, 49, '2024-02-09', 1404.95, 1182.48, 'APPROVED'),
(679, 350, 5, 38, '2023-03-20', 6648.48, 5100.18, 'APPROVED'),
(680, 443, 5, 27, '2024-01-17', 2574.55, 0, 'DENIED'),
(681, 146, 2, 29, '2023-09-24', 1520.76, 1245.64, 'APPROVED'),
(682, 42, 1, 38, '2023-09-19', 7461.59, 5478.85, 'APPROVED'),
(683, 114, 2, 29, '2024-08-10', 4481.71, 2914.71, 'APPROVED'),
(684, 114, 1, 24, '2026-01-29', 2427.74, 1669.06, 'APPROVED'),
(685, 197, 4, 30, '2023-03-16', 2706.65, 0, 'DENIED'),
(686, 207, 4, 42, '2025-12-01', 2442.71, 1575.15, 'APPROVED'),
(687, 147, 4, 6, '2024-10-22', 4006.15, 3272.78, 'APPROVED'),
(688, 427, 4, 4, '2025-08-12', 1268.38, 876.65, 'APPROVED'),
(689, 104, 2, 6, '2026-04-20', 4709.13, 3759.46, 'APPROVED'),
(690, 489, 5, 27, '2024-12-15', 7354.89, 5011.86, 'APPROVED'),
(691, 97, 5, 48, '2025-04-26', 6059.74, 4696.64, 'APPROVED'),
(692, 20, 1, 43, '2026-01-01', 3310.83, 2567.72, 'APPROVED'),
(693, 86, 4, 24, '2023-07-26', 2579.96, 0, 'DENIED'),
(694, 235, 3, 39, '2023-08-19', 7832.54, 4853.91, 'APPROVED'),
(695, 341, 2, 35, '2023-09-20', 3966.16, 2490.79, 'APPROVED'),
(696, 249, 2, 29, '2024-11-15', 2279.99, 1538.88, 'APPROVED'),
(697, 497, 1, 25, '2024-12-14', 2770.84, 0, 'DENIED'),
(698, 357, 4, 37, '2024-01-05', 698.3, 604.72, 'APPROVED'),
(699, 473, 4, 36, '2024-11-14', 3826.17, 2573.36, 'APPROVED'),
(700, 218, 3, 39, '2024-12-26', 6409.51, 4171.02, 'APPROVED'),
(701, 452, 4, 32, '2023-01-22', 425.59, 263.0, 'APPROVED'),
(702, 334, 4, 27, '2023-12-08', 253.85, 199.11, 'APPROVED'),
(703, 311, 4, 19, '2026-03-13', 1330.61, 0, 'DENIED'),
(704, 225, 2, 38, '2025-09-18', 2621.65, 1911.76, 'APPROVED'),
(705, 226, 2, 24, '2023-01-05', 6985.2, 5048.83, 'APPROVED'),
(706, 418, 2, 15, '2025-06-03', 353.93, 311.79, 'APPROVED'),
(707, 84, 5, 40, '2023-10-26', 4410.76, 2886.66, 'APPROVED'),
(708, 352, 1, 34, '2023-09-13', 6797.0, 6248.64, 'APPROVED'),
(709, 148, 5, 26, '2026-04-03', 4985.67, 3482.25, 'APPROVED'),
(710, 333, 1, 50, '2024-12-17', 2449.47, 1594.26, 'APPROVED'),
(711, 105, 5, 5, '2026-03-26', 4008.92, 3207.95, 'APPROVED'),
(712, 206, 1, 29, '2025-06-12', 4588.29, 0, 'DENIED'),
(713, 244, 2, 26, '2025-06-19', 3478.91, 2343.84, 'APPROVED'),
(714, 128, 3, 10, '2024-12-27', 5265.38, 4378.33, 'APPROVED'),
(715, 404, 3, 29, '2026-03-15', 6089.56, 0, 'DENIED'),
(716, 80, 5, 3, '2025-09-19', 5872.14, 5457.96, 'APPROVED'),
(717, 100, 4, 29, '2023-01-14', 1636.91, 1270.93, 'APPROVED'),
(718, 41, 5, 17, '2025-06-25', 5744.06, 5006.49, 'APPROVED'),
(719, 308, 4, 23, '2025-08-25', 6636.54, 5321.1, 'APPROVED'),
(720, 162, 3, 18, '2025-05-18', 5409.45, 3980.96, 'APPROVED'),
(721, 221, 2, 4, '2024-11-24', 5136.55, 4696.0, 'APPROVED'),
(722, 230, 3, 49, '2024-10-13', 6227.98, 5609.52, 'APPROVED'),
(723, 112, 2, 43, '2024-01-15', 3843.65, 3549.91, 'APPROVED'),
(724, 135, 4, 19, '2023-02-02', 5814.68, 0, 'DENIED'),
(725, 82, 3, 38, '2024-11-27', 2605.96, 2337.68, 'APPROVED'),
(726, 450, 4, 39, '2024-01-15', 1773.57, 1316.23, 'APPROVED'),
(727, 272, 3, 26, '2025-11-28', 3860.46, 2949.76, 'APPROVED'),
(728, 362, 1, 31, '2023-12-28', 5122.26, 3767.51, 'APPROVED'),
(729, 403, 2, 24, '2023-11-05', 6608.4, 5801.07, 'APPROVED'),
(730, 312, 2, 36, '2023-06-29', 6997.79, 0, 'DENIED'),
(731, 397, 5, 40, '2025-06-14', 3664.91, 2840.1, 'APPROVED'),
(732, 122, 3, 36, '2025-02-23', 6284.48, 4426.32, 'APPROVED'),
(733, 448, 2, 15, '2026-04-05', 7461.05, 7031.44, 'APPROVED'),
(734, 369, 2, 9, '2023-05-06', 6385.18, 3977.37, 'APPROVED'),
(735, 133, 4, 3, '2024-12-12', 4186.93, 3803.93, 'APPROVED'),
(736, 464, 2, 5, '2025-05-26', 3276.4, 2073.24, 'APPROVED'),
(737, 493, 2, 35, '2024-04-19', 1321.02, 1140.62, 'APPROVED'),
(738, 37, 4, 24, '2023-05-24', 4765.16, 2866.34, 'APPROVED'),
(739, 60, 1, 36, '2024-02-27', 6384.17, 0, 'DENIED'),
(740, 27, 5, 41, '2023-01-10', 1713.23, 1065.61, 'APPROVED'),
(741, 490, 1, 10, '2023-01-18', 2813.81, 0, 'DENIED'),
(742, 10, 4, 7, '2026-02-14', 2890.45, 2439.26, 'APPROVED'),
(743, 142, 3, 32, '2023-04-03', 4221.09, 2664.08, 'APPROVED'),
(744, 49, 5, 30, '2023-10-07', 3478.34, 0, 'DENIED'),
(745, 93, 1, 23, '2025-12-27', 1921.84, 1565.7, 'APPROVED'),
(746, 429, 4, 35, '2023-05-03', 442.82, 419.3, 'APPROVED'),
(747, 173, 2, 30, '2023-06-19', 4293.81, 3056.61, 'APPROVED'),
(748, 394, 1, 37, '2023-10-20', 927.32, 779.08, 'APPROVED'),
(749, 225, 3, 11, '2024-06-21', 3929.79, 2700.2, 'APPROVED'),
(750, 6, 2, 10, '2026-01-18', 3481.11, 2203.07, 'APPROVED'),
(751, 403, 1, 38, '2023-11-25', 2691.19, 2333.1, 'APPROVED'),
(752, 409, 3, 3, '2025-11-18', 7661.96, 0, 'DENIED'),
(753, 168, 4, 36, '2023-02-13', 3900.92, 3460.54, 'APPROVED'),
(754, 385, 5, 36, '2026-01-21', 5521.31, 3905.87, 'APPROVED'),
(755, 235, 1, 9, '2024-04-06', 1738.16, 1628.27, 'APPROVED'),
(756, 9, 3, 15, '2024-02-08', 6015.3, 3895.6, 'APPROVED'),
(757, 466, 3, 15, '2023-11-18', 2087.79, 1891.62, 'APPROVED'),
(758, 370, 3, 5, '2023-07-07', 3876.06, 2852.22, 'APPROVED'),
(759, 255, 2, 48, '2024-09-30', 6051.53, 4586.4, 'APPROVED'),
(760, 337, 1, 40, '2026-02-28', 2327.21, 1943.06, 'APPROVED'),
(761, 472, 4, 13, '2024-03-29', 4972.72, 3825.67, 'APPROVED'),
(762, 476, 4, 22, '2026-01-03', 4536.26, 2727.15, 'APPROVED'),
(763, 87, 3, 4, '2024-05-05', 4164.89, 2713.88, 'APPROVED'),
(764, 128, 5, 45, '2023-08-20', 4312.3, 3863.67, 'APPROVED'),
(765, 375, 4, 5, '2026-03-05', 2741.85, 1713.24, 'APPROVED'),
(766, 168, 1, 15, '2023-07-01', 3001.76, 2639.14, 'APPROVED'),
(767, 4, 1, 13, '2024-06-10', 2524.26, 0, 'DENIED'),
(768, 76, 3, 19, '2023-03-30', 2921.45, 2221.95, 'APPROVED'),
(769, 123, 5, 27, '2023-02-15', 7559.83, 4652.6, 'APPROVED'),
(770, 164, 3, 34, '2024-08-12', 586.49, 430.08, 'APPROVED'),
(771, 287, 4, 41, '2025-01-27', 3882.9, 3241.21, 'APPROVED'),
(772, 41, 2, 18, '2023-07-28', 160.71, 148.36, 'APPROVED'),
(773, 57, 3, 14, '2024-11-06', 2732.57, 1891.59, 'APPROVED'),
(774, 147, 2, 6, '2026-04-21', 2662.07, 2016.32, 'APPROVED'),
(775, 310, 2, 36, '2023-12-13', 7266.59, 6020.52, 'APPROVED'),
(776, 321, 2, 20, '2023-01-17', 5029.37, 0, 'DENIED'),
(777, 499, 2, 45, '2025-06-28', 7667.99, 5985.68, 'APPROVED'),
(778, 220, 3, 46, '2023-07-08', 6814.85, 0, 'DENIED'),
(779, 264, 5, 38, '2024-03-14', 3000.86, 2103.91, 'APPROVED'),
(780, 446, 3, 15, '2023-09-04', 4976.21, 3017.26, 'APPROVED'),
(781, 139, 5, 25, '2025-02-27', 2913.96, 2204.57, 'APPROVED'),
(782, 496, 3, 36, '2024-03-20', 2591.22, 2181.89, 'APPROVED'),
(783, 463, 3, 50, '2023-11-30', 3830.14, 3097.16, 'APPROVED'),
(784, 122, 3, 17, '2025-03-08', 3789.65, 3482.69, 'APPROVED'),
(785, 87, 5, 20, '2023-04-01', 3098.4, 2026.15, 'APPROVED'),
(786, 26, 1, 36, '2023-01-07', 3382.23, 2841.81, 'APPROVED'),
(787, 445, 1, 16, '2024-07-25', 4882.28, 3303.39, 'APPROVED'),
(788, 392, 2, 44, '2024-09-13', 6394.96, 6003.61, 'APPROVED'),
(789, 103, 2, 7, '2024-01-20', 4847.24, 4001.91, 'APPROVED'),
(790, 96, 1, 28, '2024-03-28', 6969.97, 5083.52, 'APPROVED'),
(791, 216, 5, 7, '2025-09-02', 7269.55, 5861.81, 'APPROVED'),
(792, 17, 5, 25, '2024-01-20', 2006.82, 1857.91, 'APPROVED'),
(793, 433, 3, 50, '2025-11-17', 6462.2, 5448.63, 'APPROVED'),
(794, 490, 1, 19, '2023-01-12', 7209.42, 4440.64, 'APPROVED'),
(795, 172, 2, 40, '2023-01-18', 714.34, 442.33, 'APPROVED'),
(796, 150, 1, 30, '2024-01-28', 7572.19, 5809.26, 'APPROVED'),
(797, 395, 5, 34, '2025-05-17', 3613.31, 2438.23, 'APPROVED'),
(798, 280, 5, 9, '2025-10-04', 5219.87, 4707.7, 'APPROVED'),
(799, 411, 5, 12, '2023-05-23', 1465.04, 1237.64, 'APPROVED'),
(800, 314, 5, 30, '2024-09-14', 4163.51, 3516.53, 'APPROVED'),
(801, 125, 1, 26, '2023-05-09', 4542.84, 3669.71, 'APPROVED'),
(802, 216, 1, 4, '2024-03-15', 3482.19, 2307.6, 'APPROVED'),
(803, 1, 1, 2, '2025-10-01', 4521.09, 2948.59, 'APPROVED'),
(804, 423, 5, 9, '2023-04-04', 7820.55, 5448.69, 'APPROVED'),
(805, 490, 4, 46, '2024-11-22', 3722.74, 2699.62, 'APPROVED'),
(806, 142, 4, 41, '2023-08-10', 5983.94, 0, 'DENIED'),
(807, 4, 5, 6, '2024-09-03', 3559.5, 2533.82, 'APPROVED'),
(808, 285, 1, 47, '2025-01-26', 6450.59, 4759.44, 'APPROVED'),
(809, 127, 2, 15, '2023-02-07', 5314.12, 4580.2, 'APPROVED'),
(810, 152, 3, 37, '2024-11-30', 942.3, 604.53, 'APPROVED'),
(811, 355, 2, 33, '2024-08-16', 1010.73, 882.34, 'APPROVED'),
(812, 21, 4, 47, '2026-01-08', 2902.12, 1783.68, 'APPROVED'),
(813, 102, 1, 9, '2025-01-25', 2445.37, 1835.62, 'APPROVED'),
(814, 494, 4, 34, '2023-05-11', 722.59, 527.31, 'APPROVED'),
(815, 131, 4, 8, '2023-07-21', 6438.43, 3956.86, 'APPROVED'),
(816, 316, 2, 26, '2024-05-30', 2802.56, 2607.18, 'APPROVED'),
(817, 486, 3, 34, '2025-02-18', 2527.7, 1600.71, 'APPROVED'),
(818, 232, 4, 35, '2026-01-06', 6910.95, 5570.66, 'APPROVED'),
(819, 7, 2, 45, '2024-04-26', 5464.42, 4943.74, 'APPROVED'),
(820, 12, 2, 23, '2024-07-19', 2568.0, 1558.06, 'APPROVED'),
(821, 451, 4, 18, '2025-08-29', 6147.46, 0, 'DENIED'),
(822, 95, 1, 12, '2024-12-23', 1471.52, 1358.93, 'APPROVED'),
(823, 264, 3, 31, '2023-10-07', 3677.98, 2373.24, 'APPROVED'),
(824, 47, 3, 21, '2023-06-15', 5663.29, 4297.26, 'APPROVED'),
(825, 445, 5, 12, '2024-04-06', 7412.13, 5537.81, 'APPROVED'),
(826, 336, 2, 18, '2023-10-24', 4359.88, 3535.04, 'APPROVED'),
(827, 399, 2, 47, '2024-01-26', 6687.24, 5305.65, 'APPROVED'),
(828, 122, 1, 20, '2026-01-12', 7222.13, 5653.77, 'APPROVED'),
(829, 243, 2, 6, '2025-09-25', 1285.13, 839.96, 'APPROVED'),
(830, 275, 4, 16, '2026-04-17', 4376.74, 3592.76, 'APPROVED'),
(831, 133, 4, 2, '2023-05-10', 4403.2, 0, 'DENIED'),
(832, 411, 3, 50, '2025-02-04', 1891.55, 1359.49, 'APPROVED'),
(833, 18, 3, 49, '2024-01-18', 5411.66, 4373.07, 'APPROVED'),
(834, 343, 5, 9, '2023-12-13', 6310.21, 4295.08, 'APPROVED'),
(835, 115, 2, 32, '2023-10-19', 4529.22, 0, 'DENIED'),
(836, 302, 3, 21, '2025-11-16', 458.58, 0, 'DENIED'),
(837, 235, 4, 35, '2025-01-04', 886.12, 835.12, 'APPROVED'),
(838, 499, 5, 21, '2024-11-21', 4028.53, 2775.27, 'APPROVED'),
(839, 229, 4, 49, '2025-05-01', 4566.9, 0, 'DENIED'),
(840, 401, 4, 31, '2025-03-11', 2639.19, 1637.89, 'APPROVED'),
(841, 4, 5, 31, '2024-12-23', 4971.78, 3745.91, 'APPROVED'),
(842, 420, 3, 27, '2024-09-27', 4392.34, 3139.33, 'APPROVED'),
(843, 79, 3, 29, '2024-11-17', 6625.19, 5536.14, 'APPROVED'),
(844, 234, 4, 50, '2023-03-26', 4613.4, 3143.33, 'APPROVED'),
(845, 232, 5, 40, '2024-05-27', 2317.55, 1739.53, 'APPROVED'),
(846, 276, 1, 9, '2025-11-16', 1444.46, 1211.57, 'APPROVED'),
(847, 295, 1, 18, '2025-01-15', 104.2, 90.53, 'APPROVED'),
(848, 340, 5, 34, '2025-05-18', 1588.19, 0, 'DENIED'),
(849, 218, 4, 20, '2023-07-15', 253.63, 239.44, 'APPROVED'),
(850, 485, 5, 44, '2025-06-01', 4139.56, 2837.44, 'APPROVED'),
(851, 389, 2, 3, '2023-02-13', 4805.27, 3813.24, 'APPROVED'),
(852, 99, 4, 21, '2023-12-02', 6614.41, 6131.54, 'APPROVED'),
(853, 336, 3, 1, '2024-08-30', 3991.23, 2405.52, 'APPROVED'),
(854, 17, 3, 49, '2025-09-05', 6506.64, 5386.61, 'APPROVED'),
(855, 357, 5, 9, '2026-04-18', 262.06, 218.36, 'APPROVED'),
(856, 165, 5, 20, '2025-09-28', 1409.38, 0, 'DENIED'),
(857, 409, 2, 27, '2023-09-07', 4888.38, 3617.11, 'APPROVED'),
(858, 162, 2, 36, '2023-08-06', 4456.76, 3247.53, 'APPROVED'),
(859, 72, 5, 41, '2023-08-11', 4292.84, 3556.32, 'APPROVED'),
(860, 398, 4, 24, '2023-08-24', 1380.43, 0, 'DENIED'),
(861, 221, 5, 23, '2025-10-29', 3505.24, 2139.64, 'APPROVED'),
(862, 284, 4, 2, '2024-05-20', 7042.08, 0, 'DENIED'),
(863, 187, 4, 32, '2023-01-25', 2820.02, 2280.43, 'APPROVED'),
(864, 115, 5, 40, '2025-08-07', 3402.82, 2875.86, 'APPROVED'),
(865, 10, 2, 45, '2025-02-14', 2347.24, 1787.21, 'APPROVED'),
(866, 304, 5, 49, '2024-08-12', 2867.58, 2593.83, 'APPROVED'),
(867, 270, 5, 33, '2024-09-22', 6453.77, 0, 'DENIED'),
(868, 404, 2, 35, '2026-03-01', 7247.31, 6587.02, 'APPROVED'),
(869, 145, 1, 27, '2026-02-04', 7497.31, 4514.99, 'APPROVED'),
(870, 349, 3, 26, '2024-09-26', 5337.61, 4383.68, 'APPROVED'),
(871, 81, 1, 41, '2025-09-03', 4430.94, 3084.2, 'APPROVED'),
(872, 197, 5, 18, '2026-02-22', 1639.55, 1434.16, 'APPROVED'),
(873, 2, 3, 4, '2025-09-21', 4887.64, 3560.49, 'APPROVED'),
(874, 309, 5, 47, '2024-02-21', 532.71, 411.64, 'APPROVED'),
(875, 110, 1, 32, '2026-03-03', 3776.87, 2523.34, 'APPROVED'),
(876, 122, 2, 27, '2025-01-08', 1502.08, 1076.6, 'APPROVED'),
(877, 439, 5, 22, '2023-03-13', 3787.12, 2406.49, 'APPROVED'),
(878, 475, 5, 20, '2025-03-26', 7709.09, 7019.89, 'APPROVED'),
(879, 245, 4, 40, '2024-07-27', 2304.86, 1755.35, 'APPROVED'),
(880, 76, 2, 16, '2023-09-06', 7384.34, 6410.72, 'APPROVED'),
(881, 50, 2, 34, '2023-12-21', 4131.58, 2497.74, 'APPROVED'),
(882, 94, 4, 34, '2023-09-15', 6656.67, 4010.32, 'APPROVED'),
(883, 74, 1, 33, '2024-07-13', 5991.82, 4145.71, 'APPROVED'),
(884, 143, 4, 19, '2024-04-26', 3758.74, 2332.11, 'APPROVED'),
(885, 15, 3, 18, '2024-01-29', 3234.57, 2739.97, 'APPROVED'),
(886, 270, 3, 17, '2023-04-15', 6464.19, 5799.31, 'APPROVED'),
(887, 423, 5, 2, '2024-03-21', 3444.29, 2651.15, 'APPROVED'),
(888, 120, 5, 28, '2023-03-07', 4385.45, 3758.19, 'APPROVED'),
(889, 440, 1, 26, '2023-12-04', 5181.34, 3543.88, 'APPROVED'),
(890, 497, 3, 30, '2024-09-26', 286.62, 246.72, 'APPROVED'),
(891, 364, 4, 33, '2025-01-19', 6331.02, 4754.41, 'APPROVED'),
(892, 331, 5, 17, '2024-03-04', 7842.2, 4838.93, 'APPROVED'),
(893, 301, 5, 40, '2023-09-27', 7150.02, 5895.16, 'APPROVED'),
(894, 220, 3, 22, '2025-05-08', 6626.04, 0, 'DENIED'),
(895, 395, 2, 22, '2024-09-23', 3271.25, 2697.62, 'APPROVED'),
(896, 50, 2, 5, '2024-04-22', 904.22, 676.23, 'APPROVED'),
(897, 177, 3, 40, '2023-10-11', 768.72, 0, 'DENIED'),
(898, 87, 1, 11, '2025-09-15', 5093.92, 3632.02, 'APPROVED'),
(899, 499, 5, 15, '2025-03-08', 1458.1, 1335.54, 'APPROVED'),
(900, 357, 3, 13, '2025-10-25', 530.52, 403.52, 'APPROVED'),
(901, 359, 3, 3, '2023-07-21', 785.89, 656.59, 'APPROVED'),
(902, 459, 2, 50, '2025-06-19', 7762.45, 4819.23, 'APPROVED'),
(903, 97, 2, 41, '2023-02-25', 893.64, 776.37, 'APPROVED'),
(904, 101, 5, 42, '2026-03-18', 2110.82, 1583.14, 'APPROVED'),
(905, 45, 2, 28, '2025-01-15', 6386.46, 4068.34, 'APPROVED'),
(906, 445, 4, 46, '2025-08-28', 3581.78, 2326.96, 'APPROVED'),
(907, 175, 4, 42, '2024-01-03', 1824.91, 0, 'DENIED'),
(908, 481, 5, 42, '2025-07-15', 496.58, 339.02, 'APPROVED'),
(909, 465, 2, 35, '2024-02-20', 6751.44, 6408.06, 'APPROVED'),
(910, 135, 2, 17, '2025-01-24', 3835.42, 2417.11, 'APPROVED'),
(911, 265, 4, 11, '2025-09-16', 4616.16, 4243.25, 'APPROVED'),
(912, 461, 2, 15, '2024-12-14', 4108.91, 0, 'DENIED'),
(913, 442, 5, 30, '2023-08-28', 4710.88, 3984.13, 'APPROVED'),
(914, 259, 2, 44, '2023-01-24', 2702.32, 2255.33, 'APPROVED'),
(915, 275, 3, 9, '2024-02-19', 641.96, 394.7, 'APPROVED'),
(916, 263, 4, 24, '2026-01-24', 7762.63, 0, 'DENIED'),
(917, 361, 4, 50, '2024-07-28', 3517.23, 2939.35, 'APPROVED'),
(918, 75, 4, 9, '2026-04-12', 4393.83, 0, 'DENIED'),
(919, 392, 1, 41, '2023-09-15', 1518.09, 1208.1, 'APPROVED'),
(920, 58, 2, 37, '2024-06-08', 2249.85, 1919.84, 'APPROVED'),
(921, 339, 3, 26, '2023-03-20', 7642.26, 0, 'DENIED'),
(922, 400, 1, 24, '2023-09-11', 3769.38, 0, 'DENIED'),
(923, 404, 3, 42, '2025-05-05', 7449.97, 5641.13, 'APPROVED'),
(924, 293, 5, 2, '2025-09-24', 6687.06, 0, 'DENIED'),
(925, 448, 4, 8, '2025-11-08', 6516.68, 4043.25, 'APPROVED'),
(926, 243, 5, 50, '2025-09-01', 4946.37, 3226.86, 'APPROVED'),
(927, 42, 4, 44, '2023-09-13', 5820.34, 4834.61, 'APPROVED'),
(928, 243, 3, 47, '2024-09-18', 1228.32, 0, 'DENIED'),
(929, 214, 3, 43, '2025-11-30', 5946.93, 5051.37, 'APPROVED'),
(930, 282, 2, 49, '2024-07-25', 1833.59, 1113.81, 'APPROVED'),
(931, 434, 5, 8, '2025-04-28', 3951.02, 3699.6, 'APPROVED'),
(932, 375, 2, 49, '2023-04-17', 7529.69, 5438.43, 'APPROVED'),
(933, 73, 4, 37, '2024-11-11', 4357.66, 3157.88, 'APPROVED'),
(934, 426, 4, 31, '2024-11-05', 7036.58, 4340.0, 'APPROVED'),
(935, 136, 2, 16, '2024-02-06', 7296.77, 4951.59, 'APPROVED'),
(936, 85, 3, 11, '2024-01-18', 2916.49, 2285.26, 'APPROVED'),
(937, 282, 5, 27, '2026-04-14', 1176.76, 758.54, 'APPROVED'),
(938, 316, 2, 3, '2024-03-09', 5765.56, 0, 'DENIED'),
(939, 55, 2, 6, '2025-10-23', 3454.65, 0, 'DENIED'),
(940, 363, 1, 45, '2024-03-31', 7612.53, 4691.91, 'APPROVED'),
(941, 297, 2, 41, '2023-04-03', 2673.5, 2334.72, 'APPROVED'),
(942, 448, 5, 27, '2024-05-20', 1826.04, 1382.92, 'APPROVED'),
(943, 365, 3, 41, '2024-11-21', 2909.0, 2742.2, 'APPROVED'),
(944, 10, 5, 22, '2024-12-27', 826.79, 607.45, 'APPROVED'),
(945, 401, 3, 17, '2023-03-18', 6845.76, 6361.65, 'APPROVED'),
(946, 447, 1, 37, '2024-04-15', 3920.48, 2971.32, 'APPROVED'),
(947, 352, 3, 2, '2024-01-25', 3869.1, 3468.0, 'APPROVED'),
(948, 69, 3, 23, '2024-05-07', 825.64, 594.56, 'APPROVED'),
(949, 210, 5, 31, '2023-02-18', 7275.53, 6742.86, 'APPROVED'),
(950, 487, 3, 6, '2025-03-01', 4327.27, 3133.04, 'APPROVED'),
(951, 408, 1, 26, '2025-07-11', 6885.83, 5313.36, 'APPROVED'),
(952, 275, 4, 38, '2024-05-09', 2622.53, 2152.18, 'APPROVED'),
(953, 205, 4, 34, '2023-06-10', 5647.55, 3836.84, 'APPROVED'),
(954, 206, 1, 44, '2023-11-01', 918.0, 706.34, 'APPROVED'),
(955, 63, 1, 5, '2023-04-13', 7388.25, 0, 'DENIED'),
(956, 376, 5, 23, '2025-12-25', 5312.43, 4516.35, 'APPROVED'),
(957, 413, 3, 47, '2023-08-27', 6089.14, 5612.69, 'APPROVED'),
(958, 344, 4, 26, '2024-06-18', 4607.99, 0, 'DENIED'),
(959, 132, 2, 34, '2024-05-08', 2167.91, 1395.58, 'APPROVED'),
(960, 109, 1, 12, '2025-01-06', 641.28, 412.28, 'APPROVED'),
(961, 75, 2, 7, '2025-12-18', 7160.47, 4870.15, 'APPROVED'),
(962, 332, 5, 36, '2025-11-17', 7094.37, 0, 'DENIED'),
(963, 391, 2, 28, '2025-06-10', 5936.9, 4998.7, 'APPROVED'),
(964, 243, 1, 10, '2024-11-15', 1049.72, 878.73, 'APPROVED'),
(965, 293, 5, 32, '2024-03-07', 7553.77, 6620.9, 'APPROVED'),
(966, 219, 1, 25, '2026-01-11', 336.81, 229.08, 'APPROVED'),
(967, 471, 4, 24, '2025-01-06', 3241.73, 2406.8, 'APPROVED'),
(968, 388, 2, 4, '2025-03-02', 5301.08, 4926.24, 'APPROVED'),
(969, 463, 4, 44, '2025-02-26', 2953.56, 2060.09, 'APPROVED'),
(970, 388, 2, 23, '2026-02-24', 4290.1, 0, 'DENIED'),
(971, 201, 2, 2, '2024-05-07', 5674.98, 4908.32, 'APPROVED'),
(972, 219, 3, 48, '2026-01-13', 7923.95, 5507.89, 'APPROVED'),
(973, 26, 4, 22, '2025-09-16', 1334.97, 1106.82, 'APPROVED'),
(974, 67, 5, 50, '2025-07-26', 1153.3, 1019.14, 'APPROVED'),
(975, 114, 1, 38, '2025-03-29', 416.87, 313.49, 'APPROVED'),
(976, 327, 4, 33, '2025-06-06', 1485.75, 1013.01, 'APPROVED'),
(977, 57, 5, 13, '2024-07-04', 6371.49, 4190.19, 'APPROVED'),
(978, 421, 3, 44, '2026-02-24', 2052.36, 1508.44, 'APPROVED'),
(979, 102, 4, 34, '2024-07-06', 1657.84, 1329.98, 'APPROVED'),
(980, 156, 5, 42, '2026-02-25', 6943.24, 0, 'DENIED'),
(981, 198, 2, 7, '2023-06-13', 410.06, 303.93, 'APPROVED'),
(982, 361, 2, 22, '2025-10-31', 4181.8, 3908.14, 'APPROVED'),
(983, 34, 3, 38, '2024-06-18', 7142.86, 4907.83, 'APPROVED'),
(984, 31, 2, 1, '2024-06-07', 1789.1, 1656.55, 'APPROVED'),
(985, 484, 5, 44, '2023-12-15', 915.26, 597.53, 'APPROVED'),
(986, 381, 2, 29, '2025-08-31', 7872.93, 5964.8, 'APPROVED'),
(987, 165, 2, 11, '2024-12-19', 6446.02, 4631.05, 'APPROVED'),
(988, 418, 3, 34, '2026-03-07', 3792.67, 2888.45, 'APPROVED'),
(989, 138, 4, 22, '2025-12-27', 936.81, 849.62, 'APPROVED'),
(990, 400, 4, 16, '2023-01-21', 7966.07, 6197.32, 'APPROVED'),
(991, 120, 4, 45, '2023-09-29', 495.93, 448.05, 'APPROVED'),
(992, 470, 1, 37, '2025-06-07', 786.3, 628.06, 'APPROVED'),
(993, 25, 2, 3, '2024-07-24', 961.2, 879.5, 'APPROVED'),
(994, 311, 4, 34, '2024-10-02', 2479.07, 1723.41, 'APPROVED'),
(995, 432, 5, 50, '2024-06-26', 610.45, 486.09, 'APPROVED'),
(996, 73, 1, 50, '2025-10-24', 6323.95, 5354.37, 'APPROVED'),
(997, 453, 3, 35, '2023-02-14', 473.9, 314.57, 'APPROVED'),
(998, 412, 5, 21, '2023-10-27', 3661.69, 3034.2, 'APPROVED'),
(999, 417, 2, 5, '2024-02-20', 2482.4, 0, 'DENIED'),
(1000, 483, 4, 43, '2024-10-30', 6930.26, 5240.89, 'APPROVED'),
(1001, 184, 3, 44, '2023-12-10', 2954.21, 2491.06, 'APPROVED'),
(1002, 103, 4, 33, '2025-12-22', 7088.22, 6015.25, 'APPROVED'),
(1003, 10, 5, 3, '2024-09-02', 5162.56, 4830.45, 'APPROVED'),
(1004, 63, 4, 18, '2025-08-15', 3314.32, 2692.07, 'APPROVED'),
(1005, 292, 2, 36, '2024-05-25', 2395.52, 2087.23, 'APPROVED'),
(1006, 369, 3, 23, '2025-02-25', 517.73, 399.84, 'APPROVED'),
(1007, 237, 4, 25, '2024-09-22', 5011.81, 4757.48, 'APPROVED'),
(1008, 96, 4, 16, '2025-11-13', 3948.17, 2805.65, 'APPROVED'),
(1009, 253, 3, 29, '2023-05-18', 614.78, 558.2, 'APPROVED'),
(1010, 66, 5, 10, '2023-11-22', 7834.59, 0, 'DENIED'),
(1011, 366, 2, 38, '2024-07-02', 117.22, 78.36, 'APPROVED'),
(1012, 254, 4, 48, '2023-04-06', 1835.69, 1288.31, 'APPROVED'),
(1013, 391, 5, 11, '2025-08-20', 5197.76, 3500.35, 'APPROVED'),
(1014, 324, 1, 49, '2023-03-30', 5458.73, 0, 'DENIED'),
(1015, 459, 4, 36, '2026-01-04', 3715.08, 3152.58, 'APPROVED'),
(1016, 214, 1, 27, '2025-07-21', 6302.49, 3935.99, 'APPROVED'),
(1017, 27, 2, 5, '2023-02-12', 5537.31, 5194.86, 'APPROVED'),
(1018, 375, 5, 32, '2023-01-23', 7621.67, 7134.17, 'APPROVED'),
(1019, 397, 2, 35, '2025-06-12', 7546.17, 7087.37, 'APPROVED'),
(1020, 417, 4, 44, '2023-02-24', 1662.96, 1384.13, 'APPROVED'),
(1021, 191, 3, 3, '2025-11-15', 6644.86, 5366.87, 'APPROVED'),
(1022, 432, 3, 36, '2026-03-04', 4703.38, 3295.44, 'APPROVED'),
(1023, 243, 4, 11, '2023-05-29', 466.75, 421.65, 'APPROVED'),
(1024, 378, 4, 22, '2025-09-16', 977.39, 706.27, 'APPROVED'),
(1025, 102, 4, 37, '2024-08-09', 6085.88, 3681.93, 'APPROVED'),
(1026, 224, 5, 31, '2025-05-08', 6334.01, 4054.48, 'APPROVED'),
(1027, 385, 2, 17, '2023-09-01', 857.59, 673.88, 'APPROVED'),
(1028, 145, 5, 16, '2024-03-01', 4884.59, 3411.36, 'APPROVED'),
(1029, 183, 2, 15, '2026-03-11', 7337.4, 5354.45, 'APPROVED'),
(1030, 5, 4, 46, '2025-10-25', 4853.21, 3735.04, 'APPROVED'),
(1031, 278, 5, 22, '2024-06-06', 7788.35, 7283.22, 'APPROVED'),
(1032, 169, 3, 26, '2025-03-31', 2321.9, 2114.54, 'APPROVED'),
(1033, 64, 3, 18, '2026-01-26', 4514.54, 4206.37, 'APPROVED'),
(1034, 357, 2, 23, '2023-10-29', 7846.35, 0, 'DENIED'),
(1035, 55, 2, 49, '2024-05-25', 6114.0, 4901.33, 'APPROVED'),
(1036, 286, 4, 1, '2025-05-01', 6818.11, 5769.59, 'APPROVED'),
(1037, 438, 3, 37, '2026-02-12', 5043.42, 3396.73, 'APPROVED'),
(1038, 102, 3, 17, '2023-09-09', 7483.99, 4970.13, 'APPROVED'),
(1039, 193, 5, 15, '2025-06-05', 5060.85, 3468.21, 'APPROVED'),
(1040, 224, 1, 17, '2024-12-19', 1244.49, 877.44, 'APPROVED'),
(1041, 259, 2, 30, '2024-05-21', 3155.58, 2881.21, 'APPROVED'),
(1042, 192, 3, 26, '2025-02-02', 4637.6, 4322.32, 'APPROVED'),
(1043, 13, 2, 42, '2023-09-29', 4314.7, 3732.87, 'APPROVED'),
(1044, 357, 2, 19, '2023-05-08', 1373.57, 1101.81, 'APPROVED'),
(1045, 236, 4, 50, '2024-04-13', 6496.36, 5972.1, 'APPROVED'),
(1046, 343, 4, 10, '2025-07-02', 1956.25, 1462.51, 'APPROVED'),
(1047, 33, 1, 44, '2024-12-10', 6858.22, 5025.74, 'APPROVED'),
(1048, 380, 3, 15, '2024-01-02', 715.14, 624.87, 'APPROVED'),
(1049, 216, 5, 49, '2024-03-27', 7508.92, 5632.27, 'APPROVED'),
(1050, 134, 3, 5, '2023-12-02', 7885.09, 5191.22, 'APPROVED'),
(1051, 119, 5, 46, '2023-02-25', 1315.42, 826.15, 'APPROVED'),
(1052, 398, 2, 42, '2025-10-18', 531.01, 377.46, 'APPROVED'),
(1053, 34, 3, 10, '2025-05-20', 4159.82, 2655.03, 'APPROVED'),
(1054, 20, 3, 26, '2025-12-05', 3916.85, 3370.97, 'APPROVED'),
(1055, 391, 3, 16, '2026-01-03', 1106.67, 0, 'DENIED'),
(1056, 290, 2, 22, '2025-02-01', 889.64, 536.95, 'APPROVED'),
(1057, 285, 3, 10, '2025-03-19', 292.69, 0, 'DENIED'),
(1058, 401, 5, 29, '2025-07-29', 804.22, 745.21, 'APPROVED'),
(1059, 337, 5, 17, '2025-07-14', 7535.87, 5746.25, 'APPROVED'),
(1060, 83, 1, 18, '2025-05-30', 4883.45, 4076.24, 'APPROVED'),
(1061, 268, 2, 45, '2024-01-17', 1430.23, 1216.75, 'APPROVED'),
(1062, 287, 2, 30, '2025-05-06', 809.44, 621.22, 'APPROVED'),
(1063, 34, 3, 19, '2023-10-24', 1350.03, 886.62, 'APPROVED'),
(1064, 310, 3, 8, '2026-01-22', 5980.14, 0, 'DENIED'),
(1065, 443, 5, 8, '2024-01-06', 3984.38, 2474.88, 'APPROVED'),
(1066, 92, 1, 9, '2024-02-20', 1483.06, 1085.58, 'APPROVED'),
(1067, 54, 2, 46, '2025-04-14', 6445.95, 5727.87, 'APPROVED'),
(1068, 169, 2, 45, '2026-02-01', 7493.9, 5019.76, 'APPROVED'),
(1069, 264, 4, 38, '2024-07-03', 1491.76, 1011.06, 'APPROVED'),
(1070, 261, 5, 47, '2024-01-28', 7098.8, 6169.38, 'APPROVED'),
(1071, 3, 3, 15, '2023-06-05', 3498.71, 3217.02, 'APPROVED'),
(1072, 27, 3, 29, '2024-05-15', 2671.06, 2097.57, 'APPROVED'),
(1073, 335, 3, 43, '2025-07-15', 3027.57, 2139.18, 'APPROVED'),
(1074, 396, 5, 28, '2025-08-12', 3179.63, 1989.29, 'APPROVED'),
(1075, 360, 3, 13, '2024-02-26', 1288.87, 945.28, 'APPROVED'),
(1076, 67, 2, 24, '2024-11-04', 948.36, 688.11, 'APPROVED'),
(1077, 447, 3, 34, '2024-11-16', 1609.04, 1268.22, 'APPROVED'),
(1078, 57, 3, 40, '2025-03-13', 7625.93, 6243.05, 'APPROVED'),
(1079, 484, 2, 10, '2025-10-20', 7911.54, 5205.44, 'APPROVED'),
(1080, 247, 4, 17, '2023-11-13', 6286.2, 0, 'DENIED'),
(1081, 178, 5, 11, '2023-08-08', 1554.76, 1278.63, 'APPROVED'),
(1082, 202, 2, 35, '2025-10-31', 3890.76, 3422.52, 'APPROVED'),
(1083, 478, 1, 18, '2023-12-22', 7992.23, 5273.86, 'APPROVED'),
(1084, 469, 2, 15, '2024-05-10', 5085.26, 3542.43, 'APPROVED'),
(1085, 368, 4, 22, '2025-12-16', 4201.05, 3574.59, 'APPROVED'),
(1086, 168, 5, 5, '2026-04-08', 5049.25, 4502.74, 'APPROVED'),
(1087, 403, 4, 1, '2025-07-19', 7836.86, 7331.77, 'APPROVED'),
(1088, 486, 5, 36, '2025-01-10', 6302.78, 4638.99, 'APPROVED'),
(1089, 317, 4, 42, '2025-09-23', 802.55, 614.5, 'APPROVED'),
(1090, 243, 5, 25, '2025-07-06', 3732.3, 3219.1, 'APPROVED'),
(1091, 191, 4, 5, '2023-10-05', 7200.25, 5551.17, 'APPROVED'),
(1092, 435, 5, 33, '2023-10-15', 4030.29, 3047.33, 'APPROVED'),
(1093, 98, 4, 20, '2024-10-15', 782.48, 674.3, 'APPROVED'),
(1094, 168, 3, 18, '2023-04-24', 4017.28, 2690.36, 'APPROVED'),
(1095, 362, 4, 8, '2026-02-19', 4507.46, 3462.98, 'APPROVED'),
(1096, 232, 3, 38, '2024-06-01', 7415.13, 6602.21, 'APPROVED'),
(1097, 343, 3, 32, '2025-04-09', 4573.97, 3130.71, 'APPROVED'),
(1098, 173, 3, 18, '2023-08-27', 4353.0, 3485.0, 'APPROVED'),
(1099, 74, 1, 48, '2025-12-10', 6275.95, 5876.79, 'APPROVED'),
(1100, 166, 3, 41, '2023-01-09', 5337.73, 3848.18, 'APPROVED'),
(1101, 5, 2, 23, '2023-04-11', 2215.2, 1960.15, 'APPROVED'),
(1102, 8, 4, 47, '2025-08-07', 5487.31, 4248.53, 'APPROVED'),
(1103, 119, 2, 16, '2025-09-02', 2363.91, 0, 'DENIED'),
(1104, 388, 3, 31, '2023-08-24', 3946.57, 3207.01, 'APPROVED'),
(1105, 131, 2, 18, '2025-05-02', 140.91, 117.44, 'APPROVED'),
(1106, 252, 3, 35, '2024-01-09', 1815.91, 1168.36, 'APPROVED'),
(1107, 140, 5, 30, '2026-02-25', 996.88, 609.44, 'APPROVED'),
(1108, 413, 4, 44, '2024-12-25', 3917.14, 0, 'DENIED'),
(1109, 157, 5, 39, '2025-03-01', 1079.21, 0, 'DENIED'),
(1110, 124, 5, 14, '2024-02-19', 507.74, 0, 'DENIED'),
(1111, 198, 2, 41, '2026-01-10', 2688.86, 2218.12, 'APPROVED'),
(1112, 306, 4, 35, '2023-02-24', 7121.63, 5738.72, 'APPROVED'),
(1113, 25, 4, 50, '2023-10-08', 3102.52, 1996.78, 'APPROVED'),
(1114, 28, 2, 12, '2023-03-29', 4674.48, 3509.08, 'APPROVED'),
(1115, 103, 2, 6, '2023-08-26', 7118.52, 0, 'DENIED'),
(1116, 238, 5, 5, '2025-11-09', 3689.85, 2391.66, 'APPROVED'),
(1117, 125, 4, 46, '2024-04-06', 300.96, 0, 'DENIED'),
(1118, 70, 2, 45, '2025-01-10', 2865.82, 1750.96, 'APPROVED'),
(1119, 111, 3, 9, '2024-09-27', 6159.23, 4734.07, 'APPROVED'),
(1120, 326, 3, 3, '2025-05-02', 1773.17, 0, 'DENIED'),
(1121, 283, 4, 39, '2025-10-19', 2581.63, 2184.19, 'APPROVED'),
(1122, 273, 5, 4, '2024-04-17', 3594.93, 0, 'DENIED'),
(1123, 89, 4, 50, '2024-05-03', 1720.27, 1620.55, 'APPROVED'),
(1124, 240, 5, 48, '2024-01-18', 1638.2, 1177.81, 'APPROVED'),
(1125, 133, 4, 37, '2023-12-09', 103.74, 87.33, 'APPROVED'),
(1126, 76, 1, 23, '2024-09-11', 6352.4, 6005.29, 'APPROVED'),
(1127, 359, 3, 11, '2024-02-27', 7764.1, 6802.18, 'APPROVED'),
(1128, 15, 3, 29, '2026-01-10', 4453.18, 3554.67, 'APPROVED'),
(1129, 412, 3, 48, '2023-05-30', 7121.94, 4863.2, 'APPROVED'),
(1130, 186, 1, 40, '2023-03-28', 7859.13, 0, 'DENIED'),
(1131, 364, 2, 49, '2025-01-05', 4433.22, 3808.56, 'APPROVED'),
(1132, 478, 1, 8, '2026-03-17', 6283.06, 5838.83, 'APPROVED'),
(1133, 296, 2, 9, '2023-10-07', 1321.67, 1213.79, 'APPROVED'),
(1134, 242, 4, 7, '2023-07-10', 649.54, 548.62, 'APPROVED'),
(1135, 46, 4, 27, '2024-04-12', 415.63, 252.22, 'APPROVED'),
(1136, 269, 3, 27, '2024-03-13', 2691.51, 2085.1, 'APPROVED'),
(1137, 17, 4, 29, '2025-11-06', 7720.82, 5490.8, 'APPROVED'),
(1138, 494, 5, 49, '2023-11-02', 5075.36, 4090.31, 'APPROVED'),
(1139, 219, 2, 43, '2024-12-02', 4566.98, 3685.34, 'APPROVED'),
(1140, 175, 1, 20, '2026-04-11', 1162.5, 789.2, 'APPROVED'),
(1141, 98, 2, 43, '2024-02-25', 5508.19, 4613.25, 'APPROVED'),
(1142, 96, 1, 49, '2025-02-20', 1307.79, 915.23, 'APPROVED'),
(1143, 182, 1, 36, '2025-04-11', 3612.98, 3230.55, 'APPROVED'),
(1144, 94, 5, 41, '2025-04-03', 3715.24, 3306.83, 'APPROVED'),
(1145, 96, 4, 16, '2026-02-26', 3918.3, 0, 'DENIED'),
(1146, 458, 5, 48, '2023-09-13', 6605.4, 4495.28, 'APPROVED'),
(1147, 420, 1, 26, '2026-03-28', 6415.14, 5284.39, 'APPROVED'),
(1148, 16, 3, 14, '2024-11-04', 744.64, 678.07, 'APPROVED'),
(1149, 269, 5, 50, '2024-09-06', 6005.21, 4660.19, 'APPROVED'),
(1150, 255, 2, 14, '2023-08-05', 6320.11, 0, 'DENIED'),
(1151, 323, 2, 8, '2025-08-31', 1746.63, 1321.96, 'APPROVED'),
(1152, 217, 4, 50, '2024-02-25', 6342.02, 0, 'DENIED'),
(1153, 187, 1, 1, '2025-04-20', 6077.42, 5462.57, 'APPROVED'),
(1154, 448, 2, 18, '2025-11-22', 4811.61, 0, 'DENIED'),
(1155, 94, 3, 26, '2024-08-15', 6553.73, 5300.04, 'APPROVED'),
(1156, 107, 3, 44, '2023-05-03', 7674.66, 5833.67, 'APPROVED'),
(1157, 359, 2, 29, '2023-01-30', 5995.77, 4294.49, 'APPROVED'),
(1158, 233, 4, 50, '2024-07-04', 4836.37, 4323.4, 'APPROVED'),
(1159, 74, 3, 5, '2026-01-06', 4332.72, 2953.02, 'APPROVED'),
(1160, 38, 2, 12, '2024-11-08', 7734.23, 5787.33, 'APPROVED'),
(1161, 307, 5, 27, '2025-10-07', 5091.74, 3593.47, 'APPROVED'),
(1162, 459, 5, 22, '2023-03-06', 2593.56, 2365.06, 'APPROVED'),
(1163, 451, 5, 48, '2025-12-03', 1426.05, 912.87, 'APPROVED'),
(1164, 252, 5, 46, '2025-04-18', 3775.98, 3437.23, 'APPROVED'),
(1165, 434, 5, 18, '2023-07-15', 4527.26, 3354.16, 'APPROVED'),
(1166, 380, 5, 9, '2023-01-11', 2230.95, 1348.05, 'APPROVED'),
(1167, 301, 2, 33, '2026-02-24', 4435.09, 0, 'DENIED'),
(1168, 375, 3, 44, '2025-03-21', 2466.17, 1790.17, 'APPROVED'),
(1169, 82, 4, 10, '2025-08-23', 1984.44, 1360.6, 'APPROVED'),
(1170, 381, 1, 19, '2024-05-23', 6767.01, 4951.53, 'APPROVED'),
(1171, 377, 4, 17, '2024-04-29', 7609.85, 6305.56, 'APPROVED'),
(1172, 140, 2, 36, '2025-08-08', 4079.77, 2994.54, 'APPROVED'),
(1173, 152, 4, 8, '2025-06-19', 5768.98, 4372.13, 'APPROVED'),
(1174, 28, 3, 45, '2025-03-03', 4977.5, 3272.75, 'APPROVED'),
(1175, 395, 5, 13, '2026-01-04', 6021.48, 4575.77, 'APPROVED'),
(1176, 435, 4, 28, '2025-09-28', 675.33, 465.63, 'APPROVED'),
(1177, 444, 5, 30, '2025-07-31', 6474.12, 0, 'DENIED'),
(1178, 353, 3, 28, '2023-02-09', 3065.28, 0, 'DENIED'),
(1179, 70, 1, 31, '2024-10-15', 1065.13, 920.59, 'APPROVED'),
(1180, 249, 5, 26, '2024-02-13', 7766.76, 0, 'DENIED'),
(1181, 112, 5, 23, '2026-03-31', 7550.29, 5051.84, 'APPROVED'),
(1182, 453, 2, 34, '2026-02-11', 3903.62, 3562.45, 'APPROVED'),
(1183, 7, 5, 33, '2023-05-03', 5689.97, 4990.66, 'APPROVED'),
(1184, 408, 2, 27, '2024-10-07', 5669.58, 3485.57, 'APPROVED'),
(1185, 473, 3, 38, '2026-01-07', 5885.52, 0, 'DENIED'),
(1186, 43, 1, 14, '2023-12-26', 6665.3, 0, 'DENIED'),
(1187, 457, 2, 28, '2023-05-17', 3166.25, 2880.09, 'APPROVED'),
(1188, 421, 4, 20, '2026-03-10', 2497.89, 1829.83, 'APPROVED'),
(1189, 119, 4, 36, '2023-10-22', 2332.9, 2174.64, 'APPROVED'),
(1190, 132, 5, 7, '2023-01-30', 6771.29, 5657.92, 'APPROVED'),
(1191, 319, 3, 30, '2023-08-21', 1046.79, 801.18, 'APPROVED'),
(1192, 298, 3, 46, '2023-09-29', 5233.8, 3244.6, 'APPROVED'),
(1193, 312, 3, 20, '2023-04-12', 155.0, 110.47, 'APPROVED'),
(1194, 215, 3, 42, '2023-04-08', 2105.63, 1354.85, 'APPROVED'),
(1195, 255, 5, 20, '2023-07-06', 4179.85, 3087.96, 'APPROVED'),
(1196, 285, 3, 3, '2023-10-15', 7393.67, 6403.77, 'APPROVED'),
(1197, 46, 5, 18, '2026-03-25', 5004.16, 4432.77, 'APPROVED'),
(1198, 35, 4, 22, '2024-12-05', 5415.25, 4153.41, 'APPROVED'),
(1199, 382, 2, 45, '2023-02-16', 7729.66, 4964.08, 'APPROVED'),
(1200, 85, 2, 7, '2024-12-25', 5651.3, 4942.12, 'APPROVED'),
(1201, 303, 5, 26, '2024-09-22', 1069.15, 0, 'DENIED'),
(1202, 471, 3, 37, '2024-05-02', 690.18, 653.94, 'APPROVED'),
(1203, 215, 5, 15, '2024-10-24', 5664.68, 4099.41, 'APPROVED'),
(1204, 44, 5, 9, '2023-06-28', 6282.79, 5295.41, 'APPROVED'),
(1205, 421, 1, 49, '2025-01-09', 7470.74, 6285.76, 'APPROVED'),
(1206, 389, 2, 40, '2025-05-28', 3289.41, 2640.19, 'APPROVED'),
(1207, 373, 5, 13, '2026-04-14', 7874.93, 5543.28, 'APPROVED'),
(1208, 468, 5, 32, '2023-08-21', 3710.46, 3080.2, 'APPROVED'),
(1209, 197, 4, 40, '2024-09-21', 5906.19, 4700.93, 'APPROVED'),
(1210, 40, 4, 16, '2025-07-01', 5985.36, 3938.47, 'APPROVED'),
(1211, 83, 5, 6, '2023-01-24', 2711.71, 2111.74, 'APPROVED'),
(1212, 130, 1, 33, '2023-11-29', 6917.55, 5002.24, 'APPROVED'),
(1213, 56, 4, 32, '2025-11-28', 3690.04, 3238.16, 'APPROVED'),
(1214, 95, 1, 3, '2025-11-07', 7265.26, 0, 'DENIED'),
(1215, 61, 2, 24, '2025-05-13', 5236.47, 4609.84, 'APPROVED'),
(1216, 57, 5, 36, '2024-04-06', 1593.12, 1511.29, 'APPROVED'),
(1217, 151, 3, 28, '2025-08-13', 6731.07, 6227.45, 'APPROVED'),
(1218, 98, 4, 19, '2026-02-20', 1141.17, 854.44, 'APPROVED'),
(1219, 498, 4, 3, '2023-08-16', 4725.48, 0, 'DENIED'),
(1220, 297, 4, 26, '2026-01-27', 7435.42, 6380.93, 'APPROVED'),
(1221, 143, 5, 16, '2025-03-14', 7633.16, 0, 'DENIED'),
(1222, 420, 3, 9, '2023-08-19', 7713.88, 5104.79, 'APPROVED'),
(1223, 290, 2, 28, '2023-07-23', 7917.95, 6775.05, 'APPROVED'),
(1224, 99, 4, 40, '2024-12-30', 6509.51, 4271.38, 'APPROVED'),
(1225, 26, 2, 19, '2024-09-29', 4723.28, 3320.92, 'APPROVED'),
(1226, 204, 1, 25, '2025-09-03', 2090.02, 1758.67, 'APPROVED'),
(1227, 351, 3, 49, '2023-05-27', 1565.62, 1350.49, 'APPROVED'),
(1228, 30, 4, 3, '2024-01-11', 7849.58, 6120.7, 'APPROVED'),
(1229, 336, 5, 32, '2024-03-03', 3957.99, 2590.72, 'APPROVED'),
(1230, 427, 4, 7, '2025-04-13', 1740.8, 1447.46, 'APPROVED'),
(1231, 159, 1, 20, '2023-04-16', 7244.63, 0, 'DENIED'),
(1232, 371, 2, 49, '2023-03-01', 5892.98, 5585.07, 'APPROVED'),
(1233, 326, 1, 46, '2025-10-15', 5989.44, 4891.65, 'APPROVED'),
(1234, 446, 4, 31, '2025-06-06', 2407.07, 1680.28, 'APPROVED'),
(1235, 376, 5, 9, '2025-02-07', 2584.77, 2335.95, 'APPROVED'),
(1236, 289, 1, 12, '2025-04-22', 2970.11, 0, 'DENIED'),
(1237, 456, 2, 15, '2025-02-02', 7235.53, 0, 'DENIED'),
(1238, 157, 1, 39, '2023-10-05', 2298.84, 2111.01, 'APPROVED'),
(1239, 495, 5, 23, '2024-11-14', 5762.36, 4539.63, 'APPROVED'),
(1240, 262, 3, 32, '2023-11-09', 2164.16, 0, 'DENIED'),
(1241, 216, 1, 18, '2024-10-23', 2315.63, 1423.5, 'APPROVED'),
(1242, 435, 4, 2, '2024-08-30', 144.61, 120.35, 'APPROVED'),
(1243, 354, 2, 38, '2023-10-13', 5668.1, 4676.52, 'APPROVED'),
(1244, 152, 5, 21, '2025-03-08', 2415.06, 1832.82, 'APPROVED'),
(1245, 96, 1, 34, '2025-03-09', 6374.89, 5903.03, 'APPROVED'),
(1246, 465, 3, 25, '2026-02-01', 2722.72, 0, 'DENIED'),
(1247, 416, 2, 17, '2023-11-18', 3766.04, 3135.36, 'APPROVED'),
(1248, 41, 1, 15, '2025-03-02', 1886.79, 1351.08, 'APPROVED'),
(1249, 498, 3, 25, '2025-10-23', 1809.73, 0, 'DENIED'),
(1250, 57, 3, 7, '2025-10-16', 151.98, 95.84, 'APPROVED'),
(1251, 111, 1, 22, '2025-07-25', 3071.42, 2301.27, 'APPROVED'),
(1252, 31, 5, 41, '2025-09-01', 1407.98, 1285.9, 'APPROVED'),
(1253, 121, 1, 10, '2023-01-22', 4976.61, 3799.4, 'APPROVED'),
(1254, 411, 5, 3, '2023-03-23', 1460.73, 1334.42, 'APPROVED'),
(1255, 301, 4, 9, '2024-08-11', 4059.33, 0, 'DENIED'),
(1256, 291, 1, 16, '2024-01-16', 5915.94, 4265.04, 'APPROVED'),
(1257, 31, 5, 45, '2024-01-28', 4711.92, 3521.48, 'APPROVED'),
(1258, 368, 1, 18, '2023-04-17', 3677.41, 2549.84, 'APPROVED'),
(1259, 168, 1, 6, '2023-07-03', 1670.88, 1363.66, 'APPROVED'),
(1260, 327, 2, 45, '2023-09-11', 3253.02, 2595.49, 'APPROVED'),
(1261, 362, 4, 1, '2025-08-22', 6980.04, 4260.69, 'APPROVED'),
(1262, 191, 2, 32, '2025-10-19', 5925.64, 4057.81, 'APPROVED'),
(1263, 21, 4, 29, '2023-12-12', 4406.75, 2782.84, 'APPROVED'),
(1264, 411, 1, 39, '2024-04-02', 5934.51, 5379.86, 'APPROVED'),
(1265, 97, 1, 1, '2024-06-07', 7370.49, 5816.07, 'APPROVED'),
(1266, 103, 2, 8, '2026-02-23', 3294.2, 3075.5, 'APPROVED'),
(1267, 293, 3, 44, '2025-02-13', 1801.5, 1519.69, 'APPROVED'),
(1268, 327, 3, 43, '2023-06-19', 4638.81, 2909.99, 'APPROVED'),
(1269, 291, 5, 40, '2025-09-05', 6737.25, 5235.02, 'APPROVED'),
(1270, 305, 2, 6, '2025-08-20', 3721.44, 2543.09, 'APPROVED'),
(1271, 420, 4, 29, '2025-09-25', 4635.55, 3340.57, 'APPROVED'),
(1272, 100, 5, 16, '2025-10-09', 6796.32, 6442.1, 'APPROVED'),
(1273, 100, 2, 28, '2024-06-24', 7392.28, 5894.59, 'APPROVED'),
(1274, 45, 4, 34, '2025-10-26', 6362.88, 5000.85, 'APPROVED'),
(1275, 299, 4, 6, '2025-04-18', 3339.29, 2726.18, 'APPROVED'),
(1276, 252, 1, 22, '2024-11-05', 7997.05, 6074.02, 'APPROVED'),
(1277, 345, 5, 22, '2023-09-07', 4163.88, 0, 'DENIED'),
(1278, 269, 5, 13, '2024-01-12', 4752.83, 3419.33, 'APPROVED'),
(1279, 19, 4, 13, '2025-05-18', 6992.83, 6068.51, 'APPROVED'),
(1280, 339, 4, 48, '2024-03-03', 7330.38, 5525.29, 'APPROVED'),
(1281, 444, 1, 43, '2023-02-23', 4262.26, 3415.94, 'APPROVED'),
(1282, 23, 3, 22, '2023-12-04', 6402.45, 5856.49, 'APPROVED'),
(1283, 261, 5, 46, '2023-03-23', 809.47, 0, 'DENIED'),
(1284, 160, 3, 10, '2023-04-10', 3846.7, 3514.92, 'APPROVED'),
(1285, 128, 5, 12, '2025-10-07', 3800.94, 2474.75, 'APPROVED'),
(1286, 452, 1, 20, '2025-02-05', 5399.73, 3643.11, 'APPROVED'),
(1287, 145, 3, 45, '2023-08-25', 6424.15, 3891.82, 'APPROVED'),
(1288, 165, 2, 34, '2023-12-09', 2370.15, 1697.77, 'APPROVED'),
(1289, 86, 4, 4, '2026-03-16', 183.27, 0, 'DENIED'),
(1290, 273, 1, 37, '2025-11-24', 1654.34, 1209.43, 'APPROVED'),
(1291, 341, 2, 9, '2023-02-27', 3262.27, 2514.32, 'APPROVED'),
(1292, 39, 5, 34, '2024-04-26', 2502.97, 0, 'DENIED'),
(1293, 173, 3, 18, '2024-12-17', 2367.44, 0, 'DENIED'),
(1294, 298, 3, 43, '2024-04-24', 3243.93, 2757.1, 'APPROVED'),
(1295, 186, 3, 19, '2025-10-02', 1879.87, 1340.7, 'APPROVED'),
(1296, 474, 3, 17, '2025-06-03', 7406.02, 6705.7, 'APPROVED'),
(1297, 491, 1, 7, '2023-07-16', 4939.52, 2986.3, 'APPROVED'),
(1298, 237, 2, 41, '2025-06-28', 4381.72, 0, 'DENIED'),
(1299, 374, 2, 43, '2025-02-15', 1522.06, 990.22, 'APPROVED'),
(1300, 55, 1, 12, '2025-03-05', 1093.7, 936.74, 'APPROVED'),
(1301, 462, 2, 8, '2024-09-28', 6157.29, 0, 'DENIED'),
(1302, 298, 5, 28, '2023-05-12', 6699.84, 5792.31, 'APPROVED'),
(1303, 283, 3, 34, '2023-10-28', 5408.02, 4657.59, 'APPROVED'),
(1304, 353, 1, 29, '2025-06-17', 5778.22, 0, 'DENIED'),
(1305, 498, 4, 49, '2026-02-18', 6697.1, 5450.01, 'APPROVED'),
(1306, 237, 3, 13, '2024-10-31', 738.58, 0, 'DENIED'),
(1307, 493, 5, 13, '2024-09-22', 2780.56, 0, 'DENIED'),
(1308, 265, 4, 30, '2024-06-16', 3758.7, 2602.74, 'APPROVED'),
(1309, 359, 3, 34, '2025-12-17', 6527.54, 6140.46, 'APPROVED'),
(1310, 169, 1, 45, '2025-02-23', 5060.37, 0, 'DENIED'),
(1311, 481, 5, 5, '2024-10-28', 5191.91, 4296.82, 'APPROVED'),
(1312, 39, 1, 2, '2023-02-18', 1062.1, 849.6, 'APPROVED'),
(1313, 240, 2, 16, '2024-07-06', 5633.46, 4752.87, 'APPROVED'),
(1314, 16, 3, 8, '2025-06-16', 7202.94, 6404.15, 'APPROVED'),
(1315, 14, 1, 50, '2025-05-25', 3348.49, 0, 'DENIED'),
(1316, 241, 2, 45, '2025-07-25', 5828.19, 4993.04, 'APPROVED'),
(1317, 415, 5, 13, '2026-01-06', 6844.07, 5129.8, 'APPROVED'),
(1318, 458, 5, 21, '2024-10-14', 7243.03, 5011.7, 'APPROVED'),
(1319, 423, 2, 30, '2025-08-20', 4543.19, 2787.2, 'APPROVED'),
(1320, 64, 1, 9, '2026-01-27', 2405.79, 1547.86, 'APPROVED'),
(1321, 363, 5, 19, '2024-11-16', 534.78, 411.02, 'APPROVED'),
(1322, 419, 1, 25, '2023-08-10', 3318.6, 0, 'DENIED'),
(1323, 197, 1, 8, '2025-09-26', 2387.93, 1629.52, 'APPROVED'),
(1324, 397, 1, 4, '2025-07-28', 2530.73, 1611.26, 'APPROVED'),
(1325, 33, 4, 23, '2024-07-28', 2768.12, 2390.71, 'APPROVED'),
(1326, 11, 3, 19, '2025-02-04', 2171.34, 1641.01, 'APPROVED'),
(1327, 450, 3, 21, '2023-10-08', 6881.49, 5027.81, 'APPROVED'),
(1328, 20, 2, 12, '2024-10-18', 7678.78, 5296.82, 'APPROVED'),
(1329, 268, 1, 30, '2025-02-01', 6740.42, 6053.44, 'APPROVED'),
(1330, 369, 1, 30, '2025-02-14', 5837.53, 4097.01, 'APPROVED'),
(1331, 143, 2, 41, '2024-03-01', 7098.52, 6108.89, 'APPROVED'),
(1332, 130, 2, 42, '2025-11-08', 207.97, 142.3, 'APPROVED'),
(1333, 122, 1, 18, '2023-09-22', 7352.71, 5924.98, 'APPROVED'),
(1334, 160, 1, 13, '2024-09-10', 7569.17, 5918.27, 'APPROVED'),
(1335, 62, 5, 47, '2023-02-09', 1769.58, 1276.06, 'APPROVED'),
(1336, 213, 3, 2, '2023-11-20', 3895.0, 3251.67, 'APPROVED'),
(1337, 35, 3, 47, '2026-01-21', 2400.32, 2125.16, 'APPROVED'),
(1338, 251, 2, 45, '2024-03-20', 7935.83, 7313.73, 'APPROVED'),
(1339, 46, 4, 10, '2025-04-07', 2887.64, 0, 'DENIED'),
(1340, 377, 5, 16, '2024-01-31', 6021.74, 3730.33, 'APPROVED'),
(1341, 217, 5, 47, '2026-04-15', 2566.38, 2293.39, 'APPROVED'),
(1342, 219, 1, 37, '2025-12-18', 1375.48, 0, 'DENIED'),
(1343, 371, 3, 21, '2024-09-02', 1030.24, 662.75, 'APPROVED'),
(1344, 157, 1, 43, '2024-12-01', 4215.89, 2952.01, 'APPROVED'),
(1345, 192, 5, 22, '2023-04-11', 923.45, 859.64, 'APPROVED'),
(1346, 72, 2, 29, '2024-10-17', 473.72, 302.07, 'APPROVED'),
(1347, 168, 4, 25, '2024-04-06', 2554.33, 1652.69, 'APPROVED'),
(1348, 338, 5, 50, '2023-07-09', 632.23, 0, 'DENIED'),
(1349, 60, 5, 9, '2025-11-15', 2308.26, 1888.47, 'APPROVED'),
(1350, 35, 4, 12, '2023-09-03', 5059.02, 3620.17, 'APPROVED'),
(1351, 274, 1, 7, '2023-05-12', 5336.15, 3336.45, 'APPROVED'),
(1352, 284, 5, 42, '2024-12-11', 3152.97, 1936.21, 'APPROVED'),
(1353, 391, 5, 26, '2023-05-16', 2640.59, 2139.36, 'APPROVED'),
(1354, 186, 3, 43, '2025-10-20', 3815.27, 2842.06, 'APPROVED'),
(1355, 435, 4, 16, '2024-10-08', 4781.41, 4183.17, 'APPROVED'),
(1356, 412, 5, 39, '2024-05-10', 7648.92, 6199.73, 'APPROVED'),
(1357, 47, 3, 14, '2023-02-22', 2135.74, 1670.79, 'APPROVED'),
(1358, 129, 3, 34, '2023-03-08', 4344.09, 0, 'DENIED'),
(1359, 113, 2, 16, '2024-06-14', 6602.63, 5689.22, 'APPROVED'),
(1360, 312, 4, 32, '2024-09-11', 582.44, 393.3, 'APPROVED'),
(1361, 165, 4, 21, '2024-02-21', 1155.43, 1024.81, 'APPROVED'),
(1362, 303, 3, 33, '2024-04-11', 7500.86, 6316.58, 'APPROVED'),
(1363, 404, 5, 5, '2023-03-09', 6558.53, 5294.12, 'APPROVED'),
(1364, 446, 5, 20, '2026-03-02', 207.34, 125.51, 'APPROVED'),
(1365, 33, 1, 31, '2023-01-10', 7341.32, 5626.44, 'APPROVED'),
(1366, 171, 2, 48, '2025-09-28', 6180.16, 3736.88, 'APPROVED'),
(1367, 303, 4, 30, '2023-04-01', 3721.09, 3078.72, 'APPROVED'),
(1368, 385, 4, 44, '2024-10-25', 1467.67, 1160.94, 'APPROVED'),
(1369, 6, 4, 43, '2026-03-01', 4891.09, 3347.82, 'APPROVED'),
(1370, 268, 3, 14, '2025-05-04', 2674.31, 2456.45, 'APPROVED'),
(1371, 446, 5, 28, '2024-12-02', 3471.04, 2950.92, 'APPROVED'),
(1372, 378, 3, 26, '2023-04-08', 4914.3, 4279.42, 'APPROVED'),
(1373, 372, 1, 44, '2024-06-14', 5888.21, 4164.12, 'APPROVED'),
(1374, 498, 4, 45, '2025-10-11', 4022.53, 3650.41, 'APPROVED'),
(1375, 225, 1, 8, '2023-07-14', 1646.52, 1342.83, 'APPROVED'),
(1376, 121, 4, 35, '2023-03-14', 7434.66, 0, 'DENIED'),
(1377, 457, 1, 21, '2024-04-21', 6346.71, 5061.4, 'APPROVED'),
(1378, 243, 4, 14, '2023-09-07', 4565.32, 2943.23, 'APPROVED'),
(1379, 459, 4, 21, '2023-04-19', 3876.6, 2624.35, 'APPROVED'),
(1380, 21, 2, 46, '2025-06-01', 457.6, 341.53, 'APPROVED'),
(1381, 197, 4, 35, '2025-12-22', 7512.55, 6739.86, 'APPROVED'),
(1382, 241, 3, 2, '2026-03-23', 2875.7, 1768.43, 'APPROVED'),
(1383, 70, 3, 27, '2024-09-24', 7268.11, 5664.9, 'APPROVED'),
(1384, 146, 5, 28, '2026-01-07', 2450.41, 2130.24, 'APPROVED'),
(1385, 403, 1, 18, '2024-07-31', 6352.73, 0, 'DENIED'),
(1386, 398, 5, 22, '2024-02-28', 455.42, 396.38, 'APPROVED'),
(1387, 359, 4, 34, '2024-10-31', 134.58, 117.44, 'APPROVED'),
(1388, 157, 4, 21, '2023-12-06', 1482.97, 1125.72, 'APPROVED'),
(1389, 350, 5, 31, '2024-03-17', 4383.12, 3265.57, 'APPROVED'),
(1390, 63, 2, 24, '2023-04-26', 1116.41, 826.1, 'APPROVED'),
(1391, 129, 5, 36, '2025-03-29', 7014.56, 4921.72, 'APPROVED'),
(1392, 453, 2, 12, '2023-07-02', 109.6, 67.5, 'APPROVED'),
(1393, 20, 5, 11, '2025-05-05', 7436.44, 6256.22, 'APPROVED'),
(1394, 452, 1, 13, '2023-08-02', 4581.64, 4290.75, 'APPROVED'),
(1395, 487, 5, 12, '2024-07-05', 3981.31, 3420.09, 'APPROVED'),
(1396, 237, 2, 35, '2023-04-10', 4079.79, 0, 'DENIED'),
(1397, 284, 4, 19, '2024-07-19', 7669.7, 0, 'DENIED'),
(1398, 489, 4, 15, '2024-06-06', 1880.01, 1232.26, 'APPROVED'),
(1399, 381, 5, 48, '2024-07-12', 5681.48, 0, 'DENIED'),
(1400, 180, 3, 15, '2025-05-09', 4986.78, 4423.1, 'APPROVED'),
(1401, 57, 5, 26, '2025-11-08', 3017.05, 2233.03, 'APPROVED'),
(1402, 357, 4, 41, '2024-03-13', 542.82, 0, 'DENIED'),
(1403, 471, 1, 32, '2025-09-08', 1768.3, 1488.3, 'APPROVED'),
(1404, 47, 1, 28, '2023-07-23', 4368.41, 2957.22, 'APPROVED'),
(1405, 149, 1, 28, '2024-04-09', 5199.82, 4579.28, 'APPROVED'),
(1406, 84, 4, 20, '2025-03-17', 1802.85, 0, 'DENIED'),
(1407, 344, 3, 43, '2023-03-15', 4875.59, 3598.82, 'APPROVED'),
(1408, 337, 5, 22, '2023-11-02', 2901.11, 1790.79, 'APPROVED'),
(1409, 300, 3, 46, '2024-03-25', 7615.57, 0, 'DENIED'),
(1410, 441, 5, 46, '2025-01-25', 1701.73, 1388.92, 'APPROVED'),
(1411, 370, 1, 41, '2024-10-19', 307.98, 195.28, 'APPROVED'),
(1412, 269, 1, 36, '2023-09-17', 1388.68, 1313.94, 'APPROVED'),
(1413, 445, 1, 1, '2024-10-12', 3983.33, 2747.71, 'APPROVED'),
(1414, 3, 1, 44, '2026-01-14', 6242.76, 5663.69, 'APPROVED'),
(1415, 210, 2, 7, '2023-06-13', 2705.71, 0, 'DENIED'),
(1416, 110, 2, 30, '2025-06-02', 7938.42, 6949.74, 'APPROVED'),
(1417, 345, 5, 12, '2024-08-29', 2547.52, 2154.74, 'APPROVED'),
(1418, 147, 5, 13, '2024-06-27', 1433.97, 988.23, 'APPROVED'),
(1419, 42, 5, 44, '2025-09-29', 6439.32, 4906.71, 'APPROVED'),
(1420, 284, 2, 31, '2025-03-16', 3917.94, 3008.78, 'APPROVED'),
(1421, 355, 5, 4, '2025-10-10', 7161.62, 4319.77, 'APPROVED'),
(1422, 270, 3, 19, '2025-04-12', 864.76, 525.48, 'APPROVED'),
(1423, 100, 4, 24, '2023-10-01', 1392.05, 1281.56, 'APPROVED'),
(1424, 412, 5, 39, '2026-03-03', 727.39, 596.53, 'APPROVED'),
(1425, 232, 3, 48, '2023-04-18', 944.63, 692.62, 'APPROVED'),
(1426, 456, 3, 19, '2024-07-21', 7520.83, 5434.31, 'APPROVED'),
(1427, 442, 5, 12, '2023-04-17', 201.95, 123.9, 'APPROVED'),
(1428, 274, 3, 23, '2025-11-08', 5915.89, 3886.42, 'APPROVED'),
(1429, 289, 3, 12, '2024-03-28', 4813.69, 3798.08, 'APPROVED'),
(1430, 56, 1, 44, '2025-08-06', 2202.94, 0, 'DENIED'),
(1431, 39, 3, 18, '2025-07-24', 1991.26, 1431.8, 'APPROVED'),
(1432, 308, 5, 28, '2023-03-03', 1804.16, 1580.25, 'APPROVED'),
(1433, 105, 3, 11, '2025-09-04', 6084.11, 4764.93, 'APPROVED'),
(1434, 106, 1, 46, '2023-12-10', 6106.63, 5335.17, 'APPROVED'),
(1435, 412, 4, 28, '2025-12-23', 6248.83, 4188.28, 'APPROVED'),
(1436, 205, 4, 2, '2023-05-20', 5973.64, 5647.78, 'APPROVED'),
(1437, 382, 4, 24, '2023-02-15', 7976.96, 5259.96, 'APPROVED'),
(1438, 422, 4, 48, '2025-04-15', 4220.7, 2948.24, 'APPROVED'),
(1439, 29, 2, 23, '2025-11-01', 5756.81, 3879.69, 'APPROVED'),
(1440, 418, 5, 10, '2025-06-12', 6403.88, 0, 'DENIED'),
(1441, 234, 3, 23, '2023-05-15', 251.26, 174.89, 'APPROVED'),
(1442, 463, 3, 2, '2023-01-30', 163.38, 0, 'DENIED'),
(1443, 133, 4, 37, '2024-09-29', 6287.09, 5650.26, 'APPROVED'),
(1444, 58, 1, 4, '2024-06-23', 4781.42, 3779.29, 'APPROVED'),
(1445, 295, 3, 40, '2026-03-30', 823.03, 641.54, 'APPROVED'),
(1446, 157, 2, 16, '2025-05-13', 2823.12, 2225.51, 'APPROVED'),
(1447, 77, 2, 50, '2024-03-01', 5521.1, 5173.82, 'APPROVED'),
(1448, 41, 3, 10, '2025-04-27', 786.74, 648.1, 'APPROVED'),
(1449, 438, 1, 45, '2024-06-29', 382.18, 333.95, 'APPROVED'),
(1450, 141, 2, 15, '2024-05-20', 1518.4, 1421.46, 'APPROVED'),
(1451, 284, 5, 14, '2024-11-20', 2650.26, 0, 'DENIED'),
(1452, 167, 5, 12, '2024-12-05', 2098.82, 0, 'DENIED'),
(1453, 33, 5, 48, '2025-03-01', 1538.12, 1389.09, 'APPROVED'),
(1454, 249, 5, 39, '2024-08-07', 4803.99, 3070.07, 'APPROVED'),
(1455, 446, 3, 1, '2024-01-03', 6048.53, 4610.29, 'APPROVED'),
(1456, 340, 2, 34, '2025-05-29', 3883.8, 3619.68, 'APPROVED'),
(1457, 198, 5, 43, '2023-05-03', 7642.36, 6825.53, 'APPROVED'),
(1458, 478, 1, 8, '2025-01-19', 7528.33, 4625.29, 'APPROVED'),
(1459, 312, 5, 35, '2024-03-22', 7152.39, 5632.24, 'APPROVED'),
(1460, 83, 5, 19, '2023-12-13', 508.79, 390.59, 'APPROVED'),
(1461, 235, 1, 24, '2023-08-18', 5683.76, 3924.22, 'APPROVED'),
(1462, 261, 4, 4, '2023-01-03', 1782.66, 1631.92, 'APPROVED'),
(1463, 106, 1, 46, '2024-10-24', 469.41, 400.92, 'APPROVED'),
(1464, 67, 4, 45, '2025-04-12', 2575.73, 2170.14, 'APPROVED'),
(1465, 60, 4, 31, '2024-10-16', 2462.69, 0, 'DENIED'),
(1466, 403, 3, 16, '2023-10-22', 2131.38, 1963.87, 'APPROVED'),
(1467, 226, 4, 32, '2023-03-31', 5391.37, 4074.39, 'APPROVED'),
(1468, 284, 4, 26, '2024-07-16', 7054.65, 4346.83, 'APPROVED'),
(1469, 343, 1, 31, '2023-03-21', 1541.7, 0, 'DENIED'),
(1470, 350, 4, 3, '2024-07-10', 5550.13, 4921.18, 'APPROVED'),
(1471, 357, 2, 4, '2025-11-04', 6867.37, 0, 'DENIED'),
(1472, 212, 3, 42, '2023-07-23', 6437.58, 5294.18, 'APPROVED'),
(1473, 459, 3, 37, '2024-01-28', 7831.98, 4703.06, 'APPROVED'),
(1474, 200, 2, 18, '2025-09-05', 4598.24, 3928.82, 'APPROVED'),
(1475, 357, 2, 46, '2025-04-29', 4224.21, 3195.77, 'APPROVED'),
(1476, 16, 2, 28, '2024-07-12', 253.56, 191.92, 'APPROVED'),
(1477, 429, 1, 31, '2023-12-05', 4471.23, 2997.87, 'APPROVED'),
(1478, 113, 2, 3, '2024-03-12', 714.65, 446.17, 'APPROVED'),
(1479, 455, 1, 9, '2024-06-21', 7073.53, 5086.92, 'APPROVED'),
(1480, 144, 4, 8, '2023-07-02', 2499.04, 0, 'DENIED'),
(1481, 77, 5, 9, '2025-02-18', 5696.08, 3464.86, 'APPROVED'),
(1482, 160, 4, 27, '2024-11-22', 2839.05, 1752.68, 'APPROVED'),
(1483, 424, 1, 26, '2023-02-26', 6594.25, 0, 'DENIED'),
(1484, 116, 2, 6, '2026-01-31', 592.24, 417.83, 'APPROVED'),
(1485, 233, 4, 39, '2024-01-22', 649.96, 450.12, 'APPROVED'),
(1486, 406, 5, 28, '2025-04-30', 1970.79, 1311.18, 'APPROVED'),
(1487, 467, 5, 45, '2024-07-30', 7727.1, 5717.12, 'APPROVED'),
(1488, 488, 3, 33, '2023-10-20', 5045.65, 4207.71, 'APPROVED'),
(1489, 178, 1, 12, '2025-03-13', 6132.81, 3734.03, 'APPROVED'),
(1490, 441, 5, 34, '2025-07-16', 6488.42, 4475.62, 'APPROVED'),
(1491, 144, 4, 6, '2024-01-15', 5959.24, 5142.88, 'APPROVED'),
(1492, 140, 2, 36, '2024-05-27', 2286.55, 0, 'DENIED'),
(1493, 250, 2, 43, '2025-02-14', 4388.46, 3466.08, 'APPROVED'),
(1494, 401, 5, 26, '2024-06-13', 2187.92, 1952.97, 'APPROVED'),
(1495, 88, 3, 17, '2025-11-04', 132.5, 123.64, 'APPROVED'),
(1496, 142, 4, 8, '2025-07-17', 4352.1, 3430.35, 'APPROVED'),
(1497, 139, 2, 34, '2024-02-16', 5822.99, 4467.21, 'APPROVED'),
(1498, 384, 5, 35, '2023-07-18', 3993.09, 3684.04, 'APPROVED'),
(1499, 26, 3, 8, '2024-06-14', 768.93, 475.02, 'APPROVED'),
(1500, 340, 3, 22, '2026-02-09', 7717.65, 6493.95, 'APPROVED');

INSERT INTO fact_claim_status_history (history_id, claim_id, old_status, new_status, updated_at) VALUES
(1, 1368, 'PENDING', 'APPROVED', '2025-05-18 01:19:25'),
(2, 377, 'PENDING', 'APPROVED', '2025-02-18 20:17:19'),
(3, 431, 'PENDING', 'APPROVED', '2026-01-06 02:12:29'),
(4, 659, 'PENDING', 'APPROVED', '2025-06-08 16:44:25'),
(5, 1072, 'PENDING', 'APPROVED', '2024-01-18 10:16:52'),
(6, 1401, 'PENDING', 'APPROVED', '2024-08-10 15:03:46'),
(7, 94, 'PENDING', 'APPROVED', '2026-03-11 08:47:55'),
(8, 266, 'PENDING', 'APPROVED', '2025-10-26 23:19:47'),
(9, 757, 'PENDING', 'APPROVED', '2024-10-19 01:03:23'),
(10, 1199, 'PENDING', 'APPROVED', '2026-01-20 22:14:54'),
(11, 1043, 'PENDING', 'APPROVED', '2024-09-18 05:27:23'),
(12, 893, 'PENDING', 'APPROVED', '2025-05-22 03:07:48'),
(13, 652, 'PENDING', 'APPROVED', '2025-06-29 14:28:25'),
(14, 450, 'PENDING', 'APPROVED', '2024-09-20 23:46:50'),
(15, 1274, 'PENDING', 'APPROVED', '2025-08-07 18:04:24'),
(16, 485, 'PENDING', 'APPROVED', '2024-12-10 14:02:14'),
(17, 1179, 'PENDING', 'APPROVED', '2025-06-25 16:51:23'),
(18, 976, 'PENDING', 'APPROVED', '2026-02-13 05:38:38'),
(19, 229, 'PENDING', 'APPROVED', '2025-01-28 01:38:26'),
(20, 1214, 'PENDING', 'APPROVED', '2024-06-24 07:59:36'),
(21, 115, 'PENDING', 'APPROVED', '2025-04-22 06:33:27'),
(22, 1257, 'PENDING', 'APPROVED', '2025-07-17 08:35:42'),
(23, 1298, 'PENDING', 'APPROVED', '2024-12-20 19:03:26'),
(24, 879, 'PENDING', 'APPROVED', '2026-03-22 09:36:29'),
(25, 563, 'PENDING', 'APPROVED', '2024-10-20 19:48:54'),
(26, 949, 'PENDING', 'APPROVED', '2026-04-08 06:04:07'),
(27, 1122, 'PENDING', 'APPROVED', '2026-01-09 18:26:48'),
(28, 448, 'PENDING', 'APPROVED', '2026-01-04 16:11:40'),
(29, 1423, 'PENDING', 'APPROVED', '2026-01-24 11:43:05'),
(30, 936, 'PENDING', 'APPROVED', '2026-04-10 10:11:35'),
(31, 997, 'PENDING', 'APPROVED', '2024-10-24 16:00:56'),
(32, 1455, 'PENDING', 'APPROVED', '2025-08-07 17:14:46'),
(33, 520, 'PENDING', 'APPROVED', '2025-11-30 04:16:12'),
(34, 206, 'PENDING', 'APPROVED', '2026-02-22 18:08:26'),
(35, 1432, 'PENDING', 'APPROVED', '2024-10-25 22:37:13'),
(36, 256, 'PENDING', 'APPROVED', '2024-12-18 00:39:30'),
(37, 1038, 'PENDING', 'APPROVED', '2025-10-22 08:44:22'),
(38, 1417, 'PENDING', 'APPROVED', '2025-10-25 23:11:50'),
(39, 970, 'PENDING', 'APPROVED', '2024-04-13 10:28:40'),
(40, 546, 'PENDING', 'APPROVED', '2025-04-13 18:37:33'),
(41, 1155, 'PENDING', 'APPROVED', '2026-02-12 05:21:16'),
(42, 118, 'PENDING', 'APPROVED', '2025-04-10 18:54:25'),
(43, 889, 'PENDING', 'APPROVED', '2026-04-05 22:54:51'),
(44, 1311, 'PENDING', 'APPROVED', '2024-09-22 19:39:15'),
(45, 1417, 'PENDING', 'APPROVED', '2025-09-28 12:34:44'),
(46, 644, 'PENDING', 'APPROVED', '2025-06-30 00:22:47'),
(47, 1330, 'PENDING', 'APPROVED', '2025-09-21 14:23:43'),
(48, 1155, 'PENDING', 'APPROVED', '2025-09-29 16:01:52'),
(49, 888, 'PENDING', 'APPROVED', '2024-07-10 06:00:04'),
(50, 218, 'PENDING', 'APPROVED', '2024-02-08 14:29:02'),
(51, 732, 'PENDING', 'APPROVED', '2026-02-23 00:55:29'),
(52, 552, 'PENDING', 'APPROVED', '2024-05-25 15:58:42'),
(53, 330, 'PENDING', 'APPROVED', '2024-01-08 05:34:13'),
(54, 1067, 'PENDING', 'APPROVED', '2025-01-22 09:45:42'),
(55, 146, 'PENDING', 'APPROVED', '2025-06-17 22:45:28'),
(56, 662, 'PENDING', 'APPROVED', '2024-02-04 19:06:42'),
(57, 942, 'PENDING', 'APPROVED', '2024-09-12 06:03:51'),
(58, 1481, 'PENDING', 'APPROVED', '2025-09-03 05:15:43'),
(59, 196, 'PENDING', 'APPROVED', '2024-12-19 05:15:53'),
(60, 12, 'PENDING', 'APPROVED', '2025-06-28 01:25:37'),
(61, 807, 'PENDING', 'APPROVED', '2025-04-10 09:12:50'),
(62, 25, 'PENDING', 'APPROVED', '2024-04-21 20:04:07'),
(63, 604, 'PENDING', 'APPROVED', '2025-11-05 17:46:39'),
(64, 97, 'PENDING', 'APPROVED', '2024-08-03 17:04:17'),
(65, 1069, 'PENDING', 'APPROVED', '2024-08-19 09:11:35'),
(66, 1136, 'PENDING', 'APPROVED', '2024-11-04 15:50:52'),
(67, 365, 'PENDING', 'APPROVED', '2024-03-24 13:51:41'),
(68, 1093, 'PENDING', 'APPROVED', '2024-02-21 21:16:38'),
(69, 621, 'PENDING', 'APPROVED', '2024-04-18 19:55:57'),
(70, 1222, 'PENDING', 'APPROVED', '2025-07-19 18:41:14'),
(71, 1256, 'PENDING', 'APPROVED', '2025-12-11 20:39:01'),
(72, 1388, 'PENDING', 'APPROVED', '2024-11-23 00:41:23'),
(73, 506, 'PENDING', 'APPROVED', '2026-03-06 16:12:11'),
(74, 1435, 'PENDING', 'APPROVED', '2025-10-30 21:39:54'),
(75, 1183, 'PENDING', 'APPROVED', '2025-11-13 12:11:51'),
(76, 1445, 'PENDING', 'APPROVED', '2025-02-22 23:52:20'),
(77, 258, 'PENDING', 'APPROVED', '2025-01-12 08:15:48'),
(78, 889, 'PENDING', 'APPROVED', '2024-07-29 00:35:00'),
(79, 345, 'PENDING', 'APPROVED', '2025-10-05 04:02:52'),
(80, 843, 'PENDING', 'APPROVED', '2024-02-01 14:10:15'),
(81, 276, 'PENDING', 'APPROVED', '2024-02-25 08:02:57'),
(82, 311, 'PENDING', 'APPROVED', '2025-03-20 12:53:25'),
(83, 1112, 'PENDING', 'APPROVED', '2025-01-28 08:10:21'),
(84, 174, 'PENDING', 'APPROVED', '2024-12-16 23:07:27'),
(85, 328, 'PENDING', 'APPROVED', '2025-03-25 05:17:45'),
(86, 1438, 'PENDING', 'APPROVED', '2025-02-01 21:09:37'),
(87, 1029, 'PENDING', 'APPROVED', '2024-10-22 06:58:56'),
(88, 660, 'PENDING', 'APPROVED', '2025-04-21 05:05:32'),
(89, 734, 'PENDING', 'APPROVED', '2024-11-29 22:53:57'),
(90, 1235, 'PENDING', 'APPROVED', '2025-11-12 14:51:49'),
(91, 994, 'PENDING', 'APPROVED', '2024-12-05 15:11:36'),
(92, 844, 'PENDING', 'APPROVED', '2025-10-22 00:25:27'),
(93, 300, 'PENDING', 'APPROVED', '2024-04-23 01:19:32'),
(94, 487, 'PENDING', 'APPROVED', '2024-02-28 12:27:14'),
(95, 669, 'PENDING', 'APPROVED', '2026-04-06 19:54:48'),
(96, 594, 'PENDING', 'APPROVED', '2025-01-27 03:17:01'),
(97, 1193, 'PENDING', 'APPROVED', '2024-04-18 16:44:20'),
(98, 148, 'PENDING', 'APPROVED', '2024-02-15 00:35:23'),
(99, 1103, 'PENDING', 'APPROVED', '2025-10-21 20:05:34'),
(100, 1374, 'PENDING', 'APPROVED', '2024-02-18 22:09:59'),
(101, 38, 'PENDING', 'APPROVED', '2026-02-12 09:54:28'),
(102, 776, 'PENDING', 'APPROVED', '2025-07-27 17:06:40'),
(103, 1303, 'PENDING', 'APPROVED', '2024-12-17 06:06:52'),
(104, 1007, 'PENDING', 'APPROVED', '2024-05-25 16:10:03'),
(105, 105, 'PENDING', 'APPROVED', '2024-03-06 22:57:11'),
(106, 831, 'PENDING', 'APPROVED', '2025-09-29 22:13:34'),
(107, 294, 'PENDING', 'APPROVED', '2025-09-18 04:12:21'),
(108, 1152, 'PENDING', 'APPROVED', '2024-07-30 06:16:09'),
(109, 59, 'PENDING', 'APPROVED', '2024-08-25 03:22:15'),
(110, 1266, 'PENDING', 'APPROVED', '2024-04-18 02:13:49'),
(111, 1227, 'PENDING', 'APPROVED', '2025-10-27 21:06:35'),
(112, 142, 'PENDING', 'APPROVED', '2024-05-19 07:32:08'),
(113, 163, 'PENDING', 'APPROVED', '2024-09-16 09:17:57'),
(114, 506, 'PENDING', 'APPROVED', '2024-06-05 10:43:54'),
(115, 575, 'PENDING', 'APPROVED', '2026-02-21 01:21:30'),
(116, 583, 'PENDING', 'APPROVED', '2025-08-25 20:48:55'),
(117, 394, 'PENDING', 'APPROVED', '2025-11-22 18:56:43'),
(118, 298, 'PENDING', 'APPROVED', '2026-02-27 01:13:54'),
(119, 1471, 'PENDING', 'APPROVED', '2025-07-27 03:26:41'),
(120, 1079, 'PENDING', 'APPROVED', '2024-11-14 12:25:41'),
(121, 653, 'PENDING', 'APPROVED', '2024-05-04 01:18:05'),
(122, 884, 'PENDING', 'APPROVED', '2024-10-25 16:21:06'),
(123, 839, 'PENDING', 'APPROVED', '2024-09-01 23:49:33'),
(124, 1404, 'PENDING', 'APPROVED', '2026-03-10 08:43:26'),
(125, 242, 'PENDING', 'APPROVED', '2025-11-05 15:49:46'),
(126, 902, 'PENDING', 'APPROVED', '2025-02-12 15:52:57'),
(127, 255, 'PENDING', 'APPROVED', '2024-01-16 06:44:54'),
(128, 559, 'PENDING', 'APPROVED', '2025-09-02 05:18:18'),
(129, 810, 'PENDING', 'APPROVED', '2025-02-21 00:43:15'),
(130, 809, 'PENDING', 'APPROVED', '2025-07-03 03:31:21'),
(131, 13, 'PENDING', 'APPROVED', '2024-09-09 23:44:06'),
(132, 503, 'PENDING', 'APPROVED', '2026-04-19 04:49:09'),
(133, 326, 'PENDING', 'APPROVED', '2024-11-02 14:42:24'),
(134, 416, 'PENDING', 'APPROVED', '2025-12-27 18:47:11'),
(135, 811, 'PENDING', 'APPROVED', '2024-12-11 03:09:36'),
(136, 138, 'PENDING', 'APPROVED', '2025-06-07 03:01:27'),
(137, 1303, 'PENDING', 'APPROVED', '2025-03-17 00:26:01'),
(138, 1497, 'PENDING', 'APPROVED', '2025-02-27 06:30:55'),
(139, 285, 'PENDING', 'APPROVED', '2024-07-29 08:40:38'),
(140, 1158, 'PENDING', 'APPROVED', '2025-08-29 01:19:41'),
(141, 956, 'PENDING', 'APPROVED', '2026-03-03 13:53:07'),
(142, 1262, 'PENDING', 'APPROVED', '2025-09-04 04:27:35'),
(143, 213, 'PENDING', 'APPROVED', '2025-06-27 16:53:24'),
(144, 1206, 'PENDING', 'APPROVED', '2025-03-06 03:20:40'),
(145, 462, 'PENDING', 'APPROVED', '2024-07-23 03:59:24'),
(146, 731, 'PENDING', 'APPROVED', '2024-05-01 09:19:47'),
(147, 1491, 'PENDING', 'APPROVED', '2024-09-09 05:18:55'),
(148, 489, 'PENDING', 'APPROVED', '2024-10-08 14:16:16'),
(149, 1212, 'PENDING', 'APPROVED', '2025-02-15 23:20:47'),
(150, 175, 'PENDING', 'APPROVED', '2026-02-13 09:00:28'),
(151, 972, 'PENDING', 'APPROVED', '2025-09-11 07:14:59'),
(152, 1037, 'PENDING', 'APPROVED', '2024-10-06 21:47:31'),
(153, 1243, 'PENDING', 'APPROVED', '2025-07-28 18:59:24'),
(154, 1275, 'PENDING', 'APPROVED', '2024-03-11 13:44:36'),
(155, 1467, 'PENDING', 'APPROVED', '2024-01-02 11:07:37'),
(156, 1160, 'PENDING', 'APPROVED', '2024-11-11 07:12:02'),
(157, 10, 'PENDING', 'APPROVED', '2025-02-07 05:25:03'),
(158, 136, 'PENDING', 'APPROVED', '2025-07-19 15:24:41'),
(159, 849, 'PENDING', 'APPROVED', '2024-03-05 17:36:27'),
(160, 82, 'PENDING', 'APPROVED', '2024-12-29 20:28:04'),
(161, 449, 'PENDING', 'APPROVED', '2024-12-12 20:40:13'),
(162, 185, 'PENDING', 'APPROVED', '2024-02-26 01:03:31'),
(163, 38, 'PENDING', 'APPROVED', '2025-07-28 10:22:35'),
(164, 14, 'PENDING', 'APPROVED', '2025-07-09 11:05:40'),
(165, 1461, 'PENDING', 'APPROVED', '2024-10-09 17:08:26'),
(166, 1238, 'PENDING', 'APPROVED', '2024-12-17 12:33:00'),
(167, 1070, 'PENDING', 'APPROVED', '2024-11-17 21:10:06'),
(168, 318, 'PENDING', 'APPROVED', '2024-11-24 05:55:50'),
(169, 795, 'PENDING', 'APPROVED', '2026-03-09 00:26:15'),
(170, 940, 'PENDING', 'APPROVED', '2026-03-19 23:21:06'),
(171, 1131, 'PENDING', 'APPROVED', '2024-10-17 00:55:11'),
(172, 1030, 'PENDING', 'APPROVED', '2024-05-21 23:31:44'),
(173, 1480, 'PENDING', 'APPROVED', '2024-02-28 20:13:44'),
(174, 684, 'PENDING', 'APPROVED', '2025-01-03 02:08:22'),
(175, 458, 'PENDING', 'APPROVED', '2024-12-12 18:10:43'),
(176, 1456, 'PENDING', 'APPROVED', '2026-03-25 13:32:11'),
(177, 173, 'PENDING', 'APPROVED', '2024-08-26 06:41:49'),
(178, 345, 'PENDING', 'APPROVED', '2026-04-05 20:28:10'),
(179, 1382, 'PENDING', 'APPROVED', '2026-01-25 18:53:55'),
(180, 670, 'PENDING', 'APPROVED', '2025-06-02 12:03:20'),
(181, 782, 'PENDING', 'APPROVED', '2025-02-11 04:21:20'),
(182, 1406, 'PENDING', 'APPROVED', '2024-08-06 05:40:36'),
(183, 478, 'PENDING', 'APPROVED', '2025-05-24 14:04:59'),
(184, 1162, 'PENDING', 'APPROVED', '2024-03-25 10:26:20'),
(185, 514, 'PENDING', 'APPROVED', '2024-04-05 05:00:35'),
(186, 320, 'PENDING', 'APPROVED', '2025-08-29 11:44:45'),
(187, 749, 'PENDING', 'APPROVED', '2024-05-22 10:54:13'),
(188, 322, 'PENDING', 'APPROVED', '2025-03-03 22:05:18'),
(189, 1386, 'PENDING', 'APPROVED', '2025-06-21 03:36:24'),
(190, 693, 'PENDING', 'APPROVED', '2024-06-06 20:06:23'),
(191, 1259, 'PENDING', 'APPROVED', '2024-02-06 22:59:57'),
(192, 907, 'PENDING', 'APPROVED', '2026-03-03 05:03:47'),
(193, 674, 'PENDING', 'APPROVED', '2025-08-19 21:30:22'),
(194, 272, 'PENDING', 'APPROVED', '2024-10-05 17:29:38'),
(195, 1227, 'PENDING', 'APPROVED', '2024-06-30 23:35:17'),
(196, 1214, 'PENDING', 'APPROVED', '2024-10-28 21:30:17'),
(197, 292, 'PENDING', 'APPROVED', '2025-06-03 01:49:27'),
(198, 1118, 'PENDING', 'APPROVED', '2024-12-10 02:45:31'),
(199, 37, 'PENDING', 'APPROVED', '2024-09-27 11:56:43'),
(200, 230, 'PENDING', 'APPROVED', '2024-12-18 05:36:11'),
(201, 257, 'PENDING', 'APPROVED', '2026-01-29 05:51:57'),
(202, 640, 'PENDING', 'APPROVED', '2026-02-11 05:49:55'),
(203, 162, 'PENDING', 'APPROVED', '2024-06-10 09:15:34'),
(204, 751, 'PENDING', 'APPROVED', '2025-01-19 03:10:55'),
(205, 1207, 'PENDING', 'APPROVED', '2024-07-03 12:16:37'),
(206, 139, 'PENDING', 'APPROVED', '2024-10-21 15:29:23'),
(207, 1395, 'PENDING', 'APPROVED', '2026-01-11 00:13:53'),
(208, 1446, 'PENDING', 'APPROVED', '2024-12-04 23:00:31'),
(209, 459, 'PENDING', 'APPROVED', '2025-01-12 13:45:14'),
(210, 265, 'PENDING', 'APPROVED', '2026-01-12 23:24:02'),
(211, 1418, 'PENDING', 'APPROVED', '2025-03-12 18:46:07'),
(212, 142, 'PENDING', 'APPROVED', '2024-09-08 17:20:54'),
(213, 626, 'PENDING', 'APPROVED', '2025-03-16 00:30:26'),
(214, 605, 'PENDING', 'APPROVED', '2025-08-12 05:06:47'),
(215, 857, 'PENDING', 'APPROVED', '2026-01-04 06:19:57'),
(216, 97, 'PENDING', 'APPROVED', '2024-10-03 12:37:44'),
(217, 976, 'PENDING', 'APPROVED', '2025-03-20 09:33:48'),
(218, 853, 'PENDING', 'APPROVED', '2024-11-20 10:17:23'),
(219, 1358, 'PENDING', 'APPROVED', '2026-03-27 11:05:01'),
(220, 1355, 'PENDING', 'APPROVED', '2026-01-21 08:29:55'),
(221, 1121, 'PENDING', 'APPROVED', '2025-11-12 03:35:50'),
(222, 279, 'PENDING', 'APPROVED', '2026-01-20 15:35:42'),
(223, 1077, 'PENDING', 'APPROVED', '2025-08-17 20:14:48'),
(224, 768, 'PENDING', 'APPROVED', '2025-02-22 19:22:20'),
(225, 1444, 'PENDING', 'APPROVED', '2025-12-07 09:28:12'),
(226, 799, 'PENDING', 'APPROVED', '2024-09-27 23:16:04'),
(227, 75, 'PENDING', 'APPROVED', '2026-01-23 12:38:37'),
(228, 1328, 'PENDING', 'APPROVED', '2025-08-11 00:59:53'),
(229, 1288, 'PENDING', 'APPROVED', '2025-03-10 00:35:28'),
(230, 259, 'PENDING', 'APPROVED', '2026-01-24 03:30:21'),
(231, 891, 'PENDING', 'APPROVED', '2024-11-11 22:57:41'),
(232, 930, 'PENDING', 'APPROVED', '2025-12-19 16:07:13'),
(233, 1485, 'PENDING', 'APPROVED', '2025-01-22 14:15:30'),
(234, 348, 'PENDING', 'APPROVED', '2025-11-05 18:03:12'),
(235, 303, 'PENDING', 'APPROVED', '2024-04-23 22:05:07'),
(236, 730, 'PENDING', 'APPROVED', '2024-08-06 02:59:46'),
(237, 1009, 'PENDING', 'APPROVED', '2025-04-07 20:27:54'),
(238, 1190, 'PENDING', 'APPROVED', '2024-05-13 00:05:52'),
(239, 1437, 'PENDING', 'APPROVED', '2025-05-18 08:40:05'),
(240, 583, 'PENDING', 'APPROVED', '2025-04-08 03:13:26'),
(241, 1448, 'PENDING', 'APPROVED', '2025-06-24 06:06:06'),
(242, 1452, 'PENDING', 'APPROVED', '2026-02-23 18:02:38'),
(243, 228, 'PENDING', 'APPROVED', '2025-06-21 09:29:05'),
(244, 882, 'PENDING', 'APPROVED', '2025-10-27 20:51:58'),
(245, 1431, 'PENDING', 'APPROVED', '2024-08-29 07:36:35'),
(246, 1418, 'PENDING', 'APPROVED', '2025-12-18 09:08:37'),
(247, 1447, 'PENDING', 'APPROVED', '2024-10-16 00:17:35'),
(248, 1034, 'PENDING', 'APPROVED', '2025-05-13 21:36:46'),
(249, 502, 'PENDING', 'APPROVED', '2024-09-15 19:35:31'),
(250, 590, 'PENDING', 'APPROVED', '2026-03-06 04:19:16'),
(251, 446, 'PENDING', 'APPROVED', '2025-08-05 03:04:36'),
(252, 249, 'PENDING', 'APPROVED', '2024-07-11 05:35:38'),
(253, 1266, 'PENDING', 'APPROVED', '2024-10-30 21:37:53'),
(254, 1155, 'PENDING', 'APPROVED', '2025-02-16 18:52:54'),
(255, 244, 'PENDING', 'APPROVED', '2026-03-26 19:00:20'),
(256, 1475, 'PENDING', 'APPROVED', '2025-04-16 11:39:21'),
(257, 870, 'PENDING', 'APPROVED', '2025-02-13 23:23:46'),
(258, 774, 'PENDING', 'APPROVED', '2025-07-11 16:46:40'),
(259, 1013, 'PENDING', 'APPROVED', '2025-02-26 21:26:32'),
(260, 634, 'PENDING', 'APPROVED', '2025-10-28 03:01:50'),
(261, 796, 'PENDING', 'APPROVED', '2024-12-02 22:01:36'),
(262, 1176, 'PENDING', 'APPROVED', '2024-10-21 21:45:53'),
(263, 530, 'PENDING', 'APPROVED', '2024-09-08 07:47:40'),
(264, 817, 'PENDING', 'APPROVED', '2024-06-23 13:45:18'),
(265, 1051, 'PENDING', 'APPROVED', '2025-06-18 13:16:09'),
(266, 259, 'PENDING', 'APPROVED', '2025-12-19 17:14:18'),
(267, 54, 'PENDING', 'APPROVED', '2025-01-02 09:34:43'),
(268, 636, 'PENDING', 'APPROVED', '2024-04-25 07:07:55'),
(269, 790, 'PENDING', 'APPROVED', '2026-03-05 20:06:18'),
(270, 1299, 'PENDING', 'APPROVED', '2024-03-01 03:01:56'),
(271, 376, 'PENDING', 'APPROVED', '2026-03-18 19:22:53'),
(272, 1236, 'PENDING', 'APPROVED', '2024-07-18 12:37:17'),
(273, 1189, 'PENDING', 'APPROVED', '2025-04-06 13:03:10'),
(274, 282, 'PENDING', 'APPROVED', '2024-05-15 02:43:20'),
(275, 771, 'PENDING', 'APPROVED', '2025-10-01 01:08:05'),
(276, 1012, 'PENDING', 'APPROVED', '2026-03-07 02:39:20'),
(277, 714, 'PENDING', 'APPROVED', '2024-06-23 03:23:22'),
(278, 786, 'PENDING', 'APPROVED', '2024-06-14 16:49:08'),
(279, 1326, 'PENDING', 'APPROVED', '2026-01-20 08:09:30'),
(280, 1199, 'PENDING', 'APPROVED', '2025-10-06 07:42:06'),
(281, 840, 'PENDING', 'APPROVED', '2025-06-17 06:20:47'),
(282, 917, 'PENDING', 'APPROVED', '2024-09-15 19:47:48'),
(283, 955, 'PENDING', 'APPROVED', '2025-05-15 10:18:04'),
(284, 1301, 'PENDING', 'APPROVED', '2025-09-04 01:01:52'),
(285, 832, 'PENDING', 'APPROVED', '2026-03-09 19:47:50'),
(286, 338, 'PENDING', 'APPROVED', '2025-04-04 18:56:59'),
(287, 389, 'PENDING', 'APPROVED', '2025-08-05 11:24:45'),
(288, 307, 'PENDING', 'APPROVED', '2024-05-21 02:41:26'),
(289, 965, 'PENDING', 'APPROVED', '2026-04-06 03:02:50'),
(290, 372, 'PENDING', 'APPROVED', '2025-02-26 04:59:25'),
(291, 53, 'PENDING', 'APPROVED', '2025-09-14 12:41:15'),
(292, 9, 'PENDING', 'APPROVED', '2026-04-02 03:36:33'),
(293, 762, 'PENDING', 'APPROVED', '2024-04-14 06:04:29'),
(294, 466, 'PENDING', 'APPROVED', '2026-03-21 21:42:51'),
(295, 168, 'PENDING', 'APPROVED', '2025-02-12 00:06:38'),
(296, 842, 'PENDING', 'APPROVED', '2025-04-13 10:04:36'),
(297, 167, 'PENDING', 'APPROVED', '2024-03-18 00:11:04'),
(298, 524, 'PENDING', 'APPROVED', '2024-08-31 02:02:23'),
(299, 595, 'PENDING', 'APPROVED', '2024-08-01 07:23:54');
