CREATE DATABASE IF NOT EXISTS shukla_healthcare;
USE shukla_healthcare;

-- Schema and Data for MySQL Workbench

CREATE TABLE IF NOT EXISTS dim_employers (employer_id INT PRIMARY KEY, employer_name VARCHAR(255), industry VARCHAR(100), hq_country VARCHAR(50), onboarding_date DATE);
CREATE TABLE IF NOT EXISTS dim_products (product_id INT PRIMARY KEY, product_name VARCHAR(100), line_of_business VARCHAR(50), risk_profile VARCHAR(20));
CREATE TABLE IF NOT EXISTS dim_employees (employee_id INT PRIMARY KEY, employer_id INT, full_name VARCHAR(255), birth_date DATE, enrollment_status VARCHAR(20), monthly_salary DECIMAL(18,2));
CREATE TABLE IF NOT EXISTS dim_providers (provider_id INT PRIMARY KEY, provider_name VARCHAR(255), specialty VARCHAR(100), network_status VARCHAR(50));
CREATE TABLE IF NOT EXISTS fact_enrollments (enrollment_id INT PRIMARY KEY, employee_id INT, product_id INT, enrollment_date DATE, status VARCHAR(20));
CREATE TABLE IF NOT EXISTS fact_claims (claim_id INT PRIMARY KEY, employee_id INT, product_id INT, provider_id INT, service_date DATE, claim_amount DECIMAL(18,2), paid_amount DECIMAL(18,2), claim_status VARCHAR(20));
CREATE TABLE IF NOT EXISTS fact_claim_history (history_id INT PRIMARY KEY, claim_id INT, old_status VARCHAR(20), new_status VARCHAR(20), updated_at TIMESTAMP DEFAULT CURRENT_TIMESTAMP);

-- Providers
INSERT INTO dim_providers (provider_id, provider_name, specialty, network_status) VALUES
(501, 'St. Jude Children''s Research', 'Veterinary Specialist', 'OUT-OF-NETWORK'),
(502, 'Mayo Clinic Rochester', 'Pediatrician', 'OUT-OF-NETWORK'),
(503, 'Johns Hopkins Hospital', 'General Practitioner', 'IN-NETWORK'),
(504, 'Cleveland Clinic', 'Pediatrician', 'IN-NETWORK'),
(505, 'Mass General Brigham', 'General Practitioner', 'OUT-OF-NETWORK'),
(506, 'UCLA Health Medical', 'Cardiologist', 'IN-NETWORK'),
(507, 'Cedars-Sinai Medical', 'Cardiologist', 'IN-NETWORK'),
(508, 'New York-Presbyterian', 'General Practitioner', 'OUT-OF-NETWORK'),
(509, 'UCSF Medical Center', 'Veterinary Specialist', 'OUT-OF-NETWORK'),
(510, 'Northwestern Memorial', 'Veterinary Specialist', 'IN-NETWORK'),
(511, 'Stanford Health Care', 'Veterinary Specialist', 'IN-NETWORK'),
(512, 'Barnes-Jewish Hospital', 'Pediatrician', 'OUT-OF-NETWORK'),
(513, 'Mercy Health Clinic', 'Dentist', 'OUT-OF-NETWORK'),
(514, 'Sutter Health Center', 'General Practitioner', 'OUT-OF-NETWORK'),
(515, 'Kaiser Permanente Oaks', 'Veterinary Specialist', 'OUT-OF-NETWORK'),
(516, 'AdventHealth Orlando', 'Dentist', 'IN-NETWORK'),
(517, 'Banner University Med', 'Dentist', 'OUT-OF-NETWORK'),
(518, 'Geisinger Medical', 'Cardiologist', 'IN-NETWORK'),
(519, 'Mount Sinai Hospital', 'Cardiologist', 'OUT-OF-NETWORK'),
(520, 'Houston Methodist', 'Dentist', 'OUT-OF-NETWORK'),
(521, 'Mayo Clinic Rochester 21', 'General Practitioner', 'OUT-OF-NETWORK'),
(522, 'Sutter Health Center 22', 'General Practitioner', 'IN-NETWORK'),
(523, 'Cedars-Sinai Medical 23', 'Cardiologist', 'IN-NETWORK'),
(524, 'New York-Presbyterian 24', 'Dentist', 'OUT-OF-NETWORK'),
(525, 'Mayo Clinic Rochester 25', 'General Practitioner', 'IN-NETWORK'),
(526, 'Cleveland Clinic 26', 'Cardiologist', 'IN-NETWORK'),
(527, 'Mayo Clinic Rochester 27', 'General Practitioner', 'IN-NETWORK'),
(528, 'UCSF Medical Center 28', 'Cardiologist', 'OUT-OF-NETWORK'),
(529, 'New York-Presbyterian 29', 'Veterinary Specialist', 'OUT-OF-NETWORK'),
(530, 'Northwestern Memorial 30', 'Dentist', 'OUT-OF-NETWORK'),
(531, 'Mayo Clinic Rochester 31', 'Pediatrician', 'OUT-OF-NETWORK'),
(532, 'AdventHealth Orlando 32', 'General Practitioner', 'IN-NETWORK'),
(533, 'Banner University Med 33', 'Dentist', 'IN-NETWORK'),
(534, 'Kaiser Permanente Oaks 34', 'Cardiologist', 'OUT-OF-NETWORK'),
(535, 'Cleveland Clinic 35', 'General Practitioner', 'OUT-OF-NETWORK'),
(536, 'Banner University Med 36', 'Veterinary Specialist', 'OUT-OF-NETWORK'),
(537, 'Stanford Health Care 37', 'Veterinary Specialist', 'OUT-OF-NETWORK'),
(538, 'Mayo Clinic Rochester 38', 'Dentist', 'OUT-OF-NETWORK'),
(539, 'Cleveland Clinic 39', 'General Practitioner', 'OUT-OF-NETWORK'),
(540, 'Kaiser Permanente Oaks 40', 'Dentist', 'OUT-OF-NETWORK'),
(541, 'Cleveland Clinic 41', 'Veterinary Specialist', 'OUT-OF-NETWORK'),
(542, 'UCSF Medical Center 42', 'Pediatrician', 'IN-NETWORK'),
(543, 'Cleveland Clinic 43', 'Dentist', 'OUT-OF-NETWORK'),
(544, 'Mount Sinai Hospital 44', 'Pediatrician', 'IN-NETWORK'),
(545, 'St. Jude Children''s Research 45', 'Veterinary Specialist', 'IN-NETWORK'),
(546, 'AdventHealth Orlando 46', 'General Practitioner', 'IN-NETWORK'),
(547, 'Johns Hopkins Hospital 47', 'Dentist', 'IN-NETWORK'),
(548, 'Houston Methodist 48', 'Dentist', 'IN-NETWORK'),
(549, 'Mass General Brigham 49', 'Veterinary Specialist', 'IN-NETWORK'),
(550, 'Cedars-Sinai Medical 50', 'Dentist', 'IN-NETWORK');

INSERT INTO dim_products (product_id, product_name, line_of_business, risk_profile) VALUES
(1, 'Life Shield Plus', 'Life', 'Medium'),
(2, 'AccidenCare', 'Accident', 'Medium'),
(3, 'Critical Assist', 'Critical Illness', 'Medium'),
(4, 'Dental Smile', 'Dental', 'Medium'),
(5, 'Pet Guardian', 'Pet', 'Medium');

INSERT INTO dim_employers (employer_id, employer_name, industry, hq_country, onboarding_date) VALUES
(101, 'BlueCross Systems', 'Healthcare', 'IN', '2021-05-22'),
(102, 'UnitedHealth Tech', 'Healthcare', 'CA', '2023-06-09'),
(103, 'Kaiser Logistics', 'Technology', 'US', '2021-11-26'),
(104, 'Aetna Innovations', 'Finance', 'CA', '2023-05-30'),
(105, 'Cigna Services', 'Logistics', 'DE', '2023-11-28'),
(106, 'TechStream Solutions', 'Manufacturing', 'AU', '2024-08-24'),
(107, 'Global Vision Corp', 'Logistics', 'CA', '2022-06-13'),
(108, 'Innova Health', 'Manufacturing', 'UK', '2024-06-08'),
(109, 'Quantum Dynamics', 'Finance', 'US', '2023-02-23'),
(110, 'Zenith Financial', 'Energy', 'IN', '2021-07-28'),
(111, 'Apex Manufacturing', 'Retail', 'DE', '2023-09-17'),
(112, 'MetaLogics Inc', 'Finance', 'UK', '2023-09-01'),
(113, 'CloudNine Retail', 'Manufacturing', 'FR', '2021-12-21'),
(114, 'SilverLine Energy', 'Technology', 'UK', '2022-11-29'),
(115, 'EcoFuel Systems', 'Healthcare', 'AU', '2023-03-29'),
(116, 'SkyBound Aviation', 'Energy', 'AU', '2024-04-21'),
(117, 'DeepBlue Research', 'Finance', 'US', '2024-11-06'),
(118, 'NorthStar Logistics', 'Healthcare', 'DE', '2021-12-23'),
(119, 'Pacific Western', 'Energy', 'DE', '2021-08-24'),
(120, 'IronHorse Steel', 'Finance', 'UK', '2022-06-03'),
(121, 'Zenith Financial 21', 'Energy', 'DE', '2024-09-14'),
(122, 'Quantum Dynamics 22', 'Retail', 'DE', '2023-05-06'),
(123, 'Global Vision Corp 23', 'Technology', 'CA', '2023-07-24'),
(124, 'MetaLogics Inc 24', 'Finance', 'AU', '2024-05-14'),
(125, 'BlueCross Systems 25', 'Finance', 'IN', '2024-10-01'),
(126, 'SkyBound Aviation 26', 'Energy', 'CA', '2023-12-05'),
(127, 'Apex Manufacturing 27', 'Logistics', 'DE', '2023-02-13'),
(128, 'DeepBlue Research 28', 'Healthcare', 'DE', '2022-07-05'),
(129, 'Quantum Dynamics 29', 'Energy', 'DE', '2024-09-24'),
(130, 'Innova Health 30', 'Technology', 'UK', '2024-11-05');

INSERT INTO dim_employees (employee_id, employer_id, full_name, birth_date, enrollment_status, monthly_salary) VALUES
(10001, 102, 'Elizabeth Lopez', '1966-10-26', 'ACTIVE', 5863.47),
(10002, 105, 'William Davis', '1996-01-11', 'ACTIVE', 7977.49),
(10003, 121, 'Linda Martinez', '1999-03-01', 'ACTIVE', 12948.97),
(10004, 120, 'Robert Gonzalez', '1982-03-17', 'ACTIVE', 13910.49),
(10005, 123, 'Barbara Williams', '1967-02-12', 'ACTIVE', 4772.87),
(10006, 115, 'Robert Jackson', '1981-08-26', 'ACTIVE', 12645.64),
(10007, 118, 'David Smith', '1971-11-15', 'ACTIVE', 14513.34),
(10008, 103, 'James Garcia', '1999-09-27', 'ACTIVE', 7531.99),
(10009, 113, 'Patricia Martinez', '1982-01-28', 'ACTIVE', 9077.09),
(10010, 111, 'James Garcia', '1979-04-16', 'ACTIVE', 7714.95),
(10011, 120, 'Jennifer Jones', '1979-06-17', 'INACTIVE', 13422.78),
(10012, 123, 'John Wilson', '1968-03-23', 'INACTIVE', 6528.85),
(10013, 108, 'Karen Davis', '1995-08-09', 'ACTIVE', 9917.96),
(10014, 118, 'David Gonzalez', '1998-11-02', 'INACTIVE', 13588.97),
(10015, 117, 'James Martin', '2002-01-16', 'INACTIVE', 10119.16),
(10016, 111, 'Barbara Wilson', '1993-11-18', 'ACTIVE', 13667.62),
(10017, 114, 'Jennifer Williams', '1998-02-13', 'ACTIVE', 7236.48),
(10018, 124, 'Elizabeth Gonzalez', '1992-01-23', 'ACTIVE', 7846.8),
(10019, 109, 'Richard Taylor', '2000-03-05', 'INACTIVE', 12537.0),
(10020, 124, 'Elizabeth Wilson', '1987-09-11', 'ACTIVE', 5283.67),
(10021, 104, 'Jennifer Johnson', '2002-12-14', 'ACTIVE', 14763.3),
(10022, 106, 'Barbara Rodriguez', '1991-07-03', 'ACTIVE', 15294.61),
(10023, 119, 'Elizabeth Hernandez', '2001-04-21', 'ACTIVE', 11963.76),
(10024, 122, 'Michael Gonzalez', '1996-11-28', 'ACTIVE', 13100.4),
(10025, 117, 'Mary Brown', '1971-02-14', 'ACTIVE', 7609.97),
(10026, 114, 'Patricia Wilson', '1976-08-22', 'INACTIVE', 6481.03),
(10027, 107, 'Susan Jackson', '1962-04-15', 'ACTIVE', 5543.81),
(10028, 112, 'Mary Davis', '1964-08-27', 'ACTIVE', 4717.0),
(10029, 106, 'Karen Rodriguez', '1965-06-02', 'ACTIVE', 9168.49),
(10030, 125, 'John Moore', '1997-10-23', 'ACTIVE', 8989.01),
(10031, 102, 'James Martinez', '1968-03-17', 'ACTIVE', 13870.87),
(10032, 118, 'John Wilson', '1984-07-31', 'ACTIVE', 12867.98),
(10033, 116, 'Linda Hernandez', '1965-01-01', 'ACTIVE', 4011.46),
(10034, 103, 'David Jones', '1999-09-06', 'ACTIVE', 15029.91),
(10035, 107, 'Susan Jones', '1984-04-18', 'ACTIVE', 14893.96),
(10036, 104, 'Sarah Thomas', '1987-05-21', 'ACTIVE', 7937.71),
(10037, 112, 'Thomas Smith', '1981-09-22', 'ACTIVE', 4407.35),
(10038, 109, 'Jessica Williams', '1998-10-26', 'ACTIVE', 14138.55),
(10039, 121, 'Michael Taylor', '1987-01-02', 'ACTIVE', 14470.1),
(10040, 127, 'Sarah Martin', '1968-02-18', 'ACTIVE', 5333.24),
(10041, 126, 'Susan Jones', '1982-06-27', 'INACTIVE', 7368.03),
(10042, 106, 'John Johnson', '1974-11-24', 'ACTIVE', 7648.53),
(10043, 101, 'David Johnson', '2000-03-12', 'ACTIVE', 6695.28),
(10044, 125, 'Susan Smith', '1999-05-06', 'ACTIVE', 13256.44),
(10045, 111, 'Joseph Taylor', '1963-06-20', 'ACTIVE', 5609.57),
(10046, 130, 'Patricia Martin', '1975-03-31', 'ACTIVE', 8773.37),
(10047, 115, 'John Davis', '1970-11-05', 'INACTIVE', 8005.14),
(10048, 112, 'Charles Wilson', '1986-09-01', 'ACTIVE', 4438.49),
(10049, 124, 'John Miller', '1990-12-27', 'ACTIVE', 7676.02),
(10050, 120, 'Michael Rodriguez', '1992-06-15', 'INACTIVE', 8840.91),
(10051, 106, 'Mary Thomas', '1979-02-06', 'ACTIVE', 10646.59),
(10052, 120, 'Elizabeth Rodriguez', '1983-08-18', 'ACTIVE', 9907.98),
(10053, 123, 'Mary Moore', '1970-12-25', 'ACTIVE', 4193.21),
(10054, 112, 'Joseph Thomas', '1992-04-28', 'ACTIVE', 7640.43),
(10055, 102, 'Joseph Gonzalez', '2002-04-27', 'ACTIVE', 8648.5),
(10056, 104, 'James Martinez', '1997-03-05', 'ACTIVE', 9462.26),
(10057, 111, 'Jennifer Wilson', '1987-05-12', 'ACTIVE', 4825.63),
(10058, 124, 'Karen Jackson', '1962-03-21', 'ACTIVE', 3717.99),
(10059, 117, 'John Thomas', '1982-08-16', 'ACTIVE', 13413.36),
(10060, 116, 'Linda Smith', '1991-12-10', 'ACTIVE', 14469.86),
(10061, 103, 'Thomas Jackson', '1983-07-09', 'ACTIVE', 9868.26),
(10062, 119, 'Linda Taylor', '2000-03-21', 'ACTIVE', 9314.54),
(10063, 107, 'James Miller', '1986-07-15', 'ACTIVE', 14727.41),
(10064, 111, 'David Jones', '1979-05-20', 'ACTIVE', 4790.03),
(10065, 115, 'Susan Williams', '1993-12-28', 'ACTIVE', 15185.92),
(10066, 108, 'Robert Garcia', '1981-01-17', 'ACTIVE', 6570.97),
(10067, 108, 'John Anderson', '2000-04-16', 'ACTIVE', 13561.48),
(10068, 102, 'Robert Martin', '1996-04-12', 'ACTIVE', 8771.08),
(10069, 127, 'David Rodriguez', '1969-12-02', 'ACTIVE', 9869.16),
(10070, 113, 'William Miller', '1985-07-01', 'ACTIVE', 9162.44),
(10071, 101, 'Richard Martin', '1992-09-09', 'INACTIVE', 7945.92),
(10072, 118, 'Richard Johnson', '2000-09-29', 'ACTIVE', 5430.96),
(10073, 102, 'Richard Jackson', '1985-02-16', 'ACTIVE', 13805.7),
(10074, 123, 'Karen Rodriguez', '1966-09-09', 'ACTIVE', 12547.69),
(10075, 111, 'Sarah Lopez', '2004-07-29', 'ACTIVE', 6553.62),
(10076, 106, 'Robert Martinez', '1967-05-04', 'ACTIVE', 11573.22),
(10077, 113, 'Joseph Martin', '1998-12-30', 'ACTIVE', 11021.39),
(10078, 113, 'Charles Anderson', '1987-06-06', 'ACTIVE', 14895.27),
(10079, 112, 'James Smith', '1965-05-29', 'INACTIVE', 12859.92),
(10080, 104, 'Linda Jones', '1978-02-03', 'ACTIVE', 15399.73),
(10081, 113, 'Charles Rodriguez', '1978-07-30', 'ACTIVE', 11519.95),
(10082, 108, 'Thomas Davis', '1968-10-18', 'ACTIVE', 15092.16),
(10083, 115, 'Jennifer Hernandez', '1992-06-02', 'ACTIVE', 8045.48),
(10084, 119, 'Susan Rodriguez', '1999-06-13', 'ACTIVE', 10059.14),
(10085, 118, 'Barbara Thomas', '1963-08-24', 'ACTIVE', 7828.49),
(10086, 129, 'William Jackson', '1974-11-09', 'INACTIVE', 5819.65),
(10087, 101, 'Jennifer Gonzalez', '1973-05-12', 'INACTIVE', 8537.85),
(10088, 130, 'Mary Johnson', '1967-03-11', 'ACTIVE', 10416.75),
(10089, 130, 'Sarah Williams', '1985-11-19', 'ACTIVE', 4154.56),
(10090, 104, 'Patricia Martin', '2000-09-21', 'INACTIVE', 8109.07),
(10091, 128, 'Barbara Brown', '1984-01-25', 'ACTIVE', 13363.44),
(10092, 108, 'John Martinez', '1997-04-11', 'INACTIVE', 13561.07),
(10093, 118, 'William Johnson', '1998-11-03', 'ACTIVE', 14814.42),
(10094, 103, 'Susan Taylor', '1977-10-07', 'INACTIVE', 6538.5),
(10095, 102, 'Susan Moore', '1991-07-18', 'ACTIVE', 3639.98),
(10096, 130, 'Jessica Lopez', '1981-11-06', 'ACTIVE', 6400.21),
(10097, 101, 'Jennifer Hernandez', '1967-08-24', 'ACTIVE', 5766.5),
(10098, 102, 'Barbara Jones', '1968-12-14', 'INACTIVE', 6211.27),
(10099, 120, 'Linda Brown', '1998-10-07', 'ACTIVE', 10080.79),
(10100, 102, 'Michael Thomas', '1998-04-11', 'ACTIVE', 12808.12),
(10101, 123, 'Mary Davis', '2002-05-09', 'ACTIVE', 13844.58),
(10102, 102, 'Barbara Davis', '1988-11-17', 'ACTIVE', 8627.55),
(10103, 116, 'John Jackson', '1980-03-16', 'INACTIVE', 14488.27),
(10104, 101, 'Sarah Gonzalez', '1991-05-06', 'ACTIVE', 6147.01),
(10105, 107, 'Elizabeth Garcia', '1992-01-08', 'ACTIVE', 4155.94),
(10106, 116, 'Sarah Garcia', '1964-05-20', 'ACTIVE', 7595.96),
(10107, 119, 'Elizabeth Jackson', '1968-05-04', 'ACTIVE', 7572.37),
(10108, 117, 'Joseph Gonzalez', '1979-03-28', 'ACTIVE', 11646.37),
(10109, 110, 'James Martinez', '1981-05-21', 'ACTIVE', 12195.09),
(10110, 105, 'David Jackson', '1996-10-07', 'ACTIVE', 9910.86),
(10111, 107, 'William Gonzalez', '1966-07-29', 'ACTIVE', 13112.32),
(10112, 111, 'Thomas Jackson', '1981-06-22', 'ACTIVE', 15430.98),
(10113, 103, 'Thomas Smith', '1993-06-28', 'ACTIVE', 5586.15),
(10114, 101, 'Richard Jackson', '1990-07-15', 'INACTIVE', 9651.31),
(10115, 119, 'Jennifer Jackson', '1983-03-06', 'ACTIVE', 8995.26),
(10116, 105, 'Michael Wilson', '1973-06-10', 'ACTIVE', 14318.96),
(10117, 102, 'Patricia Jones', '1965-11-20', 'ACTIVE', 10358.6),
(10118, 121, 'Robert Gonzalez', '1977-06-12', 'ACTIVE', 15322.05),
(10119, 104, 'Mary Rodriguez', '1972-06-28', 'ACTIVE', 4724.14),
(10120, 114, 'Barbara Anderson', '1998-03-18', 'ACTIVE', 11476.39),
(10121, 125, 'David Johnson', '1999-03-21', 'INACTIVE', 8885.37),
(10122, 101, 'John Wilson', '1969-10-25', 'ACTIVE', 10579.11),
(10123, 118, 'William Thomas', '1992-05-18', 'INACTIVE', 6806.74),
(10124, 125, 'Jessica Lopez', '1991-07-26', 'ACTIVE', 14757.17),
(10125, 113, 'Charles Miller', '1993-09-30', 'ACTIVE', 5843.36),
(10126, 101, 'Richard Jones', '1976-01-03', 'ACTIVE', 5297.49),
(10127, 112, 'Robert Rodriguez', '1984-04-01', 'ACTIVE', 11484.44),
(10128, 104, 'Robert Gonzalez', '1984-11-03', 'ACTIVE', 6742.5),
(10129, 113, 'Elizabeth Gonzalez', '1987-11-19', 'ACTIVE', 10910.94),
(10130, 116, 'Joseph Taylor', '1966-12-12', 'ACTIVE', 15107.75),
(10131, 113, 'Robert Garcia', '1964-11-15', 'ACTIVE', 7797.55),
(10132, 109, 'Joseph Moore', '1969-06-06', 'ACTIVE', 9794.98),
(10133, 104, 'William Martinez', '1968-08-05', 'ACTIVE', 4832.26),
(10134, 126, 'John Thomas', '1990-05-01', 'INACTIVE', 4243.79),
(10135, 105, 'William Williams', '1997-01-13', 'INACTIVE', 4577.65),
(10136, 103, 'Mary Martin', '1990-10-06', 'ACTIVE', 7729.49),
(10137, 130, 'Joseph Martin', '1982-11-14', 'ACTIVE', 11449.59),
(10138, 126, 'Karen Rodriguez', '1975-09-29', 'ACTIVE', 4628.44),
(10139, 122, 'Mary Jones', '1981-07-30', 'ACTIVE', 13996.79),
(10140, 130, 'William Jones', '1980-08-11', 'ACTIVE', 9944.16),
(10141, 109, 'Jennifer Miller', '1969-06-25', 'INACTIVE', 7661.96),
(10142, 123, 'Karen Miller', '1973-12-05', 'ACTIVE', 10901.3),
(10143, 123, 'Thomas Lopez', '1981-03-14', 'ACTIVE', 6802.09),
(10144, 117, 'James Davis', '1987-03-26', 'ACTIVE', 11006.62),
(10145, 107, 'Linda Moore', '1996-04-21', 'ACTIVE', 15363.23),
(10146, 120, 'Richard Lopez', '1999-08-08', 'ACTIVE', 10945.55),
(10147, 106, 'John Martinez', '1963-08-05', 'INACTIVE', 3555.16),
(10148, 121, 'Elizabeth Rodriguez', '1977-11-01', 'ACTIVE', 6518.55),
(10149, 119, 'Charles Miller', '2004-02-15', 'ACTIVE', 13784.3),
(10150, 106, 'Mary Miller', '1987-06-26', 'ACTIVE', 7937.31),
(10151, 116, 'Richard Garcia', '1998-09-03', 'ACTIVE', 4208.95),
(10152, 130, 'Richard Lopez', '2000-01-12', 'ACTIVE', 11944.44),
(10153, 105, 'Patricia Garcia', '1977-10-04', 'ACTIVE', 6898.01),
(10154, 130, 'Sarah Thomas', '1969-06-21', 'INACTIVE', 4708.82),
(10155, 128, 'Michael Smith', '1967-04-26', 'ACTIVE', 8894.7),
(10156, 124, 'Thomas Taylor', '1974-09-23', 'ACTIVE', 11900.74),
(10157, 122, 'Karen Jones', '1996-05-01', 'ACTIVE', 9994.72),
(10158, 107, 'Charles Anderson', '1969-04-19', 'ACTIVE', 6773.16),
(10159, 119, 'John Johnson', '1993-01-31', 'ACTIVE', 8937.39),
(10160, 119, 'Thomas Brown', '1987-04-26', 'ACTIVE', 6944.83),
(10161, 115, 'Patricia Smith', '1992-05-10', 'INACTIVE', 9395.26),
(10162, 130, 'Patricia Martin', '1964-04-09', 'ACTIVE', 6718.96),
(10163, 120, 'Mary Lopez', '1964-01-03', 'ACTIVE', 11826.37),
(10164, 113, 'Mary Taylor', '1980-10-11', 'ACTIVE', 12533.47),
(10165, 110, 'William Wilson', '1998-05-03', 'INACTIVE', 10256.7),
(10166, 118, 'James Lopez', '1999-04-24', 'ACTIVE', 11890.3),
(10167, 130, 'Jennifer Wilson', '1987-01-14', 'ACTIVE', 11288.96),
(10168, 105, 'Elizabeth Taylor', '1976-04-14', 'ACTIVE', 8787.42),
(10169, 123, 'Barbara Garcia', '1976-10-11', 'ACTIVE', 10536.78),
(10170, 127, 'Jessica Anderson', '1977-12-23', 'ACTIVE', 14685.98),
(10171, 112, 'David Taylor', '1994-06-20', 'ACTIVE', 15091.31),
(10172, 121, 'Linda Rodriguez', '1974-03-03', 'ACTIVE', 3985.01),
(10173, 107, 'Karen Smith', '1999-09-07', 'ACTIVE', 5416.32),
(10174, 106, 'Sarah Garcia', '2000-01-13', 'ACTIVE', 6186.87),
(10175, 114, 'Karen Brown', '1971-07-29', 'ACTIVE', 12818.95),
(10176, 128, 'Susan Wilson', '1976-02-21', 'ACTIVE', 5824.72),
(10177, 127, 'Patricia Brown', '2003-12-10', 'ACTIVE', 7872.67),
(10178, 124, 'Mary Davis', '1964-12-02', 'ACTIVE', 12282.14),
(10179, 101, 'Barbara Wilson', '1978-03-22', 'ACTIVE', 6023.15),
(10180, 120, 'Elizabeth Moore', '1990-11-04', 'INACTIVE', 9537.06),
(10181, 110, 'Charles Thomas', '1978-09-02', 'ACTIVE', 14717.29),
(10182, 115, 'Robert Anderson', '1976-01-02', 'ACTIVE', 11211.8),
(10183, 122, 'John Wilson', '1965-08-17', 'ACTIVE', 8550.44),
(10184, 125, 'Sarah Williams', '1976-11-04', 'ACTIVE', 14018.83),
(10185, 121, 'Patricia Thomas', '2002-08-22', 'ACTIVE', 4904.99),
(10186, 105, 'Robert Gonzalez', '1975-12-24', 'ACTIVE', 15246.77),
(10187, 129, 'James Thomas', '1976-12-01', 'ACTIVE', 13028.92),
(10188, 111, 'Jessica Anderson', '1973-08-30', 'ACTIVE', 11085.19),
(10189, 116, 'Barbara Garcia', '2000-10-25', 'ACTIVE', 9215.36),
(10190, 103, 'Thomas Thomas', '1973-09-03', 'ACTIVE', 10396.32),
(10191, 125, 'Thomas Martinez', '1994-06-19', 'ACTIVE', 4938.98),
(10192, 117, 'Sarah Hernandez', '1988-04-21', 'ACTIVE', 10815.08),
(10193, 113, 'Michael Rodriguez', '1974-11-09', 'ACTIVE', 13623.14),
(10194, 118, 'Karen Moore', '1987-11-19', 'INACTIVE', 11496.18),
(10195, 122, 'Elizabeth Jackson', '1999-05-01', 'ACTIVE', 4095.88),
(10196, 115, 'Thomas Smith', '1964-11-14', 'ACTIVE', 7841.32),
(10197, 111, 'William Jones', '1968-05-04', 'INACTIVE', 5933.43),
(10198, 107, 'David Brown', '1996-09-01', 'ACTIVE', 10490.16),
(10199, 102, 'Richard Martinez', '1981-04-15', 'ACTIVE', 4663.89),
(10200, 118, 'Mary Moore', '1980-01-03', 'ACTIVE', 5892.9),
(10201, 128, 'Mary Gonzalez', '1998-07-16', 'ACTIVE', 10370.53),
(10202, 118, 'Barbara Thomas', '1982-11-18', 'ACTIVE', 8829.13),
(10203, 129, 'Jessica Anderson', '1983-03-04', 'ACTIVE', 9459.82),
(10204, 115, 'James Davis', '1979-05-25', 'ACTIVE', 11652.05),
(10205, 125, 'Linda Rodriguez', '1999-12-31', 'ACTIVE', 13126.18),
(10206, 121, 'James Martinez', '1968-05-24', 'ACTIVE', 5104.31),
(10207, 109, 'Sarah Thomas', '1991-02-11', 'INACTIVE', 6085.59),
(10208, 117, 'David Martinez', '1977-02-17', 'ACTIVE', 10600.71),
(10209, 104, 'Sarah Williams', '1962-09-24', 'ACTIVE', 3683.91),
(10210, 117, 'Patricia Davis', '2002-06-18', 'ACTIVE', 14713.22),
(10211, 102, 'Susan Johnson', '1963-12-22', 'ACTIVE', 12750.38),
(10212, 102, 'Susan Lopez', '1979-05-06', 'ACTIVE', 15361.71),
(10213, 114, 'James Moore', '1987-09-01', 'ACTIVE', 13233.47),
(10214, 101, 'John Hernandez', '1990-11-01', 'ACTIVE', 9796.27),
(10215, 115, 'Mary Garcia', '1963-09-03', 'ACTIVE', 9890.58),
(10216, 103, 'Jessica Brown', '1970-01-17', 'INACTIVE', 7216.56),
(10217, 123, 'William Jackson', '2001-05-01', 'ACTIVE', 6924.86),
(10218, 121, 'Karen Williams', '1991-01-21', 'INACTIVE', 11500.25),
(10219, 127, 'Patricia Jackson', '1995-04-15', 'ACTIVE', 14220.52),
(10220, 114, 'John Anderson', '1969-01-24', 'ACTIVE', 7838.07),
(10221, 120, 'Elizabeth Gonzalez', '1968-01-31', 'ACTIVE', 14304.52),
(10222, 119, 'Robert Wilson', '1988-11-10', 'INACTIVE', 12115.05),
(10223, 119, 'Richard Martin', '1976-07-08', 'ACTIVE', 7951.9),
(10224, 103, 'Mary Jones', '1980-06-13', 'ACTIVE', 12251.17),
(10225, 122, 'Elizabeth Smith', '1998-10-21', 'ACTIVE', 6143.57),
(10226, 104, 'Linda Miller', '1978-04-20', 'ACTIVE', 9249.74),
(10227, 119, 'David Martinez', '1980-11-06', 'ACTIVE', 3645.0),
(10228, 120, 'Barbara Jones', '1966-06-13', 'ACTIVE', 6827.96),
(10229, 126, 'Linda Taylor', '1990-01-22', 'ACTIVE', 9930.68),
(10230, 121, 'Elizabeth Moore', '1989-06-28', 'ACTIVE', 5215.66),
(10231, 102, 'Jennifer Martinez', '1998-08-30', 'ACTIVE', 8121.91),
(10232, 111, 'Jessica Brown', '1983-05-26', 'ACTIVE', 10854.27),
(10233, 118, 'Elizabeth Martin', '1990-06-07', 'ACTIVE', 9067.98),
(10234, 125, 'Richard Anderson', '1966-05-29', 'ACTIVE', 14206.87),
(10235, 104, 'Linda Brown', '1995-02-13', 'ACTIVE', 12769.5),
(10236, 102, 'Susan Taylor', '1966-01-03', 'ACTIVE', 5537.99),
(10237, 102, 'Thomas Jackson', '2003-03-24', 'ACTIVE', 5156.59),
(10238, 109, 'Linda Anderson', '1983-01-23', 'ACTIVE', 4981.05),
(10239, 116, 'James Gonzalez', '1977-08-14', 'ACTIVE', 5480.82),
(10240, 119, 'Linda Smith', '1999-11-22', 'ACTIVE', 13478.69),
(10241, 106, 'Karen Thomas', '1999-10-12', 'ACTIVE', 5375.0),
(10242, 122, 'Patricia Moore', '1980-04-17', 'ACTIVE', 11140.18),
(10243, 124, 'Jennifer Rodriguez', '1975-07-20', 'ACTIVE', 4033.57),
(10244, 125, 'Patricia Rodriguez', '1970-05-07', 'ACTIVE', 8336.98),
(10245, 116, 'David Hernandez', '1999-09-18', 'INACTIVE', 8929.43),
(10246, 113, 'Susan Rodriguez', '1977-01-19', 'ACTIVE', 4144.64),
(10247, 108, 'Michael Davis', '1991-04-05', 'INACTIVE', 14740.19),
(10248, 119, 'Susan Lopez', '2001-05-08', 'ACTIVE', 9410.3),
(10249, 109, 'Jessica Brown', '2004-08-23', 'ACTIVE', 10245.15),
(10250, 114, 'Robert Williams', '1983-05-28', 'ACTIVE', 13987.83),
(10251, 111, 'Richard Smith', '1969-04-22', 'ACTIVE', 8791.18),
(10252, 112, 'Richard Moore', '1967-08-03', 'INACTIVE', 12793.1),
(10253, 104, 'Jennifer Lopez', '1984-12-25', 'ACTIVE', 10513.33),
(10254, 127, 'David Anderson', '1997-11-18', 'ACTIVE', 14944.15),
(10255, 114, 'Mary Jackson', '1987-02-14', 'ACTIVE', 3795.6),
(10256, 120, 'David Miller', '1985-04-21', 'ACTIVE', 8782.64),
(10257, 116, 'William Rodriguez', '1992-09-03', 'INACTIVE', 11440.99),
(10258, 127, 'Linda Taylor', '1968-09-24', 'ACTIVE', 8549.52),
(10259, 101, 'Michael Rodriguez', '1976-06-15', 'ACTIVE', 14244.81),
(10260, 102, 'James Johnson', '1996-07-31', 'ACTIVE', 14925.12),
(10261, 114, 'Joseph Jackson', '1983-02-08', 'ACTIVE', 9340.92),
(10262, 108, 'Mary Thomas', '1962-12-08', 'ACTIVE', 8475.26),
(10263, 118, 'Sarah Brown', '1994-05-13', 'ACTIVE', 11536.59),
(10264, 113, 'Barbara Wilson', '1983-09-15', 'ACTIVE', 9600.65),
(10265, 114, 'Richard Lopez', '1974-03-20', 'ACTIVE', 11353.77),
(10266, 116, 'James Wilson', '1966-09-16', 'ACTIVE', 4592.67),
(10267, 111, 'Karen Rodriguez', '1986-04-08', 'ACTIVE', 6905.06),
(10268, 129, 'Thomas Jones', '1964-04-10', 'ACTIVE', 11604.76),
(10269, 124, 'Jessica Hernandez', '1988-07-22', 'ACTIVE', 5438.81),
(10270, 108, 'Patricia Garcia', '1963-04-01', 'ACTIVE', 5743.72),
(10271, 123, 'William Miller', '1972-09-15', 'ACTIVE', 6213.87),
(10272, 106, 'Richard Smith', '1989-10-19', 'INACTIVE', 5178.36),
(10273, 111, 'James Rodriguez', '1971-03-17', 'ACTIVE', 12182.52),
(10274, 110, 'Sarah Miller', '1993-12-17', 'ACTIVE', 10864.01),
(10275, 111, 'Barbara Davis', '1967-08-21', 'INACTIVE', 4900.77),
(10276, 103, 'Jennifer Williams', '1971-10-19', 'ACTIVE', 7802.5),
(10277, 127, 'Charles Jackson', '1988-05-11', 'ACTIVE', 15182.06),
(10278, 114, 'Elizabeth Williams', '1973-08-20', 'ACTIVE', 4330.14),
(10279, 118, 'Barbara Taylor', '1967-10-27', 'ACTIVE', 15140.94),
(10280, 130, 'David Jones', '1975-11-12', 'ACTIVE', 6264.94),
(10281, 103, 'James Williams', '1972-08-27', 'ACTIVE', 5818.55),
(10282, 129, 'Richard Smith', '2004-03-21', 'ACTIVE', 11248.25),
(10283, 121, 'William Jackson', '2000-04-04', 'ACTIVE', 9050.62),
(10284, 114, 'Joseph Gonzalez', '1995-02-12', 'INACTIVE', 8582.02),
(10285, 115, 'Thomas Smith', '2001-10-18', 'ACTIVE', 9171.18),
(10286, 120, 'James Smith', '1978-10-20', 'ACTIVE', 13107.2),
(10287, 118, 'James Williams', '1970-04-11', 'ACTIVE', 9594.77),
(10288, 116, 'Richard Wilson', '1993-10-24', 'ACTIVE', 3656.71),
(10289, 102, 'John Davis', '1991-05-10', 'ACTIVE', 11629.92),
(10290, 108, 'Thomas Thomas', '1986-04-10', 'ACTIVE', 8872.3),
(10291, 127, 'Joseph Miller', '1968-10-14', 'ACTIVE', 3860.77),
(10292, 112, 'Jennifer Brown', '1971-06-29', 'ACTIVE', 8368.65),
(10293, 119, 'Barbara Jackson', '1991-08-06', 'ACTIVE', 11621.09),
(10294, 111, 'Robert Rodriguez', '1983-04-21', 'ACTIVE', 4561.28),
(10295, 116, 'John Taylor', '1973-05-20', 'ACTIVE', 14747.01),
(10296, 105, 'Patricia Davis', '1982-06-23', 'ACTIVE', 15264.44),
(10297, 102, 'Susan Miller', '1992-12-27', 'ACTIVE', 11144.69),
(10298, 129, 'Mary Anderson', '1968-06-19', 'ACTIVE', 6781.4),
(10299, 115, 'Elizabeth Brown', '1966-11-30', 'ACTIVE', 11511.91),
(10300, 119, 'William Martin', '1984-02-05', 'ACTIVE', 8157.52),
(10301, 125, 'Barbara Smith', '1985-09-25', 'INACTIVE', 10321.97),
(10302, 128, 'Jennifer Brown', '1987-05-06', 'ACTIVE', 14333.7),
(10303, 120, 'Michael Jackson', '2002-01-31', 'ACTIVE', 12804.68),
(10304, 128, 'Karen Rodriguez', '1976-10-06', 'INACTIVE', 6450.32),
(10305, 104, 'Thomas Brown', '2002-11-15', 'ACTIVE', 6922.34),
(10306, 117, 'Barbara Miller', '1994-09-09', 'ACTIVE', 13297.45),
(10307, 116, 'Sarah Hernandez', '1985-05-31', 'ACTIVE', 12607.83),
(10308, 117, 'Barbara Brown', '1984-01-11', 'INACTIVE', 6682.45),
(10309, 111, 'Thomas Taylor', '1982-12-19', 'ACTIVE', 8571.2),
(10310, 107, 'Jennifer Brown', '1996-05-02', 'ACTIVE', 4967.97),
(10311, 116, 'Richard Garcia', '1968-03-22', 'ACTIVE', 8119.54),
(10312, 113, 'Charles Williams', '1991-10-09', 'INACTIVE', 7030.38),
(10313, 123, 'Richard Wilson', '1976-03-15', 'ACTIVE', 13309.95),
(10314, 109, 'Elizabeth Garcia', '1987-09-19', 'ACTIVE', 4526.5),
(10315, 130, 'David Davis', '1999-06-26', 'ACTIVE', 7312.98),
(10316, 130, 'Linda Gonzalez', '1982-02-28', 'ACTIVE', 3946.61),
(10317, 126, 'Jessica Hernandez', '1966-04-22', 'ACTIVE', 8704.18),
(10318, 128, 'James Moore', '1978-02-07', 'ACTIVE', 3799.96),
(10319, 119, 'Barbara Hernandez', '1968-06-03', 'ACTIVE', 3990.71),
(10320, 111, 'Joseph Smith', '1987-11-05', 'ACTIVE', 6646.7),
(10321, 117, 'Barbara Smith', '1975-08-30', 'ACTIVE', 15128.54),
(10322, 112, 'Thomas Rodriguez', '2000-05-02', 'ACTIVE', 6890.32),
(10323, 128, 'Barbara Jackson', '1970-12-29', 'ACTIVE', 15360.33),
(10324, 120, 'Jennifer Jones', '2001-12-06', 'INACTIVE', 11184.44),
(10325, 118, 'Jessica Moore', '1996-07-19', 'INACTIVE', 13759.03),
(10326, 128, 'Richard Taylor', '1979-09-07', 'ACTIVE', 7208.38),
(10327, 109, 'Joseph Johnson', '2002-01-25', 'ACTIVE', 9187.96),
(10328, 123, 'Susan Davis', '2002-03-17', 'ACTIVE', 4361.13),
(10329, 117, 'Susan Smith', '1971-04-27', 'ACTIVE', 7180.86),
(10330, 125, 'Sarah Davis', '1974-11-19', 'ACTIVE', 10644.34),
(10331, 122, 'Barbara Brown', '1989-05-14', 'ACTIVE', 5540.23),
(10332, 114, 'Richard Brown', '2001-11-06', 'ACTIVE', 3886.38),
(10333, 122, 'Mary Johnson', '1965-01-09', 'ACTIVE', 15147.6),
(10334, 101, 'Richard Williams', '1986-08-18', 'ACTIVE', 10763.42),
(10335, 103, 'Robert Martin', '1973-01-23', 'ACTIVE', 4855.99),
(10336, 129, 'Linda Martin', '1995-05-11', 'ACTIVE', 6766.6),
(10337, 128, 'Barbara Thomas', '1982-05-12', 'ACTIVE', 4431.71),
(10338, 110, 'William Hernandez', '1982-05-23', 'INACTIVE', 13571.52),
(10339, 124, 'Karen Miller', '1968-08-21', 'ACTIVE', 5933.88),
(10340, 129, 'Barbara Rodriguez', '1972-09-20', 'INACTIVE', 8197.21),
(10341, 126, 'James Jackson', '1975-09-26', 'ACTIVE', 4219.2),
(10342, 116, 'Thomas Williams', '1981-10-10', 'ACTIVE', 11040.86),
(10343, 125, 'Jessica Moore', '1967-12-27', 'ACTIVE', 8366.15),
(10344, 112, 'Susan Miller', '1993-12-09', 'ACTIVE', 13104.67),
(10345, 122, 'David Miller', '1963-02-25', 'ACTIVE', 4185.2),
(10346, 129, 'Richard Brown', '1998-03-19', 'ACTIVE', 3562.0),
(10347, 101, 'Patricia Martin', '1973-02-08', 'ACTIVE', 12115.68),
(10348, 128, 'Linda Martinez', '1992-01-12', 'ACTIVE', 9610.49),
(10349, 119, 'Michael Miller', '1976-05-02', 'ACTIVE', 7480.13),
(10350, 106, 'Michael Martin', '1981-05-20', 'ACTIVE', 15341.26),
(10351, 102, 'Elizabeth Wilson', '1964-08-22', 'ACTIVE', 8293.4),
(10352, 106, 'Patricia Martin', '1962-01-05', 'ACTIVE', 13169.62),
(10353, 122, 'William Anderson', '1993-09-21', 'INACTIVE', 14019.0),
(10354, 119, 'Michael Thomas', '1998-03-29', 'ACTIVE', 15169.12),
(10355, 114, 'Karen Davis', '2002-12-01', 'ACTIVE', 10298.91),
(10356, 124, 'Robert Jones', '1993-02-16', 'ACTIVE', 3900.7),
(10357, 123, 'Susan Moore', '1964-01-20', 'ACTIVE', 13239.61),
(10358, 128, 'Jennifer Jones', '1970-07-30', 'ACTIVE', 10529.76),
(10359, 129, 'James Wilson', '1990-10-13', 'INACTIVE', 12608.83),
(10360, 122, 'William Brown', '1998-05-24', 'INACTIVE', 8900.72),
(10361, 130, 'Mary Martin', '1997-09-13', 'ACTIVE', 14545.38),
(10362, 115, 'James Brown', '1977-10-11', 'ACTIVE', 11175.31),
(10363, 120, 'Barbara Brown', '1971-03-13', 'INACTIVE', 8004.66),
(10364, 121, 'Michael Jackson', '1973-05-06', 'ACTIVE', 14873.99),
(10365, 104, 'David Jones', '1977-04-13', 'INACTIVE', 11497.8),
(10366, 124, 'Charles Hernandez', '1978-12-26', 'ACTIVE', 6414.5),
(10367, 127, 'Charles Taylor', '1963-01-15', 'ACTIVE', 10045.54),
(10368, 126, 'Charles Wilson', '1988-12-26', 'INACTIVE', 5568.65),
(10369, 113, 'Charles Moore', '1975-06-30', 'ACTIVE', 9010.4),
(10370, 124, 'Elizabeth Smith', '1984-01-12', 'ACTIVE', 6580.67),
(10371, 128, 'Elizabeth Davis', '1964-12-29', 'ACTIVE', 4814.56),
(10372, 115, 'Joseph Lopez', '1970-03-03', 'ACTIVE', 13337.1),
(10373, 109, 'Barbara Brown', '2002-11-21', 'ACTIVE', 5103.63),
(10374, 102, 'Susan Martinez', '1965-08-05', 'ACTIVE', 12009.72),
(10375, 114, 'Jessica Miller', '2000-03-14', 'ACTIVE', 9378.02),
(10376, 107, 'Richard Rodriguez', '1993-07-11', 'ACTIVE', 5381.9),
(10377, 115, 'Jennifer Gonzalez', '2003-08-01', 'ACTIVE', 14414.17),
(10378, 111, 'Jessica Smith', '1983-08-24', 'ACTIVE', 12904.84),
(10379, 108, 'David Johnson', '1975-10-09', 'ACTIVE', 14563.86),
(10380, 117, 'Patricia Gonzalez', '1988-04-15', 'ACTIVE', 4814.61),
(10381, 121, 'Mary Martin', '1987-08-28', 'ACTIVE', 15363.37),
(10382, 106, 'Michael Miller', '1992-12-28', 'ACTIVE', 6606.03),
(10383, 101, 'John Garcia', '1966-12-01', 'ACTIVE', 14458.57),
(10384, 102, 'David Rodriguez', '1992-06-30', 'ACTIVE', 12646.14),
(10385, 118, 'Sarah Martinez', '1988-09-24', 'ACTIVE', 14571.07),
(10386, 121, 'Jennifer Brown', '1971-09-07', 'ACTIVE', 3608.04),
(10387, 110, 'Sarah Garcia', '1982-12-09', 'ACTIVE', 4117.83),
(10388, 101, 'Robert Williams', '1988-01-12', 'ACTIVE', 13870.74),
(10389, 122, 'James Garcia', '1966-07-25', 'ACTIVE', 10289.91),
(10390, 109, 'Michael Anderson', '1986-04-23', 'ACTIVE', 4756.11),
(10391, 112, 'Charles Anderson', '1995-01-26', 'ACTIVE', 4546.7),
(10392, 103, 'Thomas Martinez', '1962-03-14', 'INACTIVE', 14878.02),
(10393, 107, 'Susan Johnson', '1996-06-04', 'ACTIVE', 8892.76),
(10394, 113, 'William Thomas', '1972-07-07', 'ACTIVE', 9241.05),
(10395, 106, 'John Thomas', '1966-06-11', 'ACTIVE', 11955.71),
(10396, 112, 'Mary Williams', '1963-10-13', 'ACTIVE', 4059.49),
(10397, 118, 'William Johnson', '1975-09-29', 'ACTIVE', 6965.67),
(10398, 116, 'Michael Thomas', '1994-03-11', 'ACTIVE', 13464.88),
(10399, 104, 'Sarah Williams', '1980-12-08', 'ACTIVE', 3593.32),
(10400, 121, 'Patricia Moore', '2001-10-24', 'INACTIVE', 9779.43),
(10401, 107, 'Linda Martinez', '1963-11-14', 'ACTIVE', 11565.95),
(10402, 128, 'Sarah Lopez', '1968-07-03', 'ACTIVE', 4189.7),
(10403, 125, 'Linda Jackson', '1984-05-27', 'ACTIVE', 10293.32),
(10404, 117, 'Michael Johnson', '1971-05-31', 'ACTIVE', 14465.33),
(10405, 112, 'Thomas Martinez', '1998-08-15', 'ACTIVE', 10309.3),
(10406, 125, 'Barbara Miller', '1973-08-01', 'ACTIVE', 11659.43),
(10407, 122, 'Jessica Jones', '2003-06-26', 'ACTIVE', 14388.85),
(10408, 109, 'Joseph Thomas', '1998-12-20', 'ACTIVE', 13630.87),
(10409, 115, 'Michael Moore', '2004-10-15', 'ACTIVE', 5376.29),
(10410, 128, 'Jennifer Rodriguez', '1997-11-01', 'ACTIVE', 4351.93),
(10411, 123, 'Jennifer Rodriguez', '1963-02-01', 'ACTIVE', 6118.86),
(10412, 121, 'Richard Martinez', '1969-10-25', 'ACTIVE', 8122.42),
(10413, 115, 'Charles Johnson', '1976-05-09', 'ACTIVE', 7726.16),
(10414, 130, 'John Jones', '1998-04-20', 'ACTIVE', 8326.43),
(10415, 107, 'James Gonzalez', '1994-02-08', 'INACTIVE', 13722.04),
(10416, 125, 'James Gonzalez', '1972-05-22', 'ACTIVE', 15419.14),
(10417, 105, 'Charles Williams', '1992-09-17', 'ACTIVE', 12273.25),
(10418, 129, 'Sarah Gonzalez', '1969-03-26', 'ACTIVE', 4517.24),
(10419, 122, 'Michael Hernandez', '1998-12-08', 'INACTIVE', 14953.88),
(10420, 123, 'Susan Smith', '1985-04-27', 'ACTIVE', 11926.81),
(10421, 112, 'Karen Martin', '1965-10-20', 'ACTIVE', 5344.65),
(10422, 107, 'John Anderson', '1966-04-17', 'ACTIVE', 12527.28),
(10423, 107, 'Jessica Lopez', '1996-06-17', 'ACTIVE', 9580.12),
(10424, 121, 'Thomas Thomas', '1987-08-22', 'ACTIVE', 4123.98),
(10425, 130, 'Joseph Johnson', '1982-02-21', 'ACTIVE', 6788.93),
(10426, 125, 'William Gonzalez', '1965-11-06', 'ACTIVE', 10980.16),
(10427, 103, 'Mary Rodriguez', '1990-03-08', 'ACTIVE', 9205.6),
(10428, 121, 'Elizabeth Gonzalez', '1990-05-21', 'INACTIVE', 11023.58),
(10429, 115, 'Patricia Anderson', '1997-07-04', 'ACTIVE', 10528.65),
(10430, 116, 'William Taylor', '1988-11-09', 'ACTIVE', 12877.68),
(10431, 119, 'Karen Lopez', '1962-07-12', 'ACTIVE', 15201.33),
(10432, 129, 'Elizabeth Lopez', '1985-04-11', 'ACTIVE', 9940.14),
(10433, 125, 'Joseph Johnson', '2000-09-11', 'ACTIVE', 11428.95),
(10434, 120, 'Robert Jackson', '1986-11-11', 'INACTIVE', 14845.79),
(10435, 121, 'Thomas Garcia', '1993-01-06', 'ACTIVE', 14890.14),
(10436, 109, 'Robert Lopez', '2002-05-15', 'INACTIVE', 7373.08),
(10437, 101, 'James Miller', '1986-10-11', 'ACTIVE', 12692.2),
(10438, 112, 'Karen Miller', '1988-08-28', 'ACTIVE', 7420.36),
(10439, 109, 'Charles Williams', '1968-08-22', 'ACTIVE', 13687.13),
(10440, 125, 'Robert Brown', '1969-07-21', 'ACTIVE', 9155.71),
(10441, 104, 'Thomas Thomas', '1970-02-06', 'ACTIVE', 12785.4),
(10442, 128, 'Richard Johnson', '1978-05-23', 'ACTIVE', 5171.58),
(10443, 107, 'Charles Williams', '1996-02-07', 'ACTIVE', 12798.18),
(10444, 129, 'David Hernandez', '1963-01-06', 'ACTIVE', 9228.8),
(10445, 126, 'James Gonzalez', '1982-11-27', 'INACTIVE', 8584.23),
(10446, 108, 'Elizabeth Smith', '1971-01-28', 'ACTIVE', 7431.0),
(10447, 101, 'John Martin', '1997-01-31', 'INACTIVE', 6506.93),
(10448, 119, 'Patricia Rodriguez', '1965-01-06', 'INACTIVE', 5339.7),
(10449, 104, 'Linda Martinez', '1962-12-02', 'ACTIVE', 4340.27),
(10450, 128, 'Linda Wilson', '1981-08-12', 'ACTIVE', 7323.01),
(10451, 109, 'Mary Smith', '1985-11-03', 'INACTIVE', 9229.06),
(10452, 121, 'Thomas Gonzalez', '2003-09-23', 'ACTIVE', 11866.14),
(10453, 119, 'Linda Hernandez', '1974-10-12', 'ACTIVE', 12520.06),
(10454, 101, 'Linda Williams', '1966-12-15', 'ACTIVE', 9937.99),
(10455, 117, 'Thomas Brown', '1994-04-18', 'ACTIVE', 4588.08),
(10456, 118, 'Jessica Smith', '1967-11-06', 'ACTIVE', 10497.51),
(10457, 101, 'John Jackson', '1985-08-10', 'ACTIVE', 14007.74),
(10458, 109, 'Joseph Wilson', '1967-09-03', 'ACTIVE', 13925.01),
(10459, 117, 'Elizabeth Williams', '2001-11-04', 'ACTIVE', 4416.24),
(10460, 120, 'Elizabeth Jackson', '1999-08-25', 'ACTIVE', 12900.14),
(10461, 111, 'Richard Hernandez', '1979-07-15', 'ACTIVE', 15185.9),
(10462, 124, 'James Martin', '1966-07-29', 'ACTIVE', 10962.97),
(10463, 128, 'Jessica Jones', '2003-03-16', 'INACTIVE', 11343.05),
(10464, 125, 'Patricia Martinez', '2004-04-26', 'ACTIVE', 5520.36),
(10465, 119, 'James Rodriguez', '1992-02-24', 'ACTIVE', 9747.01),
(10466, 127, 'Michael Anderson', '1987-09-09', 'ACTIVE', 6054.24),
(10467, 120, 'Thomas Hernandez', '1991-11-25', 'INACTIVE', 8351.29),
(10468, 124, 'James Jackson', '1982-12-05', 'ACTIVE', 12239.27),
(10469, 119, 'Karen Martinez', '1964-05-22', 'INACTIVE', 9283.21),
(10470, 109, 'Linda Miller', '1975-10-26', 'INACTIVE', 6313.33),
(10471, 103, 'Charles Williams', '1971-03-23', 'ACTIVE', 15486.68),
(10472, 121, 'Linda Brown', '1962-10-17', 'ACTIVE', 8227.14),
(10473, 112, 'John Miller', '1985-12-22', 'INACTIVE', 7140.54),
(10474, 108, 'Barbara Davis', '1987-06-11', 'INACTIVE', 12540.75),
(10475, 128, 'Robert Rodriguez', '1965-05-14', 'ACTIVE', 12707.29),
(10476, 107, 'Linda Hernandez', '1989-06-03', 'ACTIVE', 12906.65),
(10477, 106, 'Mary Gonzalez', '1969-12-29', 'ACTIVE', 8672.72),
(10478, 118, 'Michael Davis', '1962-12-27', 'INACTIVE', 7383.85),
(10479, 126, 'Linda Johnson', '1986-04-22', 'ACTIVE', 10468.08),
(10480, 106, 'Robert Jackson', '1964-04-21', 'ACTIVE', 3500.88),
(10481, 115, 'Patricia Jackson', '1988-05-28', 'ACTIVE', 14400.37),
(10482, 102, 'Elizabeth Brown', '1977-11-13', 'ACTIVE', 6719.12),
(10483, 127, 'Jennifer Rodriguez', '1984-07-08', 'ACTIVE', 8425.12),
(10484, 117, 'Robert Martin', '1985-09-15', 'ACTIVE', 14422.17),
(10485, 112, 'David Lopez', '1969-07-09', 'ACTIVE', 5620.79),
(10486, 130, 'Jessica Gonzalez', '1963-05-06', 'ACTIVE', 12877.6),
(10487, 109, 'Barbara Martin', '1964-06-20', 'ACTIVE', 13604.23),
(10488, 118, 'Joseph Gonzalez', '1964-09-27', 'ACTIVE', 12941.36),
(10489, 108, 'Robert Wilson', '1982-10-06', 'INACTIVE', 4565.91),
(10490, 112, 'Thomas Davis', '1989-07-20', 'ACTIVE', 14448.71),
(10491, 117, 'Patricia Davis', '1966-06-05', 'ACTIVE', 15206.35),
(10492, 123, 'William Jackson', '1994-05-05', 'ACTIVE', 11753.99),
(10493, 130, 'Karen Hernandez', '1967-07-20', 'INACTIVE', 15207.3),
(10494, 101, 'Richard Martinez', '2003-01-25', 'ACTIVE', 6712.71),
(10495, 114, 'James Miller', '1988-06-20', 'ACTIVE', 8828.77),
(10496, 120, 'Michael Jones', '1975-10-15', 'ACTIVE', 7817.69),
(10497, 125, 'Thomas Anderson', '1971-09-17', 'ACTIVE', 14686.51),
(10498, 110, 'Richard Brown', '1978-04-10', 'INACTIVE', 13595.3),
(10499, 115, 'John Rodriguez', '1980-04-23', 'ACTIVE', 6154.69),
(10500, 128, 'Michael Garcia', '1979-02-22', 'ACTIVE', 14723.47);

INSERT INTO fact_enrollments (enrollment_id, employee_id, product_id, enrollment_date, status) VALUES
(5001, 10359, 2, '2024-06-30', 'ACTIVE'),
(5002, 10376, 5, '2022-06-01', 'ACTIVE'),
(5003, 10250, 2, '2023-01-27', 'ACTIVE'),
(5004, 10438, 1, '2023-10-27', 'ACTIVE'),
(5005, 10347, 4, '2023-10-09', 'ACTIVE'),
(5006, 10123, 2, '2024-12-17', 'ACTIVE'),
(5007, 10235, 2, '2022-07-18', 'ACTIVE'),
(5008, 10466, 5, '2024-08-05', 'ACTIVE'),
(5009, 10141, 5, '2023-07-06', 'ACTIVE'),
(5010, 10368, 1, '2023-07-24', 'ACTIVE'),
(5011, 10371, 2, '2022-07-28', 'ACTIVE'),
(5012, 10076, 5, '2024-10-03', 'ACTIVE'),
(5013, 10198, 2, '2022-10-09', 'ACTIVE'),
(5014, 10283, 3, '2022-09-13', 'ACTIVE'),
(5015, 10267, 4, '2024-06-22', 'ACTIVE'),
(5016, 10226, 5, '2023-05-10', 'ACTIVE'),
(5017, 10024, 2, '2023-01-17', 'ACTIVE'),
(5018, 10280, 1, '2022-11-13', 'ACTIVE'),
(5019, 10360, 2, '2022-11-26', 'ACTIVE'),
(5020, 10134, 1, '2024-11-26', 'ACTIVE'),
(5021, 10106, 4, '2024-11-21', 'ACTIVE'),
(5022, 10159, 2, '2022-03-28', 'ACTIVE'),
(5023, 10215, 1, '2022-08-29', 'ACTIVE'),
(5024, 10377, 4, '2024-09-29', 'ACTIVE'),
(5025, 10056, 2, '2024-07-16', 'ACTIVE'),
(5026, 10320, 5, '2023-11-03', 'ACTIVE'),
(5027, 10009, 5, '2024-05-29', 'ACTIVE'),
(5028, 10094, 5, '2024-07-23', 'ACTIVE'),
(5029, 10055, 4, '2022-11-10', 'ACTIVE'),
(5030, 10374, 4, '2024-05-18', 'ACTIVE'),
(5031, 10288, 1, '2023-03-17', 'ACTIVE'),
(5032, 10297, 1, '2022-08-25', 'ACTIVE'),
(5033, 10309, 2, '2023-10-06', 'ACTIVE'),
(5034, 10283, 2, '2023-07-16', 'ACTIVE'),
(5035, 10339, 3, '2024-06-26', 'ACTIVE'),
(5036, 10378, 1, '2022-07-28', 'ACTIVE'),
(5037, 10055, 3, '2024-12-05', 'ACTIVE'),
(5038, 10384, 4, '2023-09-13', 'ACTIVE'),
(5039, 10250, 4, '2023-02-16', 'ACTIVE'),
(5040, 10191, 2, '2022-12-04', 'ACTIVE'),
(5041, 10491, 2, '2022-10-13', 'ACTIVE'),
(5042, 10013, 1, '2023-01-28', 'ACTIVE'),
(5043, 10446, 3, '2024-04-02', 'ACTIVE'),
(5044, 10487, 3, '2023-11-06', 'ACTIVE'),
(5045, 10276, 2, '2024-06-15', 'ACTIVE'),
(5046, 10163, 3, '2023-10-23', 'ACTIVE'),
(5047, 10046, 5, '2023-04-09', 'ACTIVE'),
(5048, 10029, 2, '2022-09-29', 'ACTIVE'),
(5049, 10146, 1, '2024-01-11', 'ACTIVE'),
(5050, 10259, 2, '2022-10-09', 'ACTIVE'),
(5051, 10161, 2, '2023-12-11', 'ACTIVE'),
(5052, 10015, 1, '2024-10-07', 'ACTIVE'),
(5053, 10181, 4, '2022-03-06', 'ACTIVE'),
(5054, 10364, 4, '2022-12-05', 'ACTIVE'),
(5055, 10433, 3, '2024-02-08', 'ACTIVE'),
(5056, 10129, 2, '2023-07-03', 'ACTIVE'),
(5057, 10392, 1, '2022-06-09', 'ACTIVE'),
(5058, 10299, 2, '2022-10-15', 'ACTIVE'),
(5059, 10212, 5, '2023-04-18', 'ACTIVE'),
(5060, 10439, 5, '2024-08-26', 'ACTIVE'),
(5061, 10097, 3, '2024-04-12', 'ACTIVE'),
(5062, 10207, 1, '2022-07-01', 'ACTIVE'),
(5063, 10082, 5, '2024-02-02', 'ACTIVE'),
(5064, 10372, 4, '2022-07-23', 'ACTIVE'),
(5065, 10001, 2, '2023-10-08', 'ACTIVE'),
(5066, 10286, 1, '2024-03-01', 'ACTIVE'),
(5067, 10052, 4, '2023-12-19', 'ACTIVE'),
(5068, 10326, 5, '2024-03-07', 'ACTIVE'),
(5069, 10111, 2, '2023-10-31', 'ACTIVE'),
(5070, 10290, 3, '2022-09-11', 'ACTIVE'),
(5071, 10204, 2, '2022-02-04', 'ACTIVE'),
(5072, 10260, 1, '2022-03-13', 'ACTIVE'),
(5073, 10180, 5, '2022-10-05', 'ACTIVE'),
(5074, 10344, 4, '2022-11-14', 'ACTIVE'),
(5075, 10143, 4, '2023-04-23', 'ACTIVE'),
(5076, 10473, 4, '2024-05-20', 'ACTIVE'),
(5077, 10143, 3, '2022-06-02', 'ACTIVE'),
(5078, 10121, 2, '2023-12-07', 'ACTIVE'),
(5079, 10497, 3, '2024-05-31', 'ACTIVE'),
(5080, 10032, 5, '2023-11-26', 'ACTIVE'),
(5081, 10176, 5, '2023-12-28', 'ACTIVE'),
(5082, 10047, 3, '2024-08-08', 'ACTIVE'),
(5083, 10437, 5, '2023-02-25', 'ACTIVE'),
(5084, 10449, 3, '2024-12-01', 'ACTIVE'),
(5085, 10467, 3, '2023-08-01', 'ACTIVE'),
(5086, 10326, 1, '2024-03-12', 'ACTIVE'),
(5087, 10096, 5, '2024-11-13', 'ACTIVE'),
(5088, 10141, 4, '2022-12-27', 'ACTIVE'),
(5089, 10009, 2, '2022-03-15', 'ACTIVE'),
(5090, 10111, 2, '2023-04-01', 'ACTIVE'),
(5091, 10221, 4, '2023-08-10', 'ACTIVE'),
(5092, 10441, 5, '2024-07-12', 'ACTIVE'),
(5093, 10218, 5, '2024-08-11', 'ACTIVE'),
(5094, 10456, 3, '2023-11-27', 'ACTIVE'),
(5095, 10136, 2, '2023-09-29', 'ACTIVE'),
(5096, 10294, 1, '2024-07-02', 'ACTIVE'),
(5097, 10470, 4, '2022-05-04', 'ACTIVE'),
(5098, 10020, 1, '2024-02-02', 'ACTIVE'),
(5099, 10194, 3, '2024-05-18', 'ACTIVE'),
(5100, 10496, 3, '2023-05-02', 'ACTIVE'),
(5101, 10082, 5, '2022-07-28', 'ACTIVE'),
(5102, 10395, 2, '2022-02-13', 'ACTIVE'),
(5103, 10382, 2, '2022-09-18', 'ACTIVE'),
(5104, 10355, 1, '2022-04-20', 'ACTIVE'),
(5105, 10379, 3, '2022-06-23', 'ACTIVE'),
(5106, 10167, 4, '2022-03-31', 'ACTIVE'),
(5107, 10184, 4, '2022-05-07', 'ACTIVE'),
(5108, 10012, 3, '2024-04-28', 'ACTIVE'),
(5109, 10349, 4, '2024-03-11', 'ACTIVE'),
(5110, 10454, 1, '2024-09-03', 'ACTIVE'),
(5111, 10186, 3, '2024-07-01', 'ACTIVE'),
(5112, 10317, 5, '2024-05-01', 'ACTIVE'),
(5113, 10356, 1, '2022-11-28', 'ACTIVE'),
(5114, 10396, 2, '2023-03-18', 'ACTIVE'),
(5115, 10274, 4, '2022-10-22', 'ACTIVE'),
(5116, 10073, 4, '2022-03-28', 'ACTIVE'),
(5117, 10477, 4, '2024-09-25', 'ACTIVE'),
(5118, 10091, 2, '2023-03-07', 'ACTIVE'),
(5119, 10131, 1, '2023-01-23', 'ACTIVE'),
(5120, 10476, 3, '2023-06-14', 'ACTIVE'),
(5121, 10339, 4, '2022-02-22', 'ACTIVE'),
(5122, 10360, 2, '2024-07-30', 'ACTIVE'),
(5123, 10112, 4, '2023-07-13', 'ACTIVE'),
(5124, 10111, 3, '2022-04-29', 'ACTIVE'),
(5125, 10446, 4, '2022-10-31', 'ACTIVE'),
(5126, 10087, 5, '2022-09-23', 'ACTIVE'),
(5127, 10242, 1, '2023-07-13', 'ACTIVE'),
(5128, 10375, 2, '2022-04-16', 'ACTIVE'),
(5129, 10182, 2, '2024-07-07', 'ACTIVE'),
(5130, 10460, 3, '2024-01-13', 'ACTIVE'),
(5131, 10162, 5, '2022-08-31', 'ACTIVE'),
(5132, 10100, 1, '2024-03-28', 'ACTIVE'),
(5133, 10339, 5, '2022-12-19', 'ACTIVE'),
(5134, 10145, 2, '2023-05-21', 'ACTIVE'),
(5135, 10248, 1, '2024-12-13', 'ACTIVE'),
(5136, 10232, 3, '2024-11-23', 'ACTIVE'),
(5137, 10012, 5, '2022-01-24', 'ACTIVE'),
(5138, 10047, 3, '2022-08-26', 'ACTIVE'),
(5139, 10192, 5, '2024-07-29', 'ACTIVE'),
(5140, 10394, 5, '2024-01-19', 'ACTIVE'),
(5141, 10376, 2, '2024-12-07', 'ACTIVE'),
(5142, 10243, 5, '2024-02-17', 'ACTIVE'),
(5143, 10498, 1, '2023-10-04', 'ACTIVE'),
(5144, 10353, 5, '2022-07-09', 'ACTIVE'),
(5145, 10077, 1, '2023-02-19', 'ACTIVE'),
(5146, 10321, 5, '2022-02-14', 'ACTIVE'),
(5147, 10261, 5, '2024-08-28', 'ACTIVE'),
(5148, 10441, 2, '2024-02-11', 'ACTIVE'),
(5149, 10047, 5, '2022-04-11', 'ACTIVE'),
(5150, 10134, 4, '2022-09-26', 'ACTIVE'),
(5151, 10134, 5, '2023-07-31', 'ACTIVE'),
(5152, 10167, 4, '2022-03-22', 'ACTIVE'),
(5153, 10246, 3, '2024-09-13', 'ACTIVE'),
(5154, 10139, 3, '2023-10-10', 'ACTIVE'),
(5155, 10204, 4, '2022-01-09', 'ACTIVE'),
(5156, 10113, 1, '2024-01-03', 'ACTIVE'),
(5157, 10262, 2, '2024-04-25', 'ACTIVE'),
(5158, 10039, 1, '2022-07-14', 'ACTIVE'),
(5159, 10293, 3, '2024-10-05', 'ACTIVE'),
(5160, 10490, 1, '2024-10-31', 'ACTIVE'),
(5161, 10453, 4, '2023-07-07', 'ACTIVE'),
(5162, 10458, 2, '2024-08-16', 'ACTIVE'),
(5163, 10223, 3, '2023-05-07', 'ACTIVE'),
(5164, 10449, 2, '2023-05-28', 'ACTIVE'),
(5165, 10495, 3, '2022-04-29', 'ACTIVE'),
(5166, 10290, 2, '2024-10-19', 'ACTIVE'),
(5167, 10057, 3, '2023-12-04', 'ACTIVE'),
(5168, 10425, 2, '2023-10-08', 'ACTIVE'),
(5169, 10326, 3, '2024-02-18', 'ACTIVE'),
(5170, 10294, 1, '2023-05-17', 'ACTIVE'),
(5171, 10145, 2, '2023-05-28', 'ACTIVE'),
(5172, 10429, 1, '2023-03-05', 'ACTIVE'),
(5173, 10247, 4, '2022-12-09', 'ACTIVE'),
(5174, 10404, 1, '2024-08-14', 'ACTIVE'),
(5175, 10014, 2, '2024-12-16', 'ACTIVE'),
(5176, 10099, 5, '2023-10-30', 'ACTIVE'),
(5177, 10070, 5, '2024-11-02', 'ACTIVE'),
(5178, 10110, 4, '2022-09-11', 'ACTIVE'),
(5179, 10041, 1, '2022-05-17', 'ACTIVE'),
(5180, 10244, 5, '2023-01-08', 'ACTIVE'),
(5181, 10176, 1, '2023-10-26', 'ACTIVE'),
(5182, 10155, 4, '2024-07-23', 'ACTIVE'),
(5183, 10003, 4, '2022-04-27', 'ACTIVE'),
(5184, 10020, 4, '2023-06-03', 'ACTIVE'),
(5185, 10059, 1, '2024-02-16', 'ACTIVE'),
(5186, 10371, 4, '2022-04-09', 'ACTIVE'),
(5187, 10459, 2, '2024-10-30', 'ACTIVE'),
(5188, 10382, 2, '2024-07-24', 'ACTIVE'),
(5189, 10339, 1, '2023-01-17', 'ACTIVE'),
(5190, 10107, 2, '2022-04-10', 'ACTIVE'),
(5191, 10184, 3, '2024-08-13', 'ACTIVE'),
(5192, 10356, 1, '2024-08-13', 'ACTIVE'),
(5193, 10359, 1, '2023-10-16', 'ACTIVE'),
(5194, 10192, 5, '2023-11-17', 'ACTIVE'),
(5195, 10121, 3, '2022-05-10', 'ACTIVE'),
(5196, 10048, 1, '2022-11-19', 'ACTIVE'),
(5197, 10423, 1, '2023-03-28', 'ACTIVE'),
(5198, 10425, 1, '2024-02-28', 'ACTIVE'),
(5199, 10489, 4, '2024-02-16', 'ACTIVE'),
(5200, 10467, 1, '2022-02-01', 'ACTIVE'),
(5201, 10029, 4, '2024-02-17', 'ACTIVE'),
(5202, 10121, 3, '2022-03-19', 'ACTIVE'),
(5203, 10430, 5, '2024-11-10', 'ACTIVE'),
(5204, 10033, 3, '2022-10-21', 'ACTIVE'),
(5205, 10162, 4, '2024-04-27', 'ACTIVE'),
(5206, 10419, 5, '2023-02-24', 'ACTIVE'),
(5207, 10383, 1, '2022-05-11', 'ACTIVE'),
(5208, 10070, 4, '2022-09-01', 'ACTIVE'),
(5209, 10149, 4, '2022-12-08', 'ACTIVE'),
(5210, 10334, 4, '2022-05-05', 'ACTIVE'),
(5211, 10202, 4, '2024-05-13', 'ACTIVE'),
(5212, 10336, 1, '2024-06-21', 'ACTIVE'),
(5213, 10241, 1, '2022-12-31', 'ACTIVE'),
(5214, 10072, 4, '2024-01-13', 'ACTIVE'),
(5215, 10099, 3, '2023-06-01', 'ACTIVE'),
(5216, 10332, 3, '2023-03-11', 'ACTIVE'),
(5217, 10077, 2, '2023-12-01', 'ACTIVE'),
(5218, 10340, 1, '2022-03-14', 'ACTIVE'),
(5219, 10355, 3, '2023-07-10', 'ACTIVE'),
(5220, 10307, 3, '2022-03-28', 'ACTIVE'),
(5221, 10254, 3, '2024-10-30', 'ACTIVE'),
(5222, 10056, 3, '2022-05-25', 'ACTIVE'),
(5223, 10080, 5, '2023-07-17', 'ACTIVE'),
(5224, 10009, 5, '2022-08-20', 'ACTIVE'),
(5225, 10004, 4, '2023-02-26', 'ACTIVE'),
(5226, 10141, 2, '2023-11-15', 'ACTIVE'),
(5227, 10454, 2, '2022-06-10', 'ACTIVE'),
(5228, 10353, 1, '2023-04-05', 'ACTIVE'),
(5229, 10002, 1, '2022-10-04', 'ACTIVE'),
(5230, 10098, 3, '2023-12-17', 'ACTIVE'),
(5231, 10334, 4, '2022-12-10', 'ACTIVE'),
(5232, 10127, 4, '2022-12-27', 'ACTIVE'),
(5233, 10086, 4, '2023-01-07', 'ACTIVE'),
(5234, 10438, 1, '2022-05-26', 'ACTIVE'),
(5235, 10199, 2, '2023-07-21', 'ACTIVE'),
(5236, 10302, 1, '2022-11-10', 'ACTIVE'),
(5237, 10306, 2, '2024-10-02', 'ACTIVE'),
(5238, 10015, 2, '2024-05-14', 'ACTIVE'),
(5239, 10373, 1, '2023-08-07', 'ACTIVE'),
(5240, 10187, 3, '2022-03-18', 'ACTIVE'),
(5241, 10172, 1, '2024-08-02', 'ACTIVE'),
(5242, 10327, 4, '2024-06-15', 'ACTIVE'),
(5243, 10132, 4, '2023-03-30', 'ACTIVE'),
(5244, 10476, 5, '2022-07-21', 'ACTIVE'),
(5245, 10196, 3, '2023-08-04', 'ACTIVE'),
(5246, 10489, 4, '2023-06-22', 'ACTIVE'),
(5247, 10166, 1, '2022-10-30', 'ACTIVE'),
(5248, 10030, 1, '2022-01-20', 'ACTIVE'),
(5249, 10161, 4, '2024-01-26', 'ACTIVE'),
(5250, 10109, 1, '2024-02-08', 'ACTIVE'),
(5251, 10257, 1, '2023-03-12', 'ACTIVE'),
(5252, 10185, 2, '2023-10-08', 'ACTIVE'),
(5253, 10215, 5, '2022-04-11', 'ACTIVE'),
(5254, 10148, 1, '2024-01-05', 'ACTIVE'),
(5255, 10383, 4, '2024-04-07', 'ACTIVE'),
(5256, 10019, 4, '2023-04-03', 'ACTIVE'),
(5257, 10313, 5, '2023-10-20', 'ACTIVE'),
(5258, 10051, 1, '2023-07-13', 'ACTIVE'),
(5259, 10404, 4, '2023-02-14', 'ACTIVE'),
(5260, 10033, 1, '2024-04-03', 'ACTIVE'),
(5261, 10384, 3, '2023-03-19', 'ACTIVE'),
(5262, 10431, 2, '2023-10-26', 'ACTIVE'),
(5263, 10408, 3, '2024-07-16', 'ACTIVE'),
(5264, 10378, 3, '2024-06-01', 'ACTIVE'),
(5265, 10323, 3, '2023-01-20', 'ACTIVE'),
(5266, 10067, 3, '2024-03-04', 'ACTIVE'),
(5267, 10466, 5, '2023-05-18', 'ACTIVE'),
(5268, 10172, 2, '2024-08-21', 'ACTIVE'),
(5269, 10123, 1, '2022-01-24', 'ACTIVE'),
(5270, 10072, 1, '2023-09-12', 'ACTIVE'),
(5271, 10275, 1, '2024-02-18', 'ACTIVE'),
(5272, 10433, 4, '2024-04-28', 'ACTIVE'),
(5273, 10289, 1, '2022-11-28', 'ACTIVE'),
(5274, 10268, 4, '2023-08-19', 'ACTIVE'),
(5275, 10187, 2, '2024-06-19', 'ACTIVE'),
(5276, 10404, 5, '2024-09-18', 'ACTIVE'),
(5277, 10298, 5, '2023-11-15', 'ACTIVE'),
(5278, 10149, 2, '2023-10-13', 'ACTIVE'),
(5279, 10472, 4, '2024-03-26', 'ACTIVE'),
(5280, 10054, 1, '2024-11-18', 'ACTIVE'),
(5281, 10483, 3, '2023-10-29', 'ACTIVE'),
(5282, 10271, 1, '2023-09-20', 'ACTIVE'),
(5283, 10453, 2, '2023-12-01', 'ACTIVE'),
(5284, 10343, 1, '2023-04-02', 'ACTIVE'),
(5285, 10070, 3, '2022-08-15', 'ACTIVE'),
(5286, 10155, 5, '2022-12-02', 'ACTIVE'),
(5287, 10038, 5, '2023-03-09', 'ACTIVE'),
(5288, 10383, 3, '2024-01-02', 'ACTIVE'),
(5289, 10370, 4, '2024-10-30', 'ACTIVE'),
(5290, 10177, 3, '2023-01-31', 'ACTIVE'),
(5291, 10142, 2, '2022-05-16', 'ACTIVE'),
(5292, 10377, 3, '2023-09-19', 'ACTIVE'),
(5293, 10134, 2, '2023-09-05', 'ACTIVE'),
(5294, 10384, 5, '2022-07-19', 'ACTIVE'),
(5295, 10179, 3, '2023-10-03', 'ACTIVE'),
(5296, 10292, 2, '2022-07-30', 'ACTIVE'),
(5297, 10200, 2, '2022-08-09', 'ACTIVE'),
(5298, 10157, 5, '2024-01-19', 'ACTIVE'),
(5299, 10260, 2, '2024-09-22', 'ACTIVE'),
(5300, 10196, 4, '2023-10-18', 'ACTIVE'),
(5301, 10366, 3, '2024-03-05', 'ACTIVE'),
(5302, 10346, 4, '2024-02-07', 'ACTIVE'),
(5303, 10490, 2, '2022-11-13', 'ACTIVE'),
(5304, 10175, 3, '2023-11-28', 'ACTIVE'),
(5305, 10313, 4, '2023-10-14', 'ACTIVE'),
(5306, 10186, 3, '2022-12-11', 'ACTIVE'),
(5307, 10013, 1, '2024-03-03', 'ACTIVE'),
(5308, 10326, 2, '2023-08-13', 'ACTIVE'),
(5309, 10424, 5, '2024-01-18', 'ACTIVE'),
(5310, 10143, 3, '2022-01-07', 'ACTIVE'),
(5311, 10329, 5, '2023-11-24', 'ACTIVE'),
(5312, 10146, 3, '2023-10-31', 'ACTIVE'),
(5313, 10429, 3, '2022-07-10', 'ACTIVE'),
(5314, 10454, 1, '2022-08-11', 'ACTIVE'),
(5315, 10322, 4, '2023-11-20', 'ACTIVE'),
(5316, 10399, 3, '2024-06-21', 'ACTIVE'),
(5317, 10414, 2, '2024-06-14', 'ACTIVE'),
(5318, 10258, 3, '2022-01-05', 'ACTIVE'),
(5319, 10165, 4, '2024-12-01', 'ACTIVE'),
(5320, 10464, 3, '2024-05-15', 'ACTIVE'),
(5321, 10124, 3, '2023-03-23', 'ACTIVE'),
(5322, 10312, 5, '2024-07-08', 'ACTIVE'),
(5323, 10079, 5, '2023-01-08', 'ACTIVE'),
(5324, 10336, 3, '2023-08-16', 'ACTIVE'),
(5325, 10058, 4, '2023-04-06', 'ACTIVE'),
(5326, 10210, 1, '2023-05-23', 'ACTIVE'),
(5327, 10191, 5, '2023-10-12', 'ACTIVE'),
(5328, 10430, 4, '2022-09-07', 'ACTIVE'),
(5329, 10426, 5, '2023-12-15', 'ACTIVE'),
(5330, 10099, 2, '2023-03-21', 'ACTIVE'),
(5331, 10312, 4, '2024-06-17', 'ACTIVE'),
(5332, 10470, 3, '2024-01-02', 'ACTIVE'),
(5333, 10225, 5, '2022-03-03', 'ACTIVE'),
(5334, 10453, 2, '2023-09-20', 'ACTIVE'),
(5335, 10281, 1, '2022-01-09', 'ACTIVE'),
(5336, 10392, 1, '2023-11-10', 'ACTIVE'),
(5337, 10022, 3, '2024-12-25', 'ACTIVE'),
(5338, 10365, 2, '2023-09-23', 'ACTIVE'),
(5339, 10494, 3, '2024-03-24', 'ACTIVE'),
(5340, 10141, 5, '2022-03-18', 'ACTIVE'),
(5341, 10033, 4, '2023-10-12', 'ACTIVE'),
(5342, 10066, 3, '2022-07-22', 'ACTIVE'),
(5343, 10180, 3, '2024-01-11', 'ACTIVE'),
(5344, 10074, 4, '2024-12-06', 'ACTIVE'),
(5345, 10074, 5, '2023-04-12', 'ACTIVE'),
(5346, 10018, 5, '2022-01-17', 'ACTIVE'),
(5347, 10251, 1, '2022-02-26', 'ACTIVE'),
(5348, 10092, 3, '2024-05-19', 'ACTIVE'),
(5349, 10133, 5, '2023-01-09', 'ACTIVE'),
(5350, 10383, 4, '2024-11-30', 'ACTIVE'),
(5351, 10107, 4, '2024-04-27', 'ACTIVE'),
(5352, 10383, 3, '2024-05-13', 'ACTIVE'),
(5353, 10158, 3, '2024-07-09', 'ACTIVE'),
(5354, 10122, 3, '2022-05-16', 'ACTIVE'),
(5355, 10217, 5, '2022-07-04', 'ACTIVE'),
(5356, 10002, 1, '2022-01-25', 'ACTIVE'),
(5357, 10323, 4, '2023-05-08', 'ACTIVE'),
(5358, 10463, 3, '2024-08-26', 'ACTIVE'),
(5359, 10073, 3, '2024-05-20', 'ACTIVE'),
(5360, 10333, 5, '2024-10-05', 'ACTIVE'),
(5361, 10485, 3, '2023-07-23', 'ACTIVE'),
(5362, 10269, 5, '2023-07-13', 'ACTIVE'),
(5363, 10022, 2, '2024-03-10', 'ACTIVE'),
(5364, 10026, 3, '2024-02-23', 'ACTIVE'),
(5365, 10471, 2, '2024-04-17', 'ACTIVE'),
(5366, 10351, 1, '2022-05-07', 'ACTIVE'),
(5367, 10200, 1, '2023-04-29', 'ACTIVE'),
(5368, 10485, 5, '2023-01-23', 'ACTIVE'),
(5369, 10038, 5, '2024-02-06', 'ACTIVE'),
(5370, 10325, 2, '2022-05-15', 'ACTIVE'),
(5371, 10096, 1, '2023-02-17', 'ACTIVE'),
(5372, 10121, 5, '2023-10-21', 'ACTIVE'),
(5373, 10468, 2, '2024-09-12', 'ACTIVE'),
(5374, 10309, 4, '2022-09-23', 'ACTIVE'),
(5375, 10083, 5, '2023-12-14', 'ACTIVE'),
(5376, 10067, 4, '2022-01-06', 'ACTIVE'),
(5377, 10049, 3, '2022-08-25', 'ACTIVE'),
(5378, 10119, 3, '2024-03-22', 'ACTIVE'),
(5379, 10198, 2, '2022-11-26', 'ACTIVE'),
(5380, 10284, 4, '2022-09-26', 'ACTIVE'),
(5381, 10018, 2, '2023-10-08', 'ACTIVE'),
(5382, 10450, 3, '2024-11-09', 'ACTIVE'),
(5383, 10174, 4, '2024-07-30', 'ACTIVE'),
(5384, 10473, 4, '2024-03-13', 'ACTIVE'),
(5385, 10114, 2, '2024-09-04', 'ACTIVE'),
(5386, 10397, 2, '2024-03-07', 'ACTIVE'),
(5387, 10344, 3, '2024-09-08', 'ACTIVE'),
(5388, 10075, 3, '2022-04-01', 'ACTIVE'),
(5389, 10056, 3, '2023-01-26', 'ACTIVE'),
(5390, 10172, 4, '2023-10-11', 'ACTIVE'),
(5391, 10087, 2, '2024-12-06', 'ACTIVE'),
(5392, 10441, 1, '2023-10-22', 'ACTIVE'),
(5393, 10113, 3, '2024-09-10', 'ACTIVE'),
(5394, 10128, 3, '2023-05-24', 'ACTIVE'),
(5395, 10491, 1, '2023-10-06', 'ACTIVE'),
(5396, 10216, 4, '2023-05-07', 'ACTIVE'),
(5397, 10022, 3, '2023-08-21', 'ACTIVE'),
(5398, 10302, 2, '2022-05-27', 'ACTIVE'),
(5399, 10033, 1, '2022-03-14', 'ACTIVE'),
(5400, 10438, 4, '2024-11-15', 'ACTIVE'),
(5401, 10056, 1, '2024-03-11', 'ACTIVE'),
(5402, 10116, 3, '2023-05-30', 'ACTIVE'),
(5403, 10227, 3, '2022-07-03', 'ACTIVE'),
(5404, 10107, 1, '2024-10-18', 'ACTIVE'),
(5405, 10413, 3, '2022-06-30', 'ACTIVE'),
(5406, 10173, 4, '2023-03-19', 'ACTIVE'),
(5407, 10412, 1, '2023-07-24', 'ACTIVE'),
(5408, 10017, 2, '2024-09-06', 'ACTIVE'),
(5409, 10172, 2, '2022-09-08', 'ACTIVE'),
(5410, 10280, 2, '2022-02-06', 'ACTIVE'),
(5411, 10210, 5, '2023-11-14', 'ACTIVE'),
(5412, 10173, 3, '2023-02-27', 'ACTIVE'),
(5413, 10010, 3, '2023-12-03', 'ACTIVE'),
(5414, 10492, 3, '2022-01-16', 'ACTIVE'),
(5415, 10112, 5, '2022-06-17', 'ACTIVE'),
(5416, 10500, 4, '2022-07-06', 'ACTIVE'),
(5417, 10100, 5, '2024-11-16', 'ACTIVE'),
(5418, 10313, 5, '2022-10-19', 'ACTIVE'),
(5419, 10175, 4, '2024-12-25', 'ACTIVE'),
(5420, 10248, 2, '2024-11-08', 'ACTIVE'),
(5421, 10083, 1, '2022-08-22', 'ACTIVE'),
(5422, 10113, 2, '2022-01-14', 'ACTIVE'),
(5423, 10078, 2, '2023-11-04', 'ACTIVE'),
(5424, 10245, 4, '2022-01-24', 'ACTIVE'),
(5425, 10127, 5, '2024-04-03', 'ACTIVE'),
(5426, 10417, 5, '2023-05-27', 'ACTIVE'),
(5427, 10116, 2, '2023-01-15', 'ACTIVE'),
(5428, 10090, 5, '2024-06-17', 'ACTIVE'),
(5429, 10428, 5, '2022-10-07', 'ACTIVE'),
(5430, 10046, 5, '2024-04-13', 'ACTIVE'),
(5431, 10464, 5, '2024-03-08', 'ACTIVE'),
(5432, 10144, 3, '2022-03-14', 'ACTIVE'),
(5433, 10480, 3, '2023-03-30', 'ACTIVE'),
(5434, 10326, 5, '2023-12-29', 'ACTIVE'),
(5435, 10178, 4, '2022-03-28', 'ACTIVE'),
(5436, 10025, 3, '2022-08-07', 'ACTIVE'),
(5437, 10065, 4, '2022-05-25', 'ACTIVE'),
(5438, 10491, 3, '2022-04-06', 'ACTIVE'),
(5439, 10399, 1, '2022-11-23', 'ACTIVE'),
(5440, 10301, 3, '2022-07-12', 'ACTIVE'),
(5441, 10206, 2, '2022-08-30', 'ACTIVE'),
(5442, 10247, 4, '2022-07-28', 'ACTIVE'),
(5443, 10384, 2, '2023-10-04', 'ACTIVE'),
(5444, 10362, 2, '2024-11-04', 'ACTIVE'),
(5445, 10141, 2, '2022-08-22', 'ACTIVE'),
(5446, 10469, 3, '2022-02-24', 'ACTIVE'),
(5447, 10419, 3, '2024-11-25', 'ACTIVE'),
(5448, 10183, 5, '2023-10-01', 'ACTIVE'),
(5449, 10088, 3, '2023-09-30', 'ACTIVE'),
(5450, 10393, 3, '2022-11-04', 'ACTIVE'),
(5451, 10233, 4, '2024-07-14', 'ACTIVE'),
(5452, 10074, 3, '2022-01-25', 'ACTIVE'),
(5453, 10247, 1, '2022-12-03', 'ACTIVE'),
(5454, 10015, 3, '2024-06-03', 'ACTIVE'),
(5455, 10406, 5, '2022-05-21', 'ACTIVE'),
(5456, 10010, 3, '2023-01-18', 'ACTIVE'),
(5457, 10385, 5, '2024-07-08', 'ACTIVE'),
(5458, 10319, 1, '2024-06-02', 'ACTIVE'),
(5459, 10134, 3, '2024-12-10', 'ACTIVE'),
(5460, 10316, 1, '2024-07-07', 'ACTIVE'),
(5461, 10176, 1, '2022-02-07', 'ACTIVE'),
(5462, 10363, 5, '2022-05-12', 'ACTIVE'),
(5463, 10483, 5, '2023-12-12', 'ACTIVE'),
(5464, 10441, 3, '2023-01-30', 'ACTIVE'),
(5465, 10421, 2, '2024-02-24', 'ACTIVE'),
(5466, 10005, 5, '2024-11-30', 'ACTIVE'),
(5467, 10318, 2, '2024-06-18', 'ACTIVE'),
(5468, 10237, 4, '2023-01-23', 'ACTIVE'),
(5469, 10462, 4, '2023-06-22', 'ACTIVE'),
(5470, 10434, 5, '2024-01-19', 'ACTIVE'),
(5471, 10289, 1, '2022-08-07', 'ACTIVE'),
(5472, 10054, 5, '2022-10-03', 'ACTIVE'),
(5473, 10030, 3, '2023-11-18', 'ACTIVE'),
(5474, 10074, 1, '2023-08-02', 'ACTIVE'),
(5475, 10025, 5, '2024-11-15', 'ACTIVE'),
(5476, 10189, 4, '2023-03-02', 'ACTIVE'),
(5477, 10434, 5, '2023-11-11', 'ACTIVE'),
(5478, 10408, 4, '2022-07-22', 'ACTIVE'),
(5479, 10388, 3, '2024-09-11', 'ACTIVE'),
(5480, 10318, 2, '2023-10-11', 'ACTIVE'),
(5481, 10169, 5, '2024-03-10', 'ACTIVE'),
(5482, 10250, 2, '2024-07-07', 'ACTIVE'),
(5483, 10488, 3, '2022-04-15', 'ACTIVE'),
(5484, 10254, 2, '2024-02-17', 'ACTIVE'),
(5485, 10304, 2, '2022-03-01', 'ACTIVE'),
(5486, 10130, 4, '2022-03-17', 'ACTIVE'),
(5487, 10398, 4, '2023-10-24', 'ACTIVE'),
(5488, 10421, 5, '2022-01-29', 'ACTIVE'),
(5489, 10347, 1, '2024-10-26', 'ACTIVE'),
(5490, 10063, 5, '2022-02-15', 'ACTIVE'),
(5491, 10432, 2, '2024-09-28', 'ACTIVE'),
(5492, 10462, 3, '2024-01-21', 'ACTIVE'),
(5493, 10264, 4, '2024-02-03', 'ACTIVE'),
(5494, 10070, 3, '2022-07-02', 'ACTIVE'),
(5495, 10108, 1, '2022-11-21', 'ACTIVE'),
(5496, 10443, 2, '2022-05-25', 'ACTIVE'),
(5497, 10098, 1, '2023-05-12', 'ACTIVE'),
(5498, 10323, 5, '2023-05-26', 'ACTIVE'),
(5499, 10296, 1, '2024-05-18', 'ACTIVE'),
(5500, 10137, 1, '2023-08-17', 'ACTIVE'),
(5501, 10122, 5, '2022-06-14', 'ACTIVE'),
(5502, 10078, 4, '2024-02-07', 'ACTIVE'),
(5503, 10229, 1, '2022-09-26', 'ACTIVE'),
(5504, 10209, 1, '2023-11-25', 'ACTIVE'),
(5505, 10050, 2, '2024-05-16', 'ACTIVE'),
(5506, 10098, 4, '2023-04-07', 'ACTIVE'),
(5507, 10465, 2, '2024-03-30', 'ACTIVE'),
(5508, 10339, 3, '2023-12-07', 'ACTIVE'),
(5509, 10254, 3, '2023-11-13', 'ACTIVE'),
(5510, 10282, 5, '2023-03-19', 'ACTIVE'),
(5511, 10043, 2, '2024-03-11', 'ACTIVE'),
(5512, 10013, 5, '2024-10-03', 'ACTIVE'),
(5513, 10116, 4, '2024-02-29', 'ACTIVE'),
(5514, 10137, 3, '2024-02-03', 'ACTIVE'),
(5515, 10309, 4, '2024-10-02', 'ACTIVE'),
(5516, 10209, 3, '2023-03-04', 'ACTIVE'),
(5517, 10430, 5, '2024-09-02', 'ACTIVE'),
(5518, 10021, 3, '2024-10-16', 'ACTIVE'),
(5519, 10476, 2, '2023-10-28', 'ACTIVE'),
(5520, 10268, 5, '2024-09-28', 'ACTIVE'),
(5521, 10388, 3, '2023-02-09', 'ACTIVE'),
(5522, 10051, 2, '2022-06-21', 'ACTIVE'),
(5523, 10321, 5, '2022-04-13', 'ACTIVE'),
(5524, 10133, 2, '2022-03-02', 'ACTIVE'),
(5525, 10166, 2, '2023-06-25', 'ACTIVE'),
(5526, 10377, 3, '2024-06-25', 'ACTIVE'),
(5527, 10152, 5, '2023-06-03', 'ACTIVE'),
(5528, 10215, 4, '2024-06-23', 'ACTIVE'),
(5529, 10245, 5, '2022-06-18', 'ACTIVE'),
(5530, 10499, 5, '2022-07-11', 'ACTIVE'),
(5531, 10388, 4, '2022-03-04', 'ACTIVE'),
(5532, 10274, 2, '2023-04-03', 'ACTIVE'),
(5533, 10031, 2, '2024-01-22', 'ACTIVE'),
(5534, 10256, 4, '2024-02-08', 'ACTIVE'),
(5535, 10495, 5, '2022-11-12', 'ACTIVE'),
(5536, 10015, 5, '2024-06-11', 'ACTIVE'),
(5537, 10414, 1, '2023-06-17', 'ACTIVE'),
(5538, 10076, 3, '2023-04-27', 'ACTIVE'),
(5539, 10165, 3, '2024-07-27', 'ACTIVE'),
(5540, 10351, 3, '2024-09-07', 'ACTIVE'),
(5541, 10485, 1, '2024-08-08', 'ACTIVE'),
(5542, 10318, 1, '2022-10-08', 'ACTIVE'),
(5543, 10343, 5, '2022-06-25', 'ACTIVE'),
(5544, 10353, 2, '2024-08-12', 'ACTIVE'),
(5545, 10356, 4, '2024-12-08', 'ACTIVE'),
(5546, 10431, 3, '2024-11-02', 'ACTIVE'),
(5547, 10309, 5, '2022-10-16', 'ACTIVE'),
(5548, 10088, 4, '2023-05-25', 'ACTIVE'),
(5549, 10067, 1, '2022-01-12', 'ACTIVE'),
(5550, 10257, 1, '2023-10-15', 'ACTIVE'),
(5551, 10085, 5, '2022-09-07', 'ACTIVE'),
(5552, 10347, 3, '2022-02-03', 'ACTIVE'),
(5553, 10063, 3, '2023-05-19', 'ACTIVE'),
(5554, 10249, 2, '2024-05-22', 'ACTIVE'),
(5555, 10382, 5, '2024-11-27', 'ACTIVE'),
(5556, 10074, 5, '2022-01-12', 'ACTIVE'),
(5557, 10401, 2, '2022-11-28', 'ACTIVE'),
(5558, 10135, 1, '2023-02-24', 'ACTIVE'),
(5559, 10061, 3, '2024-02-14', 'ACTIVE'),
(5560, 10285, 1, '2022-09-09', 'ACTIVE'),
(5561, 10398, 3, '2022-07-31', 'ACTIVE'),
(5562, 10388, 2, '2023-08-14', 'ACTIVE'),
(5563, 10357, 4, '2024-11-21', 'ACTIVE'),
(5564, 10005, 2, '2024-01-28', 'ACTIVE'),
(5565, 10064, 2, '2022-03-21', 'ACTIVE'),
(5566, 10381, 2, '2023-01-27', 'ACTIVE'),
(5567, 10374, 2, '2023-12-05', 'ACTIVE'),
(5568, 10375, 5, '2023-04-08', 'ACTIVE'),
(5569, 10109, 1, '2023-11-20', 'ACTIVE'),
(5570, 10010, 5, '2024-06-30', 'ACTIVE'),
(5571, 10432, 4, '2024-11-11', 'ACTIVE'),
(5572, 10050, 2, '2022-09-09', 'ACTIVE'),
(5573, 10193, 2, '2022-08-24', 'ACTIVE'),
(5574, 10211, 4, '2023-02-10', 'ACTIVE'),
(5575, 10104, 4, '2022-06-06', 'ACTIVE'),
(5576, 10355, 1, '2024-03-16', 'ACTIVE'),
(5577, 10283, 4, '2022-09-25', 'ACTIVE'),
(5578, 10370, 1, '2023-05-12', 'ACTIVE'),
(5579, 10249, 2, '2023-01-31', 'ACTIVE'),
(5580, 10075, 5, '2024-10-21', 'ACTIVE'),
(5581, 10252, 4, '2022-09-05', 'ACTIVE'),
(5582, 10133, 4, '2022-08-15', 'ACTIVE'),
(5583, 10416, 2, '2022-03-15', 'ACTIVE'),
(5584, 10292, 1, '2023-11-01', 'ACTIVE'),
(5585, 10059, 4, '2024-07-18', 'ACTIVE'),
(5586, 10371, 1, '2022-03-10', 'ACTIVE'),
(5587, 10134, 2, '2022-12-31', 'ACTIVE'),
(5588, 10053, 3, '2022-01-24', 'ACTIVE'),
(5589, 10451, 4, '2023-03-15', 'ACTIVE'),
(5590, 10032, 2, '2022-04-13', 'ACTIVE'),
(5591, 10459, 5, '2022-12-26', 'ACTIVE'),
(5592, 10010, 1, '2023-02-23', 'ACTIVE'),
(5593, 10434, 4, '2023-05-08', 'ACTIVE'),
(5594, 10351, 2, '2023-10-30', 'ACTIVE'),
(5595, 10432, 5, '2022-02-16', 'ACTIVE'),
(5596, 10269, 1, '2023-11-12', 'ACTIVE'),
(5597, 10394, 4, '2024-07-23', 'ACTIVE'),
(5598, 10003, 1, '2023-12-07', 'ACTIVE'),
(5599, 10292, 3, '2023-07-02', 'ACTIVE'),
(5600, 10274, 3, '2024-06-02', 'ACTIVE'),
(5601, 10280, 2, '2023-06-03', 'ACTIVE'),
(5602, 10469, 1, '2022-05-18', 'ACTIVE'),
(5603, 10415, 3, '2023-05-11', 'ACTIVE'),
(5604, 10298, 4, '2024-05-11', 'ACTIVE'),
(5605, 10286, 2, '2022-02-11', 'ACTIVE'),
(5606, 10406, 1, '2024-11-28', 'ACTIVE'),
(5607, 10247, 4, '2023-02-05', 'ACTIVE'),
(5608, 10199, 2, '2022-06-12', 'ACTIVE'),
(5609, 10178, 4, '2023-09-03', 'ACTIVE'),
(5610, 10347, 4, '2023-08-09', 'ACTIVE'),
(5611, 10294, 4, '2024-03-24', 'ACTIVE'),
(5612, 10352, 2, '2022-08-21', 'ACTIVE'),
(5613, 10174, 3, '2022-07-04', 'ACTIVE'),
(5614, 10485, 2, '2024-08-31', 'ACTIVE'),
(5615, 10169, 4, '2023-01-30', 'ACTIVE'),
(5616, 10089, 2, '2022-01-21', 'ACTIVE'),
(5617, 10431, 1, '2023-05-02', 'ACTIVE'),
(5618, 10034, 4, '2024-09-18', 'ACTIVE'),
(5619, 10478, 3, '2023-11-11', 'ACTIVE'),
(5620, 10128, 3, '2022-05-16', 'ACTIVE'),
(5621, 10356, 1, '2023-11-13', 'ACTIVE'),
(5622, 10252, 5, '2022-09-25', 'ACTIVE'),
(5623, 10126, 5, '2023-01-20', 'ACTIVE'),
(5624, 10205, 3, '2023-03-26', 'ACTIVE'),
(5625, 10079, 2, '2024-08-17', 'ACTIVE'),
(5626, 10213, 5, '2023-06-09', 'ACTIVE'),
(5627, 10001, 4, '2024-03-14', 'ACTIVE'),
(5628, 10491, 3, '2022-02-23', 'ACTIVE'),
(5629, 10117, 1, '2022-09-20', 'ACTIVE'),
(5630, 10422, 5, '2024-11-02', 'ACTIVE'),
(5631, 10021, 3, '2022-08-13', 'ACTIVE'),
(5632, 10377, 2, '2022-06-24', 'ACTIVE'),
(5633, 10499, 1, '2023-11-12', 'ACTIVE'),
(5634, 10320, 3, '2024-06-18', 'ACTIVE'),
(5635, 10143, 5, '2024-07-06', 'ACTIVE'),
(5636, 10198, 4, '2023-08-24', 'ACTIVE'),
(5637, 10246, 5, '2024-05-07', 'ACTIVE'),
(5638, 10112, 4, '2024-04-16', 'ACTIVE'),
(5639, 10337, 4, '2022-01-24', 'ACTIVE'),
(5640, 10407, 4, '2022-03-27', 'ACTIVE'),
(5641, 10162, 4, '2022-05-01', 'ACTIVE'),
(5642, 10253, 4, '2023-11-13', 'ACTIVE'),
(5643, 10321, 5, '2024-02-18', 'ACTIVE'),
(5644, 10129, 4, '2022-12-04', 'ACTIVE'),
(5645, 10170, 5, '2022-10-02', 'ACTIVE'),
(5646, 10467, 3, '2024-04-21', 'ACTIVE'),
(5647, 10399, 1, '2022-01-02', 'ACTIVE'),
(5648, 10441, 3, '2024-01-18', 'ACTIVE'),
(5649, 10238, 3, '2024-03-15', 'ACTIVE'),
(5650, 10338, 4, '2023-03-17', 'ACTIVE'),
(5651, 10229, 3, '2023-06-24', 'ACTIVE'),
(5652, 10047, 5, '2024-01-09', 'ACTIVE'),
(5653, 10083, 3, '2023-05-02', 'ACTIVE'),
(5654, 10068, 3, '2022-12-20', 'ACTIVE'),
(5655, 10409, 4, '2022-06-30', 'ACTIVE'),
(5656, 10299, 1, '2023-11-25', 'ACTIVE'),
(5657, 10429, 4, '2024-05-09', 'ACTIVE'),
(5658, 10338, 5, '2023-11-17', 'ACTIVE'),
(5659, 10173, 3, '2023-07-07', 'ACTIVE'),
(5660, 10268, 4, '2023-10-19', 'ACTIVE'),
(5661, 10294, 5, '2024-01-11', 'ACTIVE'),
(5662, 10123, 5, '2022-03-28', 'ACTIVE'),
(5663, 10356, 3, '2024-10-27', 'ACTIVE'),
(5664, 10316, 3, '2022-02-07', 'ACTIVE'),
(5665, 10347, 1, '2023-04-11', 'ACTIVE'),
(5666, 10314, 2, '2023-08-14', 'ACTIVE'),
(5667, 10338, 3, '2022-03-28', 'ACTIVE'),
(5668, 10107, 3, '2024-05-05', 'ACTIVE'),
(5669, 10248, 1, '2023-02-05', 'ACTIVE'),
(5670, 10363, 5, '2022-02-27', 'ACTIVE'),
(5671, 10064, 2, '2022-04-28', 'ACTIVE'),
(5672, 10154, 5, '2024-03-22', 'ACTIVE'),
(5673, 10382, 3, '2024-11-20', 'ACTIVE'),
(5674, 10360, 5, '2024-03-15', 'ACTIVE'),
(5675, 10028, 2, '2024-01-07', 'ACTIVE'),
(5676, 10018, 1, '2023-05-12', 'ACTIVE'),
(5677, 10442, 4, '2023-03-27', 'ACTIVE'),
(5678, 10052, 4, '2022-12-23', 'ACTIVE'),
(5679, 10299, 4, '2022-04-27', 'ACTIVE'),
(5680, 10486, 3, '2022-05-06', 'ACTIVE'),
(5681, 10044, 1, '2023-01-21', 'ACTIVE'),
(5682, 10091, 2, '2022-07-14', 'ACTIVE'),
(5683, 10274, 3, '2024-02-14', 'ACTIVE'),
(5684, 10233, 5, '2024-10-10', 'ACTIVE'),
(5685, 10102, 2, '2023-09-14', 'ACTIVE'),
(5686, 10006, 4, '2024-01-03', 'ACTIVE'),
(5687, 10235, 2, '2022-05-21', 'ACTIVE'),
(5688, 10223, 3, '2023-12-18', 'ACTIVE'),
(5689, 10431, 2, '2024-04-23', 'ACTIVE'),
(5690, 10441, 2, '2024-10-18', 'ACTIVE'),
(5691, 10490, 4, '2023-07-26', 'ACTIVE'),
(5692, 10441, 5, '2024-06-03', 'ACTIVE'),
(5693, 10288, 3, '2024-02-11', 'ACTIVE'),
(5694, 10349, 3, '2022-01-02', 'ACTIVE'),
(5695, 10105, 5, '2024-01-08', 'ACTIVE'),
(5696, 10017, 4, '2022-03-28', 'ACTIVE'),
(5697, 10427, 1, '2023-08-03', 'ACTIVE'),
(5698, 10335, 4, '2022-06-16', 'ACTIVE'),
(5699, 10138, 2, '2023-07-05', 'ACTIVE'),
(5700, 10470, 5, '2024-12-04', 'ACTIVE'),
(5701, 10086, 5, '2024-07-14', 'ACTIVE'),
(5702, 10297, 1, '2023-06-03', 'ACTIVE'),
(5703, 10406, 2, '2022-07-07', 'ACTIVE'),
(5704, 10192, 4, '2023-01-30', 'ACTIVE'),
(5705, 10466, 4, '2024-12-30', 'ACTIVE'),
(5706, 10081, 4, '2023-03-03', 'ACTIVE'),
(5707, 10030, 5, '2023-06-27', 'ACTIVE'),
(5708, 10215, 5, '2023-06-16', 'ACTIVE'),
(5709, 10496, 5, '2022-10-01', 'ACTIVE'),
(5710, 10046, 1, '2024-09-10', 'ACTIVE'),
(5711, 10117, 3, '2023-12-13', 'ACTIVE'),
(5712, 10393, 5, '2024-11-22', 'ACTIVE'),
(5713, 10409, 2, '2023-01-13', 'ACTIVE'),
(5714, 10329, 1, '2024-01-08', 'ACTIVE'),
(5715, 10354, 3, '2022-06-18', 'ACTIVE'),
(5716, 10488, 3, '2023-03-20', 'ACTIVE'),
(5717, 10269, 1, '2022-05-30', 'ACTIVE'),
(5718, 10103, 2, '2023-06-28', 'ACTIVE'),
(5719, 10246, 4, '2024-06-30', 'ACTIVE'),
(5720, 10376, 2, '2022-05-03', 'ACTIVE'),
(5721, 10460, 3, '2024-08-01', 'ACTIVE'),
(5722, 10435, 3, '2022-03-09', 'ACTIVE'),
(5723, 10121, 5, '2022-06-15', 'ACTIVE'),
(5724, 10227, 3, '2024-02-05', 'ACTIVE'),
(5725, 10359, 4, '2023-03-24', 'ACTIVE'),
(5726, 10219, 5, '2024-05-30', 'ACTIVE'),
(5727, 10479, 1, '2022-04-16', 'ACTIVE'),
(5728, 10205, 4, '2022-06-13', 'ACTIVE'),
(5729, 10329, 4, '2022-03-25', 'ACTIVE'),
(5730, 10139, 3, '2024-03-01', 'ACTIVE'),
(5731, 10256, 3, '2024-10-25', 'ACTIVE'),
(5732, 10138, 1, '2024-10-05', 'ACTIVE'),
(5733, 10495, 5, '2022-02-16', 'ACTIVE'),
(5734, 10425, 5, '2022-03-14', 'ACTIVE'),
(5735, 10090, 5, '2024-12-04', 'ACTIVE'),
(5736, 10246, 4, '2023-05-25', 'ACTIVE'),
(5737, 10067, 1, '2023-05-20', 'ACTIVE'),
(5738, 10379, 5, '2023-02-02', 'ACTIVE'),
(5739, 10455, 2, '2024-08-29', 'ACTIVE'),
(5740, 10212, 1, '2023-05-14', 'ACTIVE'),
(5741, 10066, 1, '2024-01-09', 'ACTIVE'),
(5742, 10169, 1, '2024-12-21', 'ACTIVE'),
(5743, 10246, 2, '2022-04-21', 'ACTIVE'),
(5744, 10243, 5, '2022-04-13', 'ACTIVE'),
(5745, 10216, 5, '2023-05-14', 'ACTIVE'),
(5746, 10344, 1, '2024-11-19', 'ACTIVE'),
(5747, 10048, 2, '2022-12-06', 'ACTIVE'),
(5748, 10338, 1, '2023-02-19', 'ACTIVE'),
(5749, 10418, 5, '2023-08-08', 'ACTIVE'),
(5750, 10255, 5, '2024-06-22', 'ACTIVE'),
(5751, 10161, 5, '2023-02-28', 'ACTIVE'),
(5752, 10113, 4, '2024-01-26', 'ACTIVE'),
(5753, 10273, 3, '2024-08-22', 'ACTIVE'),
(5754, 10373, 4, '2023-07-16', 'ACTIVE'),
(5755, 10465, 1, '2023-10-18', 'ACTIVE'),
(5756, 10394, 4, '2024-09-18', 'ACTIVE'),
(5757, 10276, 5, '2024-05-31', 'ACTIVE'),
(5758, 10426, 1, '2022-07-07', 'ACTIVE'),
(5759, 10482, 3, '2022-06-26', 'ACTIVE'),
(5760, 10440, 1, '2023-05-02', 'ACTIVE'),
(5761, 10282, 3, '2022-02-02', 'ACTIVE'),
(5762, 10243, 3, '2022-05-07', 'ACTIVE'),
(5763, 10009, 4, '2022-09-23', 'ACTIVE'),
(5764, 10316, 2, '2022-12-14', 'ACTIVE'),
(5765, 10336, 3, '2023-01-16', 'ACTIVE'),
(5766, 10049, 1, '2022-05-29', 'ACTIVE'),
(5767, 10405, 4, '2023-01-29', 'ACTIVE'),
(5768, 10211, 2, '2022-10-21', 'ACTIVE'),
(5769, 10275, 5, '2023-12-04', 'ACTIVE'),
(5770, 10002, 1, '2024-11-04', 'ACTIVE'),
(5771, 10365, 3, '2024-04-20', 'ACTIVE'),
(5772, 10341, 5, '2024-03-20', 'ACTIVE'),
(5773, 10102, 3, '2024-02-24', 'ACTIVE'),
(5774, 10406, 4, '2024-06-27', 'ACTIVE'),
(5775, 10419, 3, '2022-05-19', 'ACTIVE'),
(5776, 10360, 1, '2024-11-06', 'ACTIVE'),
(5777, 10172, 3, '2024-12-22', 'ACTIVE'),
(5778, 10331, 2, '2024-11-26', 'ACTIVE'),
(5779, 10410, 5, '2022-06-20', 'ACTIVE'),
(5780, 10492, 2, '2023-11-13', 'ACTIVE'),
(5781, 10022, 5, '2023-07-10', 'ACTIVE'),
(5782, 10484, 3, '2024-02-26', 'ACTIVE'),
(5783, 10405, 5, '2024-06-20', 'ACTIVE'),
(5784, 10002, 2, '2024-04-06', 'ACTIVE'),
(5785, 10125, 4, '2022-04-05', 'ACTIVE'),
(5786, 10258, 5, '2022-05-23', 'ACTIVE'),
(5787, 10071, 1, '2022-03-30', 'ACTIVE'),
(5788, 10250, 1, '2023-02-16', 'ACTIVE'),
(5789, 10099, 5, '2024-03-29', 'ACTIVE'),
(5790, 10439, 5, '2024-10-18', 'ACTIVE'),
(5791, 10048, 4, '2024-07-12', 'ACTIVE'),
(5792, 10441, 4, '2022-01-16', 'ACTIVE'),
(5793, 10441, 2, '2022-05-09', 'ACTIVE'),
(5794, 10295, 5, '2022-10-22', 'ACTIVE'),
(5795, 10388, 1, '2023-07-05', 'ACTIVE'),
(5796, 10240, 2, '2024-04-18', 'ACTIVE'),
(5797, 10450, 5, '2022-02-11', 'ACTIVE'),
(5798, 10289, 1, '2024-06-27', 'ACTIVE'),
(5799, 10256, 1, '2024-07-14', 'ACTIVE'),
(5800, 10407, 3, '2024-11-14', 'ACTIVE');

INSERT INTO fact_claims (claim_id, employee_id, product_id, provider_id, service_date, claim_amount, paid_amount, claim_status) VALUES
(9001, 10173, 5, 529, '2024-05-24', 3077.92, 2927.28, 'APPROVED'),
(9002, 10442, 2, 542, '2024-01-20', 3409.3, 2302.61, 'APPROVED'),
(9003, 10475, 2, 513, '2024-12-13', 4940.87, 3890.08, 'APPROVED'),
(9004, 10251, 5, 547, '2023-04-30', 5086.99, 0, 'DENIED'),
(9005, 10151, 5, 535, '2024-11-29', 4131.42, 0, 'DENIED'),
(9006, 10407, 4, 521, '2023-12-11', 3744.82, 2434.49, 'APPROVED'),
(9007, 10326, 4, 536, '2024-12-29', 2138.13, 0, 'DENIED'),
(9008, 10095, 2, 531, '2024-07-27', 3292.2, 2760.86, 'APPROVED'),
(9009, 10003, 1, 543, '2024-05-27', 542.38, 434.31, 'APPROVED'),
(9010, 10065, 1, 532, '2024-10-21', 2859.82, 1938.62, 'APPROVED'),
(9011, 10461, 2, 526, '2024-02-18', 5183.87, 4238.15, 'APPROVED'),
(9012, 10034, 5, 542, '2024-09-09', 4323.52, 4093.98, 'APPROVED'),
(9013, 10168, 5, 527, '2024-03-22', 5968.8, 4664.43, 'APPROVED'),
(9014, 10200, 2, 550, '2024-05-13', 1965.23, 1389.46, 'APPROVED'),
(9015, 10126, 3, 538, '2024-10-08', 1183.82, 0, 'DENIED'),
(9016, 10130, 2, 536, '2023-06-06', 2895.6, 2391.92, 'APPROVED'),
(9017, 10152, 1, 537, '2023-01-19', 3824.42, 2999.86, 'APPROVED'),
(9018, 10274, 2, 539, '2024-11-30', 6464.21, 5320.98, 'APPROVED'),
(9019, 10391, 4, 517, '2023-04-21', 6488.49, 5321.59, 'APPROVED'),
(9020, 10236, 1, 515, '2024-04-06', 4173.44, 2725.1, 'APPROVED'),
(9021, 10148, 4, 541, '2024-03-29', 1620.65, 0, 'DENIED'),
(9022, 10178, 5, 544, '2023-05-24', 3902.7, 2922.12, 'APPROVED'),
(9023, 10498, 1, 511, '2024-01-13', 3616.52, 3467.4, 'APPROVED'),
(9024, 10206, 5, 515, '2023-06-29', 1985.74, 0, 'DENIED'),
(9025, 10364, 2, 515, '2023-06-30', 3829.95, 0, 'DENIED'),
(9026, 10476, 3, 509, '2024-08-30', 2519.41, 2118.46, 'APPROVED'),
(9027, 10120, 3, 510, '2024-12-02', 1040.24, 876.94, 'APPROVED'),
(9028, 10489, 2, 541, '2024-01-04', 757.72, 515.69, 'APPROVED'),
(9029, 10251, 1, 528, '2023-02-01', 7146.98, 6414.11, 'APPROVED'),
(9030, 10135, 4, 521, '2023-10-22', 5174.99, 0, 'DENIED'),
(9031, 10157, 2, 502, '2023-08-21', 6630.21, 5978.39, 'APPROVED'),
(9032, 10392, 2, 530, '2024-05-29', 5822.37, 5016.4, 'APPROVED'),
(9033, 10403, 4, 506, '2024-07-19', 2852.38, 2485.65, 'APPROVED'),
(9034, 10304, 4, 541, '2024-04-02', 803.99, 736.98, 'APPROVED'),
(9035, 10281, 1, 511, '2024-05-21', 7458.61, 0, 'DENIED'),
(9036, 10119, 1, 538, '2023-03-24', 4641.01, 3342.99, 'APPROVED'),
(9037, 10255, 3, 537, '2023-06-27', 101.15, 79.18, 'APPROVED'),
(9038, 10193, 3, 523, '2023-03-16', 4516.19, 0, 'DENIED'),
(9039, 10203, 2, 502, '2024-05-16', 6731.05, 0, 'DENIED'),
(9040, 10137, 1, 521, '2024-10-02', 7069.88, 5362.71, 'APPROVED'),
(9041, 10034, 3, 541, '2024-04-08', 5688.39, 0, 'DENIED'),
(9042, 10108, 3, 545, '2023-03-18', 1228.46, 908.72, 'APPROVED'),
(9043, 10475, 4, 537, '2023-04-01', 5140.24, 4876.92, 'APPROVED'),
(9044, 10281, 4, 511, '2023-03-06', 6373.82, 4533.54, 'APPROVED'),
(9045, 10103, 1, 533, '2024-05-12', 6635.19, 5318.83, 'APPROVED'),
(9046, 10017, 3, 525, '2024-10-24', 2040.6, 1819.66, 'APPROVED'),
(9047, 10010, 3, 535, '2023-09-28', 3504.54, 2697.16, 'APPROVED'),
(9048, 10368, 4, 519, '2024-03-02', 3845.28, 0, 'DENIED'),
(9049, 10331, 4, 507, '2024-07-20', 5698.89, 4793.95, 'APPROVED'),
(9050, 10418, 4, 534, '2024-07-07', 4221.51, 3138.86, 'APPROVED'),
(9051, 10311, 5, 547, '2023-11-07', 7159.01, 5920.93, 'APPROVED'),
(9052, 10368, 1, 517, '2023-01-08', 4339.79, 3687.54, 'APPROVED'),
(9053, 10079, 2, 529, '2024-06-10', 796.93, 541.88, 'APPROVED'),
(9054, 10421, 3, 526, '2024-06-14', 2277.63, 2194.88, 'APPROVED'),
(9055, 10029, 3, 516, '2024-04-11', 4417.01, 3164.32, 'APPROVED'),
(9056, 10298, 4, 527, '2024-04-29', 2295.39, 2106.65, 'APPROVED'),
(9057, 10409, 4, 525, '2024-04-30', 3845.68, 2917.47, 'APPROVED'),
(9058, 10130, 4, 514, '2024-07-10', 5127.39, 4616.8, 'APPROVED'),
(9059, 10233, 1, 533, '2023-04-12', 1547.33, 1495.01, 'APPROVED'),
(9060, 10251, 5, 530, '2024-07-06', 427.9, 333.84, 'APPROVED'),
(9061, 10221, 1, 532, '2023-06-18', 1557.54, 1057.66, 'APPROVED'),
(9062, 10143, 2, 540, '2024-10-08', 1528.84, 0, 'DENIED'),
(9063, 10155, 5, 515, '2024-07-17', 547.67, 359.09, 'APPROVED'),
(9064, 10327, 3, 533, '2024-08-14', 1311.36, 1063.84, 'APPROVED'),
(9065, 10457, 1, 530, '2023-09-18', 6381.25, 4612.7, 'APPROVED'),
(9066, 10336, 1, 519, '2024-03-27', 2789.17, 1994.47, 'APPROVED'),
(9067, 10036, 3, 527, '2023-01-19', 6912.08, 5012.79, 'APPROVED'),
(9068, 10327, 5, 506, '2024-03-20', 133.75, 102.77, 'APPROVED'),
(9069, 10231, 4, 541, '2024-10-27', 3469.77, 2435.88, 'APPROVED'),
(9070, 10054, 3, 518, '2023-01-08', 6558.11, 5609.66, 'APPROVED'),
(9071, 10070, 5, 505, '2024-05-16', 4516.87, 3761.86, 'APPROVED'),
(9072, 10453, 4, 519, '2024-01-31', 2423.66, 2045.27, 'APPROVED'),
(9073, 10375, 5, 526, '2024-05-21', 588.25, 431.33, 'APPROVED'),
(9074, 10399, 3, 524, '2023-08-20', 1271.26, 1014.88, 'APPROVED'),
(9075, 10236, 3, 535, '2023-11-24', 4387.19, 0, 'DENIED'),
(9076, 10126, 3, 535, '2024-07-28', 6183.58, 5939.96, 'APPROVED'),
(9077, 10018, 4, 509, '2024-07-24', 3551.53, 3169.94, 'APPROVED'),
(9078, 10134, 4, 519, '2023-06-30', 3127.76, 2423.43, 'APPROVED'),
(9079, 10083, 1, 546, '2024-08-27', 4117.2, 3975.3, 'APPROVED'),
(9080, 10047, 3, 542, '2023-09-24', 1161.91, 0, 'DENIED'),
(9081, 10042, 2, 522, '2023-01-14', 4656.65, 0, 'DENIED'),
(9082, 10350, 3, 549, '2023-04-06', 4415.41, 3964.27, 'APPROVED'),
(9083, 10197, 4, 542, '2023-03-04', 990.12, 929.04, 'APPROVED'),
(9084, 10102, 4, 531, '2023-06-27', 81.98, 73.67, 'APPROVED'),
(9085, 10146, 2, 531, '2023-02-11', 4636.98, 3562.12, 'APPROVED'),
(9086, 10273, 3, 530, '2024-03-17', 308.47, 204.17, 'APPROVED'),
(9087, 10120, 5, 505, '2023-08-15', 2934.77, 2195.66, 'APPROVED'),
(9088, 10074, 1, 528, '2023-08-14', 4078.24, 0, 'DENIED'),
(9089, 10459, 4, 532, '2023-12-06', 1085.54, 0, 'DENIED'),
(9090, 10113, 4, 549, '2023-08-10', 5516.68, 4235.06, 'APPROVED'),
(9091, 10494, 3, 532, '2023-06-08', 6063.62, 4105.7, 'APPROVED'),
(9092, 10448, 5, 509, '2024-06-01', 2491.97, 0, 'DENIED'),
(9093, 10075, 3, 545, '2024-06-11', 3281.03, 0, 'DENIED'),
(9094, 10162, 5, 501, '2024-08-23', 2185.78, 1918.45, 'APPROVED'),
(9095, 10427, 1, 536, '2024-02-11', 5361.01, 3561.58, 'APPROVED'),
(9096, 10260, 5, 513, '2023-04-06', 7121.12, 5367.74, 'APPROVED'),
(9097, 10254, 5, 520, '2023-03-19', 6659.4, 6042.03, 'APPROVED'),
(9098, 10150, 1, 504, '2024-05-05', 6074.81, 0, 'DENIED'),
(9099, 10195, 3, 532, '2024-02-07', 5824.41, 4299.05, 'APPROVED'),
(9100, 10086, 1, 532, '2024-01-25', 642.63, 0, 'DENIED'),
(9101, 10403, 3, 520, '2023-06-04', 5343.66, 4420.43, 'APPROVED'),
(9102, 10233, 1, 519, '2024-01-24', 6962.56, 4545.05, 'APPROVED'),
(9103, 10040, 5, 515, '2023-03-28', 4375.28, 0, 'DENIED'),
(9104, 10353, 2, 532, '2024-03-01', 7164.29, 4771.2, 'APPROVED'),
(9105, 10198, 2, 542, '2024-11-14', 5807.67, 5069.02, 'APPROVED'),
(9106, 10414, 3, 517, '2023-10-02', 3705.42, 2974.04, 'APPROVED'),
(9107, 10003, 5, 533, '2023-11-23', 3905.1, 3780.21, 'APPROVED'),
(9108, 10019, 1, 509, '2023-02-14', 1766.11, 0, 'DENIED'),
(9109, 10409, 1, 527, '2023-11-17', 1948.42, 0, 'DENIED'),
(9110, 10345, 3, 504, '2024-09-17', 2176.94, 1774.44, 'APPROVED'),
(9111, 10293, 5, 541, '2024-07-15', 800.97, 694.12, 'APPROVED'),
(9112, 10185, 3, 513, '2023-09-18', 5975.29, 4242.51, 'APPROVED'),
(9113, 10253, 3, 533, '2023-07-11', 1450.06, 1242.55, 'APPROVED'),
(9114, 10073, 4, 534, '2023-12-08', 5283.77, 4197.04, 'APPROVED'),
(9115, 10176, 3, 542, '2023-05-23', 433.36, 403.21, 'APPROVED'),
(9116, 10018, 1, 505, '2023-04-27', 3453.58, 2775.76, 'APPROVED'),
(9117, 10080, 5, 521, '2023-04-06', 5205.08, 0, 'DENIED'),
(9118, 10176, 3, 548, '2024-08-04', 6299.35, 4665.78, 'APPROVED'),
(9119, 10185, 5, 525, '2023-02-13', 2022.58, 0, 'DENIED'),
(9120, 10342, 5, 531, '2023-01-12', 4764.67, 4066.89, 'APPROVED'),
(9121, 10479, 2, 546, '2024-09-27', 6402.22, 4208.54, 'APPROVED'),
(9122, 10123, 2, 515, '2024-06-11', 1450.95, 1229.4, 'APPROVED'),
(9123, 10343, 1, 506, '2024-07-22', 1544.99, 0, 'DENIED'),
(9124, 10427, 4, 531, '2024-06-12', 1830.4, 1545.74, 'APPROVED'),
(9125, 10411, 5, 514, '2024-02-28', 3696.41, 3010.96, 'APPROVED'),
(9126, 10043, 5, 512, '2024-11-24', 1259.82, 1223.53, 'APPROVED'),
(9127, 10330, 1, 543, '2023-05-27', 4877.75, 3382.56, 'APPROVED'),
(9128, 10213, 5, 507, '2023-09-09', 2034.08, 1691.55, 'APPROVED'),
(9129, 10434, 4, 526, '2023-11-17', 5993.88, 4903.27, 'APPROVED'),
(9130, 10213, 1, 524, '2023-06-11', 544.84, 457.44, 'APPROVED'),
(9131, 10354, 4, 533, '2023-01-04', 1984.17, 1938.81, 'APPROVED'),
(9132, 10083, 1, 528, '2024-03-09', 3820.17, 3600.0, 'APPROVED'),
(9133, 10225, 1, 540, '2024-05-28', 1150.13, 855.67, 'APPROVED'),
(9134, 10486, 2, 518, '2023-08-09', 303.94, 245.85, 'APPROVED'),
(9135, 10162, 2, 548, '2024-12-29', 7307.2, 6567.85, 'APPROVED'),
(9136, 10024, 1, 550, '2023-02-24', 4577.33, 3039.67, 'APPROVED'),
(9137, 10170, 1, 502, '2023-11-10', 4703.36, 4576.87, 'APPROVED'),
(9138, 10245, 3, 502, '2024-11-06', 2859.82, 2579.48, 'APPROVED'),
(9139, 10452, 1, 515, '2023-03-03', 2451.87, 0, 'DENIED'),
(9140, 10014, 2, 544, '2023-12-12', 6053.42, 5504.3, 'APPROVED'),
(9141, 10220, 2, 504, '2023-05-13', 845.42, 822.54, 'APPROVED'),
(9142, 10108, 5, 515, '2023-01-02', 3598.07, 0, 'DENIED'),
(9143, 10487, 1, 549, '2024-05-06', 4628.45, 0, 'DENIED'),
(9144, 10141, 5, 527, '2023-05-05', 2769.04, 2214.0, 'APPROVED'),
(9145, 10237, 3, 540, '2023-04-03', 2030.33, 0, 'DENIED'),
(9146, 10293, 4, 501, '2023-07-13', 1445.85, 1275.19, 'APPROVED'),
(9147, 10409, 3, 521, '2024-09-27', 2356.0, 2171.11, 'APPROVED'),
(9148, 10113, 1, 538, '2024-03-18', 276.55, 182.79, 'APPROVED'),
(9149, 10402, 4, 507, '2024-02-10', 6625.29, 4966.37, 'APPROVED'),
(9150, 10144, 2, 512, '2024-09-21', 4193.73, 0, 'DENIED'),
(9151, 10102, 5, 519, '2023-04-13', 2912.13, 2621.95, 'APPROVED'),
(9152, 10297, 4, 541, '2023-02-15', 5064.9, 4376.81, 'APPROVED'),
(9153, 10288, 2, 513, '2024-06-13', 4669.93, 3706.31, 'APPROVED'),
(9154, 10093, 3, 539, '2024-01-31', 3509.59, 2302.83, 'APPROVED'),
(9155, 10265, 1, 546, '2023-02-10', 455.2, 378.91, 'APPROVED'),
(9156, 10325, 5, 508, '2024-04-23', 127.1, 0, 'DENIED'),
(9157, 10251, 2, 535, '2023-06-13', 6002.43, 4615.08, 'APPROVED'),
(9158, 10473, 5, 503, '2023-06-03', 1204.4, 0, 'DENIED'),
(9159, 10429, 2, 524, '2023-11-27', 2458.03, 2237.09, 'APPROVED'),
(9160, 10488, 5, 550, '2023-01-28', 7424.16, 5800.9, 'APPROVED'),
(9161, 10303, 4, 524, '2024-04-28', 458.02, 366.69, 'APPROVED'),
(9162, 10226, 4, 527, '2023-04-22', 1046.66, 839.61, 'APPROVED'),
(9163, 10236, 2, 546, '2023-11-12', 6445.96, 4435.46, 'APPROVED'),
(9164, 10061, 2, 536, '2023-05-06', 3417.39, 0, 'DENIED'),
(9165, 10427, 4, 534, '2024-04-13', 5233.8, 4386.03, 'APPROVED'),
(9166, 10054, 3, 505, '2023-02-03', 7249.66, 5969.87, 'APPROVED'),
(9167, 10021, 2, 513, '2023-06-13', 7414.22, 6578.58, 'APPROVED'),
(9168, 10330, 2, 512, '2024-03-26', 2823.64, 2564.26, 'APPROVED'),
(9169, 10165, 5, 515, '2023-07-21', 1341.05, 0, 'DENIED'),
(9170, 10466, 1, 527, '2023-12-04', 3696.98, 3548.37, 'APPROVED'),
(9171, 10394, 2, 511, '2024-08-31', 5508.26, 4285.88, 'APPROVED'),
(9172, 10466, 4, 533, '2023-11-17', 1507.01, 1420.03, 'APPROVED'),
(9173, 10243, 3, 540, '2023-06-17', 2620.92, 1784.71, 'APPROVED'),
(9174, 10310, 4, 534, '2024-03-05', 92.89, 0, 'DENIED'),
(9175, 10095, 2, 533, '2023-01-31', 2187.91, 2016.04, 'APPROVED'),
(9176, 10128, 5, 540, '2023-11-19', 3154.67, 2129.46, 'APPROVED'),
(9177, 10059, 3, 520, '2023-03-16', 2021.42, 1806.53, 'APPROVED'),
(9178, 10356, 3, 534, '2024-08-11', 5723.17, 4678.85, 'APPROVED'),
(9179, 10159, 2, 546, '2024-01-10', 5752.36, 3967.87, 'APPROVED'),
(9180, 10365, 4, 528, '2024-02-08', 1338.54, 1279.37, 'APPROVED'),
(9181, 10275, 4, 542, '2023-11-07', 6647.78, 4960.57, 'APPROVED'),
(9182, 10370, 4, 534, '2024-09-07', 1058.97, 905.28, 'APPROVED'),
(9183, 10374, 2, 519, '2023-10-15', 4579.98, 0, 'DENIED'),
(9184, 10317, 5, 537, '2024-08-12', 528.45, 515.67, 'APPROVED'),
(9185, 10162, 1, 538, '2023-03-26', 1904.38, 1248.81, 'APPROVED'),
(9186, 10246, 1, 522, '2023-06-04', 1876.78, 1417.4, 'APPROVED'),
(9187, 10333, 3, 535, '2023-02-27', 6402.37, 4233.98, 'APPROVED'),
(9188, 10049, 2, 537, '2024-01-04', 211.88, 142.86, 'APPROVED'),
(9189, 10447, 5, 541, '2023-01-26', 4076.13, 3704.34, 'APPROVED'),
(9190, 10415, 1, 507, '2024-04-14', 1698.08, 1619.46, 'APPROVED'),
(9191, 10269, 1, 508, '2024-10-31', 2407.36, 2258.09, 'APPROVED'),
(9192, 10484, 5, 514, '2023-11-20', 3201.19, 2259.21, 'APPROVED'),
(9193, 10462, 5, 512, '2024-04-01', 4749.16, 0, 'DENIED'),
(9194, 10089, 5, 534, '2024-09-11', 5876.57, 4574.45, 'APPROVED'),
(9195, 10056, 3, 519, '2023-06-11', 4908.17, 4780.03, 'APPROVED'),
(9196, 10037, 2, 518, '2023-09-27', 871.59, 680.92, 'APPROVED'),
(9197, 10082, 1, 544, '2024-10-06', 1675.78, 0, 'DENIED'),
(9198, 10400, 2, 514, '2023-12-04', 5713.01, 0, 'DENIED'),
(9199, 10256, 4, 528, '2023-05-02', 1373.93, 0, 'DENIED'),
(9200, 10123, 5, 533, '2024-10-18', 6142.68, 0, 'DENIED'),
(9201, 10346, 1, 529, '2024-08-28', 6168.59, 5084.97, 'APPROVED'),
(9202, 10151, 4, 525, '2023-08-31', 6534.61, 5779.46, 'APPROVED'),
(9203, 10439, 4, 525, '2023-11-25', 1240.52, 993.45, 'APPROVED'),
(9204, 10182, 3, 525, '2023-09-18', 2639.7, 2549.61, 'APPROVED'),
(9205, 10419, 1, 537, '2023-08-19', 3002.87, 2032.29, 'APPROVED'),
(9206, 10331, 5, 513, '2024-12-29', 4089.01, 3179.01, 'APPROVED'),
(9207, 10159, 5, 533, '2024-05-12', 3522.51, 0, 'DENIED'),
(9208, 10457, 4, 509, '2023-07-06', 2392.52, 1903.0, 'APPROVED'),
(9209, 10197, 4, 516, '2024-05-10', 2239.31, 1643.28, 'APPROVED'),
(9210, 10176, 5, 536, '2023-03-16', 4463.27, 0, 'DENIED'),
(9211, 10247, 1, 506, '2024-09-15', 4821.68, 0, 'DENIED'),
(9212, 10234, 2, 511, '2023-10-12', 4134.85, 3896.46, 'APPROVED'),
(9213, 10150, 1, 514, '2023-04-11', 1994.92, 1888.26, 'APPROVED'),
(9214, 10332, 1, 521, '2024-09-26', 3458.32, 3193.64, 'APPROVED'),
(9215, 10433, 5, 534, '2023-08-05', 2004.39, 1549.94, 'APPROVED'),
(9216, 10260, 5, 519, '2023-04-04', 5725.48, 4209.9, 'APPROVED'),
(9217, 10408, 1, 542, '2024-06-15', 1133.54, 896.86, 'APPROVED'),
(9218, 10408, 2, 506, '2023-05-04', 7352.53, 0, 'DENIED'),
(9219, 10220, 3, 536, '2023-09-02', 4102.52, 3225.01, 'APPROVED'),
(9220, 10228, 1, 523, '2023-08-15', 6837.15, 6063.68, 'APPROVED'),
(9221, 10461, 1, 501, '2024-09-19', 1262.26, 929.68, 'APPROVED'),
(9222, 10130, 1, 515, '2024-04-28', 2150.03, 1610.46, 'APPROVED'),
(9223, 10159, 5, 508, '2023-02-28', 2421.17, 1986.33, 'APPROVED'),
(9224, 10058, 1, 502, '2023-07-25', 4121.25, 3414.05, 'APPROVED'),
(9225, 10420, 5, 546, '2023-06-15', 6393.54, 4312.88, 'APPROVED'),
(9226, 10439, 1, 522, '2023-06-07', 3979.25, 3806.23, 'APPROVED'),
(9227, 10195, 1, 514, '2023-03-31', 1091.55, 822.53, 'APPROVED'),
(9228, 10229, 3, 546, '2024-10-09', 208.31, 193.43, 'APPROVED'),
(9229, 10052, 5, 541, '2024-12-26', 5382.54, 0, 'DENIED'),
(9230, 10441, 4, 521, '2024-08-06', 1804.42, 1531.94, 'APPROVED'),
(9231, 10300, 2, 504, '2024-03-27', 1522.82, 1385.01, 'APPROVED'),
(9232, 10360, 5, 536, '2024-03-31', 3401.56, 2813.25, 'APPROVED'),
(9233, 10064, 5, 546, '2023-02-18', 2611.32, 2170.61, 'APPROVED'),
(9234, 10102, 4, 505, '2024-01-19', 2706.23, 2196.95, 'APPROVED'),
(9235, 10033, 5, 532, '2024-03-02', 410.35, 303.6, 'APPROVED'),
(9236, 10048, 5, 504, '2024-01-01', 1375.65, 0, 'DENIED'),
(9237, 10391, 3, 507, '2023-04-04', 639.02, 527.24, 'APPROVED'),
(9238, 10253, 2, 523, '2024-01-10', 2718.35, 2353.99, 'APPROVED'),
(9239, 10487, 2, 509, '2024-03-28', 6078.05, 4723.77, 'APPROVED'),
(9240, 10385, 3, 543, '2023-10-26', 3005.39, 2844.19, 'APPROVED'),
(9241, 10325, 4, 519, '2023-10-17', 5112.99, 3590.88, 'APPROVED'),
(9242, 10260, 2, 537, '2023-10-02', 7312.72, 6969.81, 'APPROVED'),
(9243, 10290, 5, 525, '2023-05-04', 2653.94, 2211.39, 'APPROVED'),
(9244, 10233, 2, 517, '2024-01-21', 1369.93, 920.58, 'APPROVED'),
(9245, 10036, 4, 517, '2023-09-21', 2778.22, 1992.73, 'APPROVED'),
(9246, 10325, 1, 527, '2024-12-27', 1078.99, 881.09, 'APPROVED'),
(9247, 10425, 2, 519, '2023-03-08', 1982.01, 1736.22, 'APPROVED'),
(9248, 10067, 5, 531, '2024-08-13', 148.93, 113.38, 'APPROVED'),
(9249, 10381, 3, 532, '2024-11-22', 4927.35, 3676.2, 'APPROVED'),
(9250, 10458, 5, 533, '2024-08-04', 6598.25, 4300.93, 'APPROVED'),
(9251, 10382, 4, 524, '2023-02-23', 3792.6, 0, 'DENIED'),
(9252, 10253, 1, 535, '2024-09-19', 3502.3, 2713.62, 'APPROVED'),
(9253, 10310, 1, 523, '2024-12-28', 4637.37, 3140.17, 'APPROVED'),
(9254, 10057, 2, 539, '2023-06-11', 7000.32, 5683.1, 'APPROVED'),
(9255, 10037, 2, 546, '2024-08-07', 445.72, 383.24, 'APPROVED'),
(9256, 10329, 5, 549, '2023-08-21', 1302.65, 0, 'DENIED'),
(9257, 10290, 2, 534, '2023-09-14', 1459.55, 1315.02, 'APPROVED'),
(9258, 10292, 5, 520, '2023-11-30', 619.65, 555.03, 'APPROVED'),
(9259, 10385, 4, 528, '2024-01-08', 3386.16, 3227.31, 'APPROVED'),
(9260, 10434, 1, 526, '2024-02-08', 3558.61, 2897.2, 'APPROVED'),
(9261, 10351, 5, 502, '2023-10-07', 6986.64, 5864.68, 'APPROVED'),
(9262, 10370, 1, 501, '2023-09-12', 6247.29, 5598.36, 'APPROVED'),
(9263, 10161, 4, 524, '2023-10-16', 7274.26, 0, 'DENIED'),
(9264, 10434, 4, 504, '2024-06-19', 4463.58, 0, 'DENIED'),
(9265, 10470, 5, 544, '2023-08-14', 4516.22, 3281.8, 'APPROVED'),
(9266, 10056, 5, 519, '2024-05-29', 2084.64, 0, 'DENIED'),
(9267, 10447, 5, 528, '2024-08-25', 6991.61, 6361.4, 'APPROVED'),
(9268, 10103, 4, 531, '2023-01-23', 7117.23, 6705.02, 'APPROVED'),
(9269, 10177, 1, 538, '2023-08-17', 6597.46, 5561.87, 'APPROVED'),
(9270, 10037, 5, 522, '2023-11-05', 5708.34, 4106.3, 'APPROVED'),
(9271, 10463, 3, 546, '2023-12-13', 1945.86, 1798.62, 'APPROVED'),
(9272, 10210, 3, 535, '2023-02-26', 5411.04, 4943.45, 'APPROVED'),
(9273, 10105, 5, 535, '2023-11-11', 5509.56, 3604.8, 'APPROVED'),
(9274, 10447, 4, 548, '2024-04-02', 7053.51, 4937.14, 'APPROVED'),
(9275, 10011, 5, 550, '2023-02-04', 5931.77, 0, 'DENIED'),
(9276, 10109, 3, 512, '2023-05-03', 7172.76, 6097.15, 'APPROVED'),
(9277, 10202, 1, 516, '2024-08-13', 1241.48, 914.38, 'APPROVED'),
(9278, 10328, 3, 535, '2023-01-21', 4114.65, 2757.55, 'APPROVED'),
(9279, 10070, 3, 548, '2023-03-03', 982.31, 700.36, 'APPROVED'),
(9280, 10402, 5, 505, '2023-04-30', 2338.97, 2142.22, 'APPROVED'),
(9281, 10456, 1, 535, '2024-08-21', 5979.99, 4388.88, 'APPROVED'),
(9282, 10344, 2, 545, '2023-01-11', 7489.92, 6202.6, 'APPROVED'),
(9283, 10139, 5, 518, '2023-03-14', 1508.83, 1385.87, 'APPROVED'),
(9284, 10012, 4, 523, '2024-03-31', 2954.73, 2741.54, 'APPROVED'),
(9285, 10417, 1, 547, '2023-05-01', 4039.3, 3821.26, 'APPROVED'),
(9286, 10203, 5, 547, '2023-06-22', 5972.03, 3961.46, 'APPROVED'),
(9287, 10373, 3, 512, '2024-01-12', 3921.34, 2836.38, 'APPROVED'),
(9288, 10480, 1, 550, '2024-08-25', 366.25, 335.27, 'APPROVED'),
(9289, 10424, 5, 547, '2024-05-16', 345.94, 255.95, 'APPROVED'),
(9290, 10125, 3, 527, '2024-10-18', 6650.85, 6258.6, 'APPROVED'),
(9291, 10370, 5, 501, '2023-01-07', 1814.59, 1714.59, 'APPROVED'),
(9292, 10302, 3, 538, '2024-02-13', 5072.39, 4887.15, 'APPROVED'),
(9293, 10010, 1, 531, '2023-09-28', 4981.32, 4129.14, 'APPROVED'),
(9294, 10059, 5, 542, '2023-09-27', 168.54, 0, 'DENIED'),
(9295, 10013, 4, 534, '2024-07-01', 469.8, 447.32, 'APPROVED'),
(9296, 10003, 1, 505, '2024-05-27', 6599.55, 0, 'DENIED'),
(9297, 10331, 3, 511, '2024-08-02', 3212.7, 2730.1, 'APPROVED'),
(9298, 10442, 4, 524, '2023-06-21', 4848.84, 3440.61, 'APPROVED'),
(9299, 10036, 2, 546, '2023-01-08', 4837.54, 4702.76, 'APPROVED'),
(9300, 10101, 2, 542, '2023-11-02', 464.3, 379.69, 'APPROVED'),
(9301, 10260, 5, 522, '2024-03-26', 4104.06, 3650.76, 'APPROVED'),
(9302, 10180, 4, 510, '2024-10-09', 4146.1, 3333.94, 'APPROVED'),
(9303, 10109, 1, 543, '2024-06-22', 4373.55, 3762.68, 'APPROVED'),
(9304, 10344, 4, 520, '2023-03-06', 5031.97, 3976.83, 'APPROVED'),
(9305, 10096, 5, 506, '2024-04-23', 1468.53, 1226.95, 'APPROVED'),
(9306, 10229, 2, 534, '2023-08-27', 4575.57, 0, 'DENIED'),
(9307, 10401, 1, 509, '2024-08-30', 3357.05, 3195.52, 'APPROVED'),
(9308, 10477, 1, 528, '2024-06-10', 183.96, 0, 'DENIED'),
(9309, 10384, 5, 504, '2024-03-30', 5122.27, 4176.79, 'APPROVED'),
(9310, 10143, 3, 531, '2024-01-11', 4482.4, 3061.28, 'APPROVED'),
(9311, 10093, 4, 531, '2023-09-28', 1536.38, 1365.82, 'APPROVED'),
(9312, 10457, 3, 504, '2023-06-04', 1248.89, 0, 'DENIED'),
(9313, 10257, 3, 525, '2024-07-02', 4715.35, 3281.22, 'APPROVED'),
(9314, 10387, 2, 542, '2023-04-28', 7278.19, 6355.29, 'APPROVED'),
(9315, 10161, 2, 511, '2024-05-20', 5308.83, 4878.53, 'APPROVED'),
(9316, 10362, 5, 525, '2024-03-31', 4139.31, 3437.62, 'APPROVED'),
(9317, 10352, 5, 507, '2023-08-22', 5052.28, 0, 'DENIED'),
(9318, 10005, 5, 549, '2024-04-11', 3939.43, 3724.43, 'APPROVED'),
(9319, 10287, 5, 538, '2024-09-05', 594.71, 414.23, 'APPROVED'),
(9320, 10159, 4, 514, '2024-04-12', 7042.87, 5636.83, 'APPROVED'),
(9321, 10331, 4, 549, '2023-11-28', 5316.18, 3999.06, 'APPROVED'),
(9322, 10251, 3, 532, '2024-06-17', 5506.71, 3913.84, 'APPROVED'),
(9323, 10044, 3, 546, '2023-03-23', 4376.16, 3040.64, 'APPROVED'),
(9324, 10402, 5, 532, '2024-12-20', 763.56, 540.24, 'APPROVED'),
(9325, 10483, 3, 523, '2024-09-02', 434.46, 0, 'DENIED'),
(9326, 10241, 3, 513, '2024-07-25', 5234.89, 4653.66, 'APPROVED'),
(9327, 10366, 3, 507, '2024-04-11', 4314.35, 4185.24, 'APPROVED'),
(9328, 10125, 1, 511, '2024-04-22', 3719.91, 3294.93, 'APPROVED'),
(9329, 10259, 4, 502, '2024-04-05', 6543.63, 6003.94, 'APPROVED'),
(9330, 10142, 2, 537, '2024-08-25', 6780.72, 4991.51, 'APPROVED'),
(9331, 10079, 5, 550, '2024-06-09', 2375.06, 0, 'DENIED'),
(9332, 10303, 1, 547, '2023-05-11', 243.37, 161.72, 'APPROVED'),
(9333, 10057, 1, 526, '2024-01-25', 1073.87, 0, 'DENIED'),
(9334, 10328, 4, 550, '2024-05-06', 5694.21, 4487.29, 'APPROVED'),
(9335, 10488, 2, 507, '2024-09-24', 1834.37, 1356.17, 'APPROVED'),
(9336, 10344, 4, 507, '2023-08-29', 2780.46, 2121.47, 'APPROVED'),
(9337, 10172, 3, 503, '2024-05-13', 3686.5, 3049.63, 'APPROVED'),
(9338, 10191, 4, 548, '2023-09-22', 2576.88, 1901.69, 'APPROVED'),
(9339, 10359, 2, 532, '2023-03-19', 1040.48, 713.07, 'APPROVED'),
(9340, 10339, 3, 535, '2024-01-17', 5624.11, 5102.49, 'APPROVED'),
(9341, 10286, 3, 535, '2023-06-02', 4032.62, 3130.71, 'APPROVED'),
(9342, 10203, 2, 507, '2023-09-25', 7066.86, 6403.41, 'APPROVED'),
(9343, 10337, 3, 534, '2024-09-02', 4764.12, 3799.45, 'APPROVED'),
(9344, 10380, 3, 547, '2023-09-07', 6767.91, 5936.97, 'APPROVED'),
(9345, 10216, 2, 517, '2023-05-09', 7020.78, 0, 'DENIED'),
(9346, 10206, 3, 516, '2023-06-18', 3246.24, 2703.91, 'APPROVED'),
(9347, 10329, 1, 511, '2024-09-14', 4546.03, 0, 'DENIED'),
(9348, 10200, 1, 512, '2024-05-12', 5607.6, 5085.11, 'APPROVED'),
(9349, 10123, 4, 517, '2023-08-30', 2549.26, 1820.61, 'APPROVED'),
(9350, 10161, 3, 550, '2024-02-29', 6792.14, 5152.39, 'APPROVED'),
(9351, 10394, 4, 538, '2024-04-29', 7475.8, 5873.71, 'APPROVED'),
(9352, 10070, 5, 541, '2024-02-10', 4254.82, 0, 'DENIED'),
(9353, 10494, 2, 529, '2024-05-25', 3711.58, 2689.05, 'APPROVED'),
(9354, 10245, 3, 538, '2023-12-11', 2131.86, 1561.0, 'APPROVED'),
(9355, 10375, 5, 535, '2023-12-15', 4009.24, 3340.08, 'APPROVED'),
(9356, 10015, 1, 524, '2023-02-08', 493.27, 329.8, 'APPROVED'),
(9357, 10477, 5, 530, '2023-05-23', 6714.47, 5135.8, 'APPROVED'),
(9358, 10265, 5, 541, '2024-02-24', 4715.05, 3352.84, 'APPROVED'),
(9359, 10293, 1, 550, '2024-11-25', 3974.14, 3592.38, 'APPROVED'),
(9360, 10207, 4, 532, '2023-12-11', 3272.92, 0, 'DENIED'),
(9361, 10196, 4, 524, '2023-12-05', 1172.03, 905.2, 'APPROVED'),
(9362, 10228, 5, 527, '2023-02-15', 5458.0, 4824.58, 'APPROVED'),
(9363, 10371, 3, 522, '2024-12-14', 7442.51, 5865.91, 'APPROVED'),
(9364, 10438, 1, 535, '2023-11-03', 165.64, 157.91, 'APPROVED'),
(9365, 10457, 2, 542, '2023-08-31', 5342.36, 4824.36, 'APPROVED'),
(9366, 10467, 3, 531, '2023-06-10', 3713.74, 0, 'DENIED'),
(9367, 10281, 4, 518, '2023-06-27', 3054.1, 2117.25, 'APPROVED'),
(9368, 10487, 4, 547, '2024-05-15', 6265.36, 0, 'DENIED'),
(9369, 10365, 5, 513, '2024-05-29', 3677.19, 3291.51, 'APPROVED'),
(9370, 10089, 1, 532, '2024-07-25', 6051.1, 4730.45, 'APPROVED'),
(9371, 10293, 4, 538, '2024-12-03', 4150.47, 0, 'DENIED'),
(9372, 10500, 1, 521, '2023-09-27', 1493.03, 1069.9, 'APPROVED'),
(9373, 10064, 5, 524, '2024-01-09', 2666.19, 2356.66, 'APPROVED'),
(9374, 10067, 4, 530, '2023-01-26', 3735.25, 0, 'DENIED'),
(9375, 10040, 2, 529, '2024-09-29', 4080.51, 2809.03, 'APPROVED'),
(9376, 10374, 5, 530, '2024-04-03', 5759.03, 4924.83, 'APPROVED'),
(9377, 10418, 2, 507, '2023-02-23', 5622.05, 0, 'DENIED'),
(9378, 10448, 3, 536, '2024-02-13', 2250.36, 1894.68, 'APPROVED'),
(9379, 10015, 4, 523, '2023-08-13', 484.3, 394.15, 'APPROVED'),
(9380, 10220, 5, 530, '2023-06-13', 6613.31, 0, 'DENIED'),
(9381, 10037, 3, 547, '2023-06-16', 3976.62, 3573.56, 'APPROVED'),
(9382, 10260, 2, 524, '2024-05-11', 1325.33, 1053.1, 'APPROVED'),
(9383, 10142, 3, 523, '2023-11-09', 1110.82, 0, 'DENIED'),
(9384, 10346, 5, 535, '2024-09-11', 3686.78, 2774.04, 'APPROVED'),
(9385, 10005, 4, 521, '2024-01-01', 3929.77, 2805.84, 'APPROVED'),
(9386, 10196, 1, 503, '2024-07-03', 1777.81, 1443.56, 'APPROVED'),
(9387, 10191, 4, 544, '2023-01-03', 2784.8, 2664.9, 'APPROVED'),
(9388, 10185, 1, 524, '2024-04-04', 4809.43, 4600.71, 'APPROVED'),
(9389, 10094, 2, 549, '2023-06-02', 3697.27, 3350.04, 'APPROVED'),
(9390, 10010, 2, 535, '2023-09-25', 7187.33, 6217.71, 'APPROVED'),
(9391, 10436, 1, 509, '2024-01-08', 2989.27, 2256.87, 'APPROVED'),
(9392, 10026, 5, 533, '2024-03-25', 6517.93, 5091.49, 'APPROVED'),
(9393, 10417, 3, 526, '2023-12-21', 6470.77, 5276.52, 'APPROVED'),
(9394, 10254, 1, 501, '2024-02-06', 1595.12, 1417.98, 'APPROVED'),
(9395, 10372, 2, 509, '2024-11-20', 2340.26, 1690.96, 'APPROVED'),
(9396, 10096, 2, 528, '2023-05-25', 1528.74, 1043.73, 'APPROVED'),
(9397, 10006, 1, 535, '2023-12-22', 889.07, 0, 'DENIED'),
(9398, 10471, 5, 544, '2023-10-11', 909.17, 0, 'DENIED'),
(9399, 10217, 4, 519, '2024-08-10', 6600.21, 0, 'DENIED'),
(9400, 10383, 4, 540, '2023-10-08', 7129.89, 6078.91, 'APPROVED'),
(9401, 10245, 4, 532, '2023-02-21', 6378.3, 5981.24, 'APPROVED'),
(9402, 10148, 2, 544, '2023-08-04', 5383.31, 4341.59, 'APPROVED'),
(9403, 10068, 3, 516, '2023-02-28', 6037.39, 5256.49, 'APPROVED'),
(9404, 10494, 4, 508, '2024-07-18', 4695.07, 4456.31, 'APPROVED'),
(9405, 10334, 2, 548, '2024-10-06', 3782.89, 3403.61, 'APPROVED'),
(9406, 10403, 5, 528, '2023-07-13', 3278.05, 0, 'DENIED'),
(9407, 10150, 3, 513, '2024-03-07', 2162.06, 1735.23, 'APPROVED'),
(9408, 10462, 3, 503, '2024-12-08', 3655.08, 2670.57, 'APPROVED'),
(9409, 10415, 2, 501, '2024-12-28', 6475.5, 0, 'DENIED'),
(9410, 10247, 5, 527, '2023-06-20', 5327.36, 0, 'DENIED'),
(9411, 10366, 4, 508, '2023-01-18', 313.94, 214.28, 'APPROVED'),
(9412, 10293, 1, 514, '2023-10-20', 3345.52, 3001.21, 'APPROVED'),
(9413, 10115, 1, 538, '2023-06-06', 1153.71, 1000.65, 'APPROVED'),
(9414, 10213, 4, 546, '2024-06-09', 1890.32, 1297.03, 'APPROVED'),
(9415, 10099, 4, 515, '2024-01-02', 539.66, 497.12, 'APPROVED'),
(9416, 10198, 2, 516, '2023-10-10', 2966.3, 2100.71, 'APPROVED'),
(9417, 10341, 1, 505, '2023-08-31', 1716.04, 1213.98, 'APPROVED'),
(9418, 10116, 2, 519, '2024-11-09', 3390.97, 2621.39, 'APPROVED'),
(9419, 10418, 3, 525, '2023-07-01', 3582.78, 3408.34, 'APPROVED'),
(9420, 10453, 3, 506, '2023-08-03', 5658.61, 5439.01, 'APPROVED'),
(9421, 10387, 4, 506, '2023-06-22', 771.98, 544.63, 'APPROVED'),
(9422, 10142, 3, 524, '2023-07-31', 5450.06, 4225.68, 'APPROVED'),
(9423, 10115, 2, 508, '2023-01-09', 1588.77, 1201.21, 'APPROVED'),
(9424, 10394, 3, 522, '2024-12-08', 2378.55, 0, 'DENIED'),
(9425, 10283, 5, 506, '2023-03-29', 145.71, 0, 'DENIED'),
(9426, 10409, 3, 502, '2023-05-07', 3150.96, 2161.78, 'APPROVED'),
(9427, 10011, 5, 526, '2024-05-15', 2614.95, 2300.17, 'APPROVED'),
(9428, 10381, 1, 544, '2023-11-14', 4918.52, 4318.31, 'APPROVED'),
(9429, 10360, 4, 543, '2024-11-13', 6756.14, 4441.33, 'APPROVED'),
(9430, 10353, 4, 531, '2023-03-19', 2983.2, 2715.59, 'APPROVED'),
(9431, 10481, 1, 527, '2024-10-24', 4647.96, 3341.47, 'APPROVED'),
(9432, 10072, 5, 539, '2023-10-30', 7270.46, 5372.61, 'APPROVED'),
(9433, 10278, 2, 507, '2023-11-07', 6393.23, 0, 'DENIED'),
(9434, 10150, 2, 534, '2023-12-04', 4296.46, 0, 'DENIED'),
(9435, 10088, 3, 535, '2024-07-16', 3624.04, 2698.15, 'APPROVED'),
(9436, 10136, 5, 532, '2023-07-20', 7318.11, 6060.15, 'APPROVED'),
(9437, 10093, 2, 548, '2023-03-09', 4193.58, 3902.46, 'APPROVED'),
(9438, 10100, 2, 543, '2023-03-17', 7455.95, 6571.73, 'APPROVED'),
(9439, 10282, 4, 512, '2024-11-08', 1005.35, 809.79, 'APPROVED'),
(9440, 10239, 5, 515, '2023-06-02', 7302.73, 0, 'DENIED'),
(9441, 10191, 5, 544, '2023-07-20', 4228.97, 4131.56, 'APPROVED'),
(9442, 10249, 1, 519, '2023-04-13', 359.55, 276.07, 'APPROVED'),
(9443, 10209, 2, 546, '2024-11-11', 5916.68, 4786.18, 'APPROVED'),
(9444, 10324, 3, 506, '2023-03-21', 1901.45, 0, 'DENIED'),
(9445, 10390, 5, 501, '2024-05-13', 1463.26, 964.66, 'APPROVED'),
(9446, 10325, 4, 535, '2023-01-09', 3468.23, 0, 'DENIED'),
(9447, 10486, 5, 505, '2024-08-24', 532.09, 464.94, 'APPROVED'),
(9448, 10179, 4, 510, '2023-09-13', 256.83, 231.01, 'APPROVED'),
(9449, 10380, 4, 504, '2024-06-20', 879.14, 634.53, 'APPROVED'),
(9450, 10458, 4, 531, '2024-11-12', 5427.43, 4297.82, 'APPROVED'),
(9451, 10487, 5, 532, '2024-03-13', 5621.44, 3963.89, 'APPROVED'),
(9452, 10211, 2, 502, '2024-10-05', 5841.68, 4298.23, 'APPROVED'),
(9453, 10367, 1, 503, '2024-10-19', 3182.57, 0, 'DENIED'),
(9454, 10049, 5, 540, '2024-09-23', 4763.05, 0, 'DENIED'),
(9455, 10045, 5, 506, '2023-05-06', 3770.17, 0, 'DENIED'),
(9456, 10395, 2, 506, '2024-02-07', 5810.61, 0, 'DENIED'),
(9457, 10298, 3, 525, '2024-02-02', 3199.15, 2918.26, 'APPROVED'),
(9458, 10477, 2, 518, '2023-09-14', 4010.24, 3175.96, 'APPROVED'),
(9459, 10433, 5, 504, '2023-03-07', 2148.96, 1463.7, 'APPROVED'),
(9460, 10382, 3, 521, '2024-10-03', 6141.46, 0, 'DENIED'),
(9461, 10026, 4, 508, '2023-07-18', 5312.78, 4145.96, 'APPROVED'),
(9462, 10032, 1, 526, '2023-09-10', 3225.41, 2760.68, 'APPROVED'),
(9463, 10152, 5, 515, '2024-02-14', 6423.09, 5077.44, 'APPROVED'),
(9464, 10078, 5, 547, '2024-06-05', 7101.83, 5406.31, 'APPROVED'),
(9465, 10145, 1, 537, '2023-02-18', 3289.59, 2384.15, 'APPROVED'),
(9466, 10426, 1, 524, '2024-07-18', 6768.52, 4452.17, 'APPROVED'),
(9467, 10430, 3, 501, '2023-09-05', 3902.56, 3275.96, 'APPROVED'),
(9468, 10493, 4, 505, '2024-12-27', 5687.35, 0, 'DENIED'),
(9469, 10364, 1, 504, '2023-10-21', 3401.3, 2568.25, 'APPROVED'),
(9470, 10061, 3, 502, '2024-05-06', 371.42, 277.37, 'APPROVED'),
(9471, 10333, 2, 532, '2023-05-31', 1353.16, 1301.2, 'APPROVED'),
(9472, 10013, 1, 536, '2023-01-02', 2226.57, 1885.61, 'APPROVED'),
(9473, 10248, 5, 533, '2023-11-21', 4313.93, 4050.0, 'APPROVED'),
(9474, 10467, 1, 543, '2023-09-09', 5352.54, 4152.58, 'APPROVED'),
(9475, 10427, 1, 527, '2023-11-14', 5245.18, 0, 'DENIED'),
(9476, 10300, 4, 546, '2023-12-18', 1977.58, 1361.17, 'APPROVED'),
(9477, 10082, 1, 520, '2023-06-14', 607.73, 480.86, 'APPROVED'),
(9478, 10234, 2, 521, '2023-08-03', 4548.41, 3832.85, 'APPROVED'),
(9479, 10302, 2, 537, '2023-09-19', 5168.64, 3602.12, 'APPROVED'),
(9480, 10396, 2, 539, '2023-07-09', 3501.51, 0, 'DENIED'),
(9481, 10445, 3, 546, '2024-02-17', 2712.77, 1995.83, 'APPROVED'),
(9482, 10386, 1, 524, '2024-01-14', 3608.03, 3169.87, 'APPROVED'),
(9483, 10306, 5, 535, '2024-06-05', 7220.01, 6089.67, 'APPROVED'),
(9484, 10033, 1, 529, '2024-05-05', 1768.94, 1670.82, 'APPROVED'),
(9485, 10040, 3, 537, '2024-08-02', 6822.52, 6444.56, 'APPROVED'),
(9486, 10485, 4, 541, '2024-04-03', 1092.67, 0, 'DENIED'),
(9487, 10147, 1, 518, '2023-04-13', 1593.28, 1466.98, 'APPROVED'),
(9488, 10119, 4, 502, '2024-02-15', 5744.67, 4452.85, 'APPROVED'),
(9489, 10441, 3, 522, '2023-12-29', 3116.92, 2142.45, 'APPROVED'),
(9490, 10144, 1, 533, '2024-01-29', 6836.61, 5372.02, 'APPROVED'),
(9491, 10139, 4, 508, '2023-02-08', 3506.37, 3214.67, 'APPROVED'),
(9492, 10391, 2, 528, '2024-06-02', 5322.02, 4990.1, 'APPROVED'),
(9493, 10152, 1, 544, '2024-02-12', 5883.64, 4905.06, 'APPROVED'),
(9494, 10243, 2, 516, '2024-09-10', 4106.32, 3844.78, 'APPROVED'),
(9495, 10058, 1, 532, '2024-11-26', 4188.26, 3595.17, 'APPROVED'),
(9496, 10301, 5, 525, '2024-06-18', 7229.99, 0, 'DENIED'),
(9497, 10225, 5, 547, '2024-04-20', 7465.9, 5272.54, 'APPROVED'),
(9498, 10001, 4, 513, '2024-07-27', 6006.17, 5711.36, 'APPROVED'),
(9499, 10102, 1, 523, '2024-10-06', 1982.17, 1669.04, 'APPROVED'),
(9500, 10237, 1, 533, '2024-08-09', 6693.74, 4670.09, 'APPROVED'),
(9501, 10300, 1, 531, '2024-08-14', 3279.06, 2902.15, 'APPROVED'),
(9502, 10194, 5, 528, '2024-12-04', 2859.99, 0, 'DENIED'),
(9503, 10472, 3, 528, '2023-03-11', 236.37, 0, 'DENIED'),
(9504, 10416, 4, 527, '2023-03-13', 2021.03, 1966.92, 'APPROVED'),
(9505, 10114, 2, 532, '2023-03-26', 5156.89, 0, 'DENIED'),
(9506, 10211, 2, 523, '2023-08-06', 3927.25, 0, 'DENIED'),
(9507, 10254, 2, 534, '2023-09-29', 2928.26, 2526.83, 'APPROVED'),
(9508, 10176, 1, 524, '2024-11-18', 3814.92, 2827.58, 'APPROVED'),
(9509, 10383, 5, 525, '2023-06-21', 7393.09, 0, 'DENIED'),
(9510, 10470, 1, 523, '2024-04-01', 1851.55, 1272.94, 'APPROVED'),
(9511, 10426, 1, 512, '2023-08-25', 5635.63, 0, 'DENIED'),
(9512, 10053, 5, 543, '2024-05-04', 3927.56, 3418.08, 'APPROVED'),
(9513, 10163, 4, 528, '2023-10-12', 2064.57, 2008.14, 'APPROVED'),
(9514, 10412, 1, 546, '2024-07-29', 514.01, 0, 'DENIED'),
(9515, 10201, 2, 510, '2024-04-19', 2299.95, 2231.31, 'APPROVED'),
(9516, 10319, 5, 503, '2024-04-13', 1307.78, 0, 'DENIED'),
(9517, 10142, 5, 514, '2024-07-11', 4030.05, 3029.48, 'APPROVED'),
(9518, 10224, 2, 519, '2023-11-28', 2473.03, 1688.41, 'APPROVED'),
(9519, 10401, 2, 539, '2023-10-07', 1842.55, 1641.09, 'APPROVED'),
(9520, 10348, 3, 537, '2024-02-03', 4748.38, 4213.42, 'APPROVED'),
(9521, 10066, 3, 530, '2023-12-05', 81.76, 0, 'DENIED'),
(9522, 10463, 2, 531, '2024-03-12', 6489.18, 6148.59, 'APPROVED'),
(9523, 10049, 2, 537, '2023-06-10', 2403.91, 0, 'DENIED'),
(9524, 10494, 4, 526, '2023-06-18', 1101.12, 990.45, 'APPROVED'),
(9525, 10433, 1, 507, '2023-12-25', 1244.03, 1204.2, 'APPROVED'),
(9526, 10093, 1, 511, '2024-10-20', 478.75, 0, 'DENIED'),
(9527, 10266, 1, 516, '2023-06-13', 4904.05, 3500.25, 'APPROVED'),
(9528, 10422, 3, 543, '2024-02-29', 4868.02, 3636.48, 'APPROVED'),
(9529, 10494, 2, 509, '2024-10-29', 4691.16, 3354.01, 'APPROVED'),
(9530, 10072, 3, 538, '2024-09-01', 3902.36, 3762.12, 'APPROVED'),
(9531, 10436, 1, 514, '2023-04-21', 1110.27, 1071.86, 'APPROVED'),
(9532, 10190, 5, 532, '2023-01-01', 5132.37, 4282.0, 'APPROVED'),
(9533, 10033, 4, 541, '2024-08-29', 3726.43, 3082.62, 'APPROVED'),
(9534, 10184, 1, 537, '2023-01-14', 2363.98, 2262.26, 'APPROVED'),
(9535, 10472, 3, 533, '2024-08-17', 6237.35, 4851.67, 'APPROVED'),
(9536, 10408, 4, 527, '2023-07-10', 234.12, 206.55, 'APPROVED'),
(9537, 10083, 5, 537, '2024-04-02', 7249.41, 5653.99, 'APPROVED'),
(9538, 10458, 1, 502, '2023-07-13', 6729.51, 5129.4, 'APPROVED'),
(9539, 10336, 1, 538, '2023-07-13', 3370.94, 0, 'DENIED'),
(9540, 10062, 3, 522, '2024-11-16', 3635.73, 0, 'DENIED'),
(9541, 10276, 3, 501, '2023-05-23', 3537.25, 2377.03, 'APPROVED'),
(9542, 10018, 3, 531, '2024-09-08', 6149.21, 5988.11, 'APPROVED'),
(9543, 10027, 1, 531, '2023-11-25', 2135.41, 2083.63, 'APPROVED'),
(9544, 10347, 2, 511, '2023-06-18', 3416.25, 2583.78, 'APPROVED'),
(9545, 10189, 1, 514, '2023-12-10', 6469.86, 6292.97, 'APPROVED'),
(9546, 10230, 5, 528, '2024-03-08', 6422.58, 0, 'DENIED'),
(9547, 10102, 5, 534, '2023-12-23', 4696.14, 3337.46, 'APPROVED'),
(9548, 10428, 4, 529, '2023-05-05', 627.18, 570.1, 'APPROVED'),
(9549, 10097, 3, 524, '2023-08-10', 3430.93, 2992.32, 'APPROVED'),
(9550, 10459, 3, 534, '2023-03-18', 3909.66, 0, 'DENIED'),
(9551, 10164, 1, 525, '2024-01-28', 5899.65, 5778.78, 'APPROVED'),
(9552, 10455, 4, 506, '2023-01-22', 4198.09, 3476.23, 'APPROVED'),
(9553, 10056, 1, 533, '2024-08-27', 860.68, 578.24, 'APPROVED'),
(9554, 10404, 5, 549, '2024-11-02', 2356.69, 2301.75, 'APPROVED'),
(9555, 10334, 3, 533, '2024-07-25', 3430.87, 2540.63, 'APPROVED'),
(9556, 10141, 4, 539, '2024-07-22', 1946.03, 1757.84, 'APPROVED'),
(9557, 10497, 3, 509, '2024-07-24', 2985.06, 2480.35, 'APPROVED'),
(9558, 10358, 5, 515, '2024-01-19', 5470.32, 4179.57, 'APPROVED'),
(9559, 10016, 5, 526, '2024-12-03', 122.68, 104.25, 'APPROVED'),
(9560, 10010, 4, 511, '2024-01-03', 978.83, 851.37, 'APPROVED'),
(9561, 10220, 5, 546, '2023-04-17', 929.38, 634.01, 'APPROVED'),
(9562, 10061, 4, 531, '2024-03-29', 6168.11, 4143.31, 'APPROVED'),
(9563, 10170, 4, 503, '2024-09-07', 3742.0, 2565.4, 'APPROVED'),
(9564, 10351, 4, 523, '2024-08-05', 6211.26, 5325.39, 'APPROVED'),
(9565, 10172, 2, 504, '2023-11-01', 7063.56, 5376.92, 'APPROVED'),
(9566, 10442, 2, 511, '2023-02-26', 6595.87, 4841.38, 'APPROVED'),
(9567, 10352, 4, 522, '2023-05-19', 5461.92, 4289.83, 'APPROVED'),
(9568, 10203, 1, 502, '2024-07-10', 2985.45, 2115.28, 'APPROVED'),
(9569, 10496, 5, 538, '2024-11-05', 3257.1, 2786.19, 'APPROVED'),
(9570, 10152, 5, 550, '2023-03-04', 6367.98, 4745.56, 'APPROVED'),
(9571, 10441, 2, 502, '2024-11-29', 3332.41, 2347.8, 'APPROVED'),
(9572, 10302, 4, 505, '2023-08-20', 717.85, 573.03, 'APPROVED'),
(9573, 10129, 5, 531, '2024-01-07', 6655.86, 4778.72, 'APPROVED'),
(9574, 10085, 4, 518, '2024-06-10', 5034.42, 0, 'DENIED'),
(9575, 10081, 2, 530, '2024-12-07', 5370.06, 3551.94, 'APPROVED'),
(9576, 10159, 3, 529, '2023-12-08', 1623.72, 1412.93, 'APPROVED'),
(9577, 10425, 2, 523, '2024-08-11', 5946.76, 4745.68, 'APPROVED'),
(9578, 10347, 1, 507, '2023-09-13', 6838.64, 5755.39, 'APPROVED'),
(9579, 10053, 5, 506, '2023-08-10', 4368.32, 4056.47, 'APPROVED'),
(9580, 10032, 1, 509, '2024-06-24', 3751.58, 2799.85, 'APPROVED'),
(9581, 10131, 1, 548, '2024-05-26', 7307.45, 5903.3, 'APPROVED'),
(9582, 10412, 4, 529, '2023-09-07', 5860.16, 4021.15, 'APPROVED'),
(9583, 10480, 2, 539, '2024-07-03', 4869.03, 4398.23, 'APPROVED'),
(9584, 10154, 5, 536, '2023-04-27', 2774.77, 2482.8, 'APPROVED'),
(9585, 10322, 2, 509, '2024-10-03', 372.98, 354.09, 'APPROVED'),
(9586, 10001, 4, 541, '2023-09-11', 806.66, 646.4, 'APPROVED'),
(9587, 10344, 4, 503, '2023-08-28', 3533.3, 0, 'DENIED'),
(9588, 10205, 4, 530, '2024-11-06', 603.34, 569.09, 'APPROVED'),
(9589, 10286, 5, 545, '2024-09-26', 5016.73, 4208.02, 'APPROVED'),
(9590, 10247, 1, 514, '2023-06-21', 3240.61, 2264.05, 'APPROVED'),
(9591, 10071, 4, 545, '2023-12-23', 3745.94, 3081.54, 'APPROVED'),
(9592, 10031, 4, 542, '2023-02-19', 5741.62, 5006.97, 'APPROVED'),
(9593, 10128, 2, 528, '2024-06-15', 3965.74, 3155.62, 'APPROVED'),
(9594, 10068, 5, 525, '2023-06-07', 6165.59, 4408.64, 'APPROVED'),
(9595, 10271, 1, 531, '2024-09-15', 3265.5, 0, 'DENIED'),
(9596, 10011, 4, 544, '2024-07-11', 919.11, 0, 'DENIED'),
(9597, 10461, 5, 541, '2023-11-16', 6472.31, 4794.12, 'APPROVED'),
(9598, 10317, 2, 529, '2024-01-15', 6064.66, 4858.52, 'APPROVED'),
(9599, 10456, 2, 549, '2024-12-02', 820.92, 706.55, 'APPROVED'),
(9600, 10409, 1, 534, '2023-05-13', 6935.73, 0, 'DENIED'),
(9601, 10138, 5, 535, '2024-10-22', 901.01, 621.23, 'APPROVED'),
(9602, 10486, 4, 527, '2024-02-27', 6125.16, 4042.86, 'APPROVED'),
(9603, 10387, 2, 514, '2024-07-27', 2574.18, 1921.23, 'APPROVED'),
(9604, 10368, 3, 507, '2024-04-15', 152.39, 100.85, 'APPROVED'),
(9605, 10371, 4, 539, '2023-07-06', 6772.82, 0, 'DENIED'),
(9606, 10065, 3, 506, '2023-01-12', 7027.47, 0, 'DENIED'),
(9607, 10170, 3, 503, '2024-07-16', 3820.84, 2725.76, 'APPROVED'),
(9608, 10009, 1, 503, '2023-10-12', 6465.0, 5034.77, 'APPROVED'),
(9609, 10357, 5, 530, '2024-12-27', 625.67, 428.09, 'APPROVED'),
(9610, 10433, 1, 530, '2023-10-11', 6771.98, 5854.45, 'APPROVED'),
(9611, 10477, 1, 550, '2024-11-15', 3132.35, 0, 'DENIED'),
(9612, 10130, 4, 520, '2023-10-07', 1078.13, 863.72, 'APPROVED'),
(9613, 10130, 1, 524, '2023-09-24', 6673.73, 4458.33, 'APPROVED'),
(9614, 10096, 3, 524, '2024-01-29', 5386.25, 0, 'DENIED'),
(9615, 10421, 2, 545, '2024-03-25', 4727.69, 0, 'DENIED'),
(9616, 10133, 2, 529, '2024-05-15', 3597.87, 3338.61, 'APPROVED'),
(9617, 10152, 2, 528, '2024-01-31', 4773.18, 4392.79, 'APPROVED'),
(9618, 10467, 1, 518, '2024-12-12', 6095.34, 0, 'DENIED'),
(9619, 10222, 3, 541, '2023-09-06', 6902.11, 4874.75, 'APPROVED'),
(9620, 10107, 3, 545, '2023-03-29', 1755.95, 1399.88, 'APPROVED'),
(9621, 10151, 2, 511, '2024-02-05', 5266.79, 4490.94, 'APPROVED'),
(9622, 10148, 3, 526, '2023-04-16', 5324.97, 3925.53, 'APPROVED'),
(9623, 10169, 5, 534, '2023-02-05', 2252.56, 0, 'DENIED'),
(9624, 10380, 2, 542, '2024-11-11', 7450.97, 5691.85, 'APPROVED'),
(9625, 10029, 5, 540, '2024-11-18', 6951.1, 4701.43, 'APPROVED'),
(9626, 10219, 5, 532, '2024-12-03', 1125.25, 0, 'DENIED'),
(9627, 10169, 4, 527, '2023-07-21', 4718.95, 3574.04, 'APPROVED'),
(9628, 10298, 2, 528, '2024-09-25', 7238.81, 5328.6, 'APPROVED'),
(9629, 10050, 1, 539, '2024-10-25', 4548.65, 4185.16, 'APPROVED'),
(9630, 10040, 1, 532, '2023-04-30', 5264.59, 4906.46, 'APPROVED'),
(9631, 10448, 1, 549, '2024-09-28', 6559.55, 5714.81, 'APPROVED'),
(9632, 10059, 3, 532, '2023-03-27', 901.73, 872.37, 'APPROVED'),
(9633, 10042, 1, 527, '2023-07-21', 4280.36, 3360.61, 'APPROVED'),
(9634, 10114, 4, 532, '2024-05-29', 6800.82, 4802.57, 'APPROVED'),
(9635, 10428, 4, 539, '2024-10-02', 6382.42, 4605.2, 'APPROVED'),
(9636, 10483, 1, 538, '2024-07-07', 3782.66, 0, 'DENIED'),
(9637, 10099, 1, 528, '2024-11-24', 5170.04, 4957.91, 'APPROVED'),
(9638, 10148, 3, 538, '2023-01-10', 2704.59, 2165.0, 'APPROVED'),
(9639, 10191, 1, 520, '2024-04-14', 4962.8, 4594.61, 'APPROVED'),
(9640, 10110, 1, 516, '2023-11-05', 1975.27, 1429.63, 'APPROVED'),
(9641, 10252, 5, 539, '2024-04-06', 4803.21, 3902.83, 'APPROVED'),
(9642, 10378, 5, 506, '2023-04-23', 1321.07, 949.76, 'APPROVED'),
(9643, 10485, 1, 501, '2023-01-15', 4511.35, 3421.68, 'APPROVED'),
(9644, 10316, 3, 520, '2024-01-11', 6052.69, 5422.92, 'APPROVED'),
(9645, 10060, 2, 521, '2024-12-05', 4214.5, 2929.77, 'APPROVED'),
(9646, 10138, 3, 540, '2024-01-27', 7269.11, 0, 'DENIED'),
(9647, 10300, 4, 545, '2024-05-03', 1930.69, 1697.87, 'APPROVED'),
(9648, 10164, 1, 533, '2023-08-24', 3504.22, 3115.83, 'APPROVED'),
(9649, 10436, 5, 522, '2024-02-04', 1850.24, 1624.62, 'APPROVED'),
(9650, 10460, 5, 536, '2023-01-01', 7474.62, 5724.34, 'APPROVED'),
(9651, 10088, 5, 527, '2024-02-03', 2988.5, 2435.29, 'APPROVED'),
(9652, 10033, 3, 503, '2024-05-09', 3381.96, 0, 'DENIED'),
(9653, 10373, 2, 549, '2023-11-07', 3878.3, 0, 'DENIED'),
(9654, 10210, 3, 509, '2023-08-31', 2487.68, 1933.32, 'APPROVED'),
(9655, 10001, 3, 527, '2024-10-11', 6053.49, 5873.59, 'APPROVED'),
(9656, 10212, 3, 520, '2024-07-26', 4778.66, 3789.18, 'APPROVED'),
(9657, 10424, 4, 517, '2024-08-07', 6248.99, 0, 'DENIED'),
(9658, 10148, 1, 509, '2023-10-15', 259.47, 188.24, 'APPROVED'),
(9659, 10297, 5, 528, '2024-07-15', 6254.61, 0, 'DENIED'),
(9660, 10327, 5, 512, '2023-06-24', 785.86, 718.26, 'APPROVED'),
(9661, 10399, 1, 513, '2023-04-05', 2573.03, 2299.87, 'APPROVED'),
(9662, 10190, 2, 502, '2023-02-15', 5637.01, 4594.07, 'APPROVED'),
(9663, 10224, 4, 505, '2023-06-18', 5979.41, 4458.09, 'APPROVED'),
(9664, 10268, 3, 549, '2023-12-05', 6169.95, 5292.44, 'APPROVED'),
(9665, 10480, 5, 521, '2024-12-15', 3142.66, 2659.27, 'APPROVED'),
(9666, 10373, 1, 543, '2023-04-01', 5687.42, 3779.52, 'APPROVED'),
(9667, 10041, 1, 533, '2023-02-24', 184.77, 160.08, 'APPROVED'),
(9668, 10430, 4, 511, '2023-03-18', 974.64, 0, 'DENIED'),
(9669, 10292, 4, 542, '2023-04-22', 1607.57, 1161.71, 'APPROVED'),
(9670, 10232, 1, 515, '2023-07-13', 4950.26, 0, 'DENIED'),
(9671, 10277, 5, 524, '2023-09-04', 4055.81, 2730.48, 'APPROVED'),
(9672, 10397, 1, 516, '2023-09-08', 5492.93, 4060.15, 'APPROVED'),
(9673, 10453, 1, 545, '2024-12-26', 6704.74, 5417.52, 'APPROVED'),
(9674, 10491, 4, 544, '2024-02-18', 4093.92, 3135.55, 'APPROVED'),
(9675, 10438, 3, 530, '2023-12-22', 4222.6, 4020.91, 'APPROVED'),
(9676, 10146, 5, 549, '2023-04-13', 1344.13, 960.62, 'APPROVED'),
(9677, 10211, 5, 515, '2024-09-09', 673.03, 529.6, 'APPROVED'),
(9678, 10464, 2, 531, '2023-03-29', 7473.26, 5189.33, 'APPROVED'),
(9679, 10004, 2, 542, '2023-11-30', 6913.67, 0, 'DENIED'),
(9680, 10377, 4, 532, '2023-01-23', 3148.78, 2080.42, 'APPROVED'),
(9681, 10315, 4, 511, '2024-11-15', 5347.94, 4169.18, 'APPROVED'),
(9682, 10462, 2, 524, '2024-08-11', 2528.98, 2368.74, 'APPROVED'),
(9683, 10450, 2, 548, '2023-09-19', 3660.52, 2837.5, 'APPROVED'),
(9684, 10439, 2, 547, '2023-01-23', 1445.14, 1048.5, 'APPROVED'),
(9685, 10227, 5, 517, '2023-07-04', 6799.36, 5477.35, 'APPROVED'),
(9686, 10400, 3, 524, '2023-07-29', 485.79, 378.93, 'APPROVED'),
(9687, 10142, 3, 515, '2024-02-20', 332.92, 241.84, 'APPROVED'),
(9688, 10406, 5, 542, '2024-03-04', 4631.29, 4177.39, 'APPROVED'),
(9689, 10351, 1, 502, '2023-05-01', 3138.9, 2504.53, 'APPROVED'),
(9690, 10110, 1, 527, '2024-11-22', 3294.42, 3152.97, 'APPROVED'),
(9691, 10345, 5, 525, '2024-04-23', 6097.16, 5815.98, 'APPROVED'),
(9692, 10331, 5, 525, '2023-03-06', 5134.91, 3511.87, 'APPROVED'),
(9693, 10058, 1, 535, '2023-06-07', 1967.07, 1391.65, 'APPROVED'),
(9694, 10125, 2, 548, '2023-01-06', 594.8, 553.8, 'APPROVED'),
(9695, 10081, 4, 505, '2024-04-25', 6180.84, 4018.33, 'APPROVED'),
(9696, 10420, 2, 523, '2024-04-11', 7302.22, 5188.54, 'APPROVED'),
(9697, 10432, 4, 536, '2023-11-23', 7368.69, 0, 'DENIED'),
(9698, 10355, 3, 525, '2023-10-17', 635.74, 464.41, 'APPROVED'),
(9699, 10188, 5, 526, '2023-12-19', 4604.67, 3976.27, 'APPROVED'),
(9700, 10428, 1, 536, '2024-05-03', 2425.85, 1778.42, 'APPROVED'),
(9701, 10115, 3, 531, '2024-02-25', 674.41, 518.08, 'APPROVED'),
(9702, 10051, 5, 539, '2024-05-19', 6012.17, 5359.58, 'APPROVED'),
(9703, 10335, 5, 519, '2024-10-19', 3865.9, 2619.57, 'APPROVED'),
(9704, 10488, 3, 514, '2023-05-09', 6698.01, 6267.73, 'APPROVED'),
(9705, 10127, 5, 518, '2024-06-19', 5116.88, 0, 'DENIED'),
(9706, 10032, 5, 509, '2023-03-18', 6967.27, 6501.58, 'APPROVED'),
(9707, 10475, 3, 545, '2023-07-28', 4876.18, 4606.79, 'APPROVED'),
(9708, 10130, 3, 534, '2024-05-24', 3433.64, 2327.23, 'APPROVED'),
(9709, 10071, 1, 529, '2024-01-20', 4185.63, 0, 'DENIED'),
(9710, 10020, 3, 515, '2024-11-04', 6576.51, 0, 'DENIED'),
(9711, 10329, 3, 507, '2024-02-27', 6035.54, 3957.53, 'APPROVED'),
(9712, 10330, 5, 513, '2023-02-15', 7114.3, 0, 'DENIED'),
(9713, 10332, 1, 527, '2023-05-05', 7227.76, 5671.88, 'APPROVED'),
(9714, 10276, 1, 516, '2024-12-17', 4601.42, 0, 'DENIED'),
(9715, 10289, 5, 527, '2024-11-23', 1069.96, 0, 'DENIED'),
(9716, 10448, 3, 537, '2024-07-22', 3873.08, 2647.9, 'APPROVED'),
(9717, 10261, 1, 524, '2023-12-19', 3205.64, 2102.58, 'APPROVED'),
(9718, 10106, 3, 509, '2024-11-13', 5298.12, 4606.05, 'APPROVED'),
(9719, 10045, 4, 524, '2023-06-22', 938.85, 897.77, 'APPROVED'),
(9720, 10405, 2, 519, '2023-06-03', 5245.81, 4563.38, 'APPROVED'),
(9721, 10046, 1, 513, '2023-06-14', 6402.27, 6039.56, 'APPROVED'),
(9722, 10052, 5, 512, '2023-08-15', 5954.84, 0, 'DENIED'),
(9723, 10320, 3, 540, '2023-04-13', 2509.48, 1670.39, 'APPROVED'),
(9724, 10372, 4, 549, '2023-09-28', 4544.44, 3257.39, 'APPROVED'),
(9725, 10041, 1, 537, '2023-07-25', 5687.19, 5079.25, 'APPROVED'),
(9726, 10326, 4, 550, '2024-05-17', 4480.6, 3367.7, 'APPROVED'),
(9727, 10315, 1, 531, '2023-03-17', 3799.72, 0, 'DENIED'),
(9728, 10382, 4, 523, '2023-11-25', 3043.03, 2500.07, 'APPROVED'),
(9729, 10096, 2, 505, '2024-06-08', 1847.66, 1749.85, 'APPROVED'),
(9730, 10345, 5, 521, '2024-04-25', 1065.57, 0, 'DENIED'),
(9731, 10321, 1, 514, '2024-08-09', 7109.97, 0, 'DENIED'),
(9732, 10049, 1, 546, '2023-10-06', 5548.72, 4523.8, 'APPROVED'),
(9733, 10038, 1, 519, '2023-09-13', 3258.81, 2810.1, 'APPROVED'),
(9734, 10011, 4, 541, '2023-05-07', 5562.17, 4076.76, 'APPROVED'),
(9735, 10310, 5, 523, '2024-02-20', 2870.95, 2696.28, 'APPROVED'),
(9736, 10460, 3, 501, '2023-10-18', 568.25, 541.43, 'APPROVED'),
(9737, 10194, 1, 534, '2024-07-20', 6402.38, 0, 'DENIED'),
(9738, 10171, 5, 539, '2024-11-27', 676.21, 448.43, 'APPROVED'),
(9739, 10130, 1, 528, '2023-02-04', 4183.7, 3693.22, 'APPROVED'),
(9740, 10488, 1, 523, '2024-04-18', 7227.25, 7062.91, 'APPROVED'),
(9741, 10315, 5, 539, '2024-12-12', 6296.73, 5959.38, 'APPROVED'),
(9742, 10069, 4, 542, '2024-08-02', 3257.35, 2924.61, 'APPROVED'),
(9743, 10041, 2, 519, '2024-05-26', 4741.29, 3177.1, 'APPROVED'),
(9744, 10058, 5, 520, '2024-02-26', 6152.14, 5165.07, 'APPROVED'),
(9745, 10168, 1, 534, '2023-09-22', 6215.59, 0, 'DENIED'),
(9746, 10335, 2, 532, '2024-12-22', 3344.19, 3127.22, 'APPROVED'),
(9747, 10096, 2, 531, '2024-07-25', 1794.84, 1308.36, 'APPROVED'),
(9748, 10185, 1, 542, '2024-12-26', 7468.6, 6941.55, 'APPROVED'),
(9749, 10036, 4, 513, '2024-03-01', 1321.16, 1213.53, 'APPROVED'),
(9750, 10386, 4, 538, '2024-09-24', 1657.7, 0, 'DENIED'),
(9751, 10090, 4, 503, '2024-05-31', 1972.91, 1552.73, 'APPROVED'),
(9752, 10373, 2, 546, '2023-03-16', 3709.83, 3459.81, 'APPROVED'),
(9753, 10438, 4, 527, '2023-07-30', 1369.01, 0, 'DENIED'),
(9754, 10463, 1, 516, '2024-09-12', 4328.91, 0, 'DENIED'),
(9755, 10361, 4, 540, '2024-01-12', 2136.43, 1558.23, 'APPROVED'),
(9756, 10386, 1, 533, '2024-02-15', 2696.65, 2279.96, 'APPROVED'),
(9757, 10495, 5, 521, '2023-03-29', 5624.73, 5269.59, 'APPROVED'),
(9758, 10013, 3, 515, '2023-12-16', 2500.63, 2045.34, 'APPROVED'),
(9759, 10086, 2, 520, '2024-10-08', 2413.78, 2144.91, 'APPROVED'),
(9760, 10476, 3, 506, '2023-06-16', 1820.0, 1235.66, 'APPROVED'),
(9761, 10074, 1, 532, '2024-07-08', 3016.56, 0, 'DENIED'),
(9762, 10486, 1, 524, '2023-07-17', 1106.58, 938.68, 'APPROVED'),
(9763, 10022, 5, 531, '2023-02-17', 5055.35, 3988.76, 'APPROVED'),
(9764, 10361, 3, 507, '2024-02-05', 917.96, 0, 'DENIED'),
(9765, 10175, 5, 508, '2023-02-15', 5076.4, 0, 'DENIED'),
(9766, 10483, 4, 522, '2023-10-26', 2583.31, 1726.86, 'APPROVED'),
(9767, 10301, 4, 549, '2023-01-03', 5753.82, 4692.21, 'APPROVED'),
(9768, 10250, 4, 534, '2023-12-22', 861.34, 685.04, 'APPROVED'),
(9769, 10368, 2, 544, '2024-10-14', 5873.46, 5722.49, 'APPROVED'),
(9770, 10107, 2, 506, '2024-04-28', 5242.66, 4696.65, 'APPROVED'),
(9771, 10134, 1, 522, '2024-04-22', 1724.73, 0, 'DENIED'),
(9772, 10246, 5, 507, '2023-03-03', 2346.76, 1659.44, 'APPROVED'),
(9773, 10130, 4, 550, '2023-10-08', 4302.72, 3006.98, 'APPROVED'),
(9774, 10053, 2, 543, '2024-07-09', 6515.92, 4312.32, 'APPROVED'),
(9775, 10166, 1, 534, '2023-11-06', 4129.58, 3570.1, 'APPROVED'),
(9776, 10066, 2, 527, '2023-08-06', 3415.02, 3287.22, 'APPROVED'),
(9777, 10345, 3, 524, '2024-12-22', 2331.64, 1983.51, 'APPROVED'),
(9778, 10293, 3, 512, '2024-10-18', 161.55, 116.89, 'APPROVED'),
(9779, 10464, 5, 509, '2024-07-09', 3783.46, 0, 'DENIED'),
(9780, 10253, 1, 514, '2023-11-18', 176.77, 139.93, 'APPROVED'),
(9781, 10264, 1, 524, '2024-10-23', 3563.58, 3182.69, 'APPROVED'),
(9782, 10363, 2, 524, '2023-03-31', 5281.76, 5115.11, 'APPROVED'),
(9783, 10374, 4, 521, '2024-01-27', 3663.01, 3478.81, 'APPROVED'),
(9784, 10475, 3, 539, '2024-06-17', 777.33, 568.79, 'APPROVED'),
(9785, 10198, 2, 532, '2023-01-12', 6167.83, 4161.16, 'APPROVED'),
(9786, 10302, 1, 536, '2023-03-02', 4140.1, 3889.19, 'APPROVED'),
(9787, 10333, 5, 510, '2024-01-18', 6672.94, 0, 'DENIED'),
(9788, 10181, 5, 514, '2023-09-02', 5853.08, 5024.48, 'APPROVED'),
(9789, 10399, 5, 509, '2024-05-07', 2340.45, 0, 'DENIED'),
(9790, 10073, 3, 522, '2023-02-02', 899.49, 843.73, 'APPROVED'),
(9791, 10485, 2, 502, '2023-06-10', 489.86, 397.57, 'APPROVED'),
(9792, 10341, 5, 534, '2023-09-23', 862.35, 0, 'DENIED'),
(9793, 10476, 5, 539, '2024-01-05', 3887.4, 3756.43, 'APPROVED'),
(9794, 10474, 4, 533, '2023-09-16', 5756.16, 5453.63, 'APPROVED'),
(9795, 10328, 2, 522, '2023-09-03', 6942.15, 5327.77, 'APPROVED'),
(9796, 10483, 3, 545, '2023-12-26', 5687.96, 0, 'DENIED'),
(9797, 10175, 2, 511, '2024-12-20', 5557.36, 4843.35, 'APPROVED'),
(9798, 10093, 1, 542, '2023-02-22', 5903.1, 4263.21, 'APPROVED'),
(9799, 10326, 2, 535, '2024-10-21', 4719.42, 4307.05, 'APPROVED'),
(9800, 10233, 1, 528, '2024-04-14', 6920.32, 5103.37, 'APPROVED'),
(9801, 10008, 3, 526, '2024-12-14', 6959.53, 6682.99, 'APPROVED'),
(9802, 10241, 5, 543, '2023-12-21', 959.45, 794.96, 'APPROVED'),
(9803, 10424, 2, 503, '2024-04-18', 7279.9, 6417.31, 'APPROVED'),
(9804, 10152, 1, 529, '2024-06-16', 5435.22, 4255.35, 'APPROVED'),
(9805, 10429, 4, 521, '2023-03-02', 1960.08, 1463.29, 'APPROVED'),
(9806, 10075, 2, 549, '2024-07-18', 2498.5, 0, 'DENIED'),
(9807, 10481, 2, 528, '2024-04-07', 6805.96, 6391.69, 'APPROVED'),
(9808, 10178, 5, 507, '2024-07-26', 4925.81, 4172.72, 'APPROVED'),
(9809, 10420, 5, 542, '2024-08-30', 5186.13, 4946.91, 'APPROVED'),
(9810, 10112, 5, 504, '2024-12-06', 5107.61, 4987.19, 'APPROVED'),
(9811, 10211, 5, 526, '2023-07-19', 1234.64, 1075.3, 'APPROVED'),
(9812, 10109, 3, 539, '2023-11-27', 6092.86, 0, 'DENIED'),
(9813, 10381, 5, 541, '2024-11-22', 6621.79, 0, 'DENIED'),
(9814, 10022, 5, 517, '2023-11-02', 5802.34, 5390.04, 'APPROVED'),
(9815, 10391, 1, 534, '2023-02-27', 4351.02, 3513.89, 'APPROVED'),
(9816, 10193, 4, 534, '2024-03-09', 7487.03, 4983.46, 'APPROVED'),
(9817, 10453, 2, 521, '2024-02-09', 178.35, 123.95, 'APPROVED'),
(9818, 10458, 2, 521, '2024-12-27', 5912.88, 3970.78, 'APPROVED'),
(9819, 10413, 1, 507, '2023-08-07', 3101.39, 2969.17, 'APPROVED'),
(9820, 10105, 4, 513, '2023-09-12', 157.09, 146.53, 'APPROVED'),
(9821, 10155, 5, 540, '2024-06-26', 5411.25, 5240.92, 'APPROVED'),
(9822, 10275, 3, 550, '2023-03-28', 2433.95, 0, 'DENIED'),
(9823, 10500, 5, 513, '2023-08-08', 2738.27, 0, 'DENIED'),
(9824, 10402, 4, 541, '2024-09-06', 5988.93, 5242.43, 'APPROVED'),
(9825, 10248, 5, 532, '2023-11-24', 4338.29, 3281.8, 'APPROVED'),
(9826, 10245, 4, 546, '2024-12-04', 1886.41, 1379.38, 'APPROVED'),
(9827, 10175, 2, 515, '2024-07-09', 521.66, 0, 'DENIED'),
(9828, 10479, 4, 512, '2024-11-18', 1411.28, 1351.72, 'APPROVED'),
(9829, 10441, 5, 510, '2023-10-21', 4957.1, 0, 'DENIED'),
(9830, 10030, 1, 542, '2024-04-20', 844.27, 798.47, 'APPROVED'),
(9831, 10490, 2, 508, '2024-04-06', 4108.47, 0, 'DENIED'),
(9832, 10308, 3, 505, '2024-09-24', 219.09, 213.58, 'APPROVED'),
(9833, 10163, 2, 506, '2024-10-14', 7073.16, 6392.46, 'APPROVED'),
(9834, 10425, 1, 519, '2024-05-05', 2139.38, 1688.01, 'APPROVED'),
(9835, 10188, 2, 550, '2024-03-12', 1516.09, 1363.2, 'APPROVED'),
(9836, 10039, 1, 525, '2023-06-27', 5170.23, 0, 'DENIED'),
(9837, 10192, 3, 525, '2023-04-05', 4698.87, 3877.6, 'APPROVED'),
(9838, 10197, 2, 541, '2024-10-10', 2738.05, 0, 'DENIED'),
(9839, 10376, 3, 511, '2024-03-28', 2277.52, 1935.91, 'APPROVED'),
(9840, 10042, 2, 540, '2024-10-14', 3276.45, 0, 'DENIED'),
(9841, 10381, 3, 544, '2023-08-03', 1402.67, 1079.32, 'APPROVED'),
(9842, 10320, 2, 540, '2023-05-05', 2559.26, 0, 'DENIED'),
(9843, 10379, 3, 508, '2023-09-25', 1181.68, 1093.94, 'APPROVED'),
(9844, 10087, 2, 521, '2024-01-21', 1231.52, 1098.14, 'APPROVED'),
(9845, 10178, 4, 517, '2023-03-07', 6058.45, 4892.8, 'APPROVED'),
(9846, 10270, 2, 547, '2024-01-05', 5011.56, 4133.07, 'APPROVED'),
(9847, 10405, 1, 529, '2024-12-08', 3340.16, 2793.69, 'APPROVED'),
(9848, 10256, 3, 501, '2023-09-24', 2075.83, 1439.7, 'APPROVED'),
(9849, 10180, 3, 534, '2024-12-17', 2189.76, 1585.26, 'APPROVED'),
(9850, 10085, 4, 503, '2023-11-27', 3127.91, 2415.09, 'APPROVED'),
(9851, 10366, 4, 510, '2024-11-11', 7481.87, 0, 'DENIED'),
(9852, 10055, 3, 529, '2023-05-05', 1561.89, 1105.27, 'APPROVED'),
(9853, 10232, 2, 526, '2023-09-28', 2819.4, 2428.04, 'APPROVED'),
(9854, 10140, 3, 528, '2023-06-02', 3316.33, 2604.41, 'APPROVED'),
(9855, 10272, 3, 521, '2024-10-13', 4046.07, 3297.16, 'APPROVED'),
(9856, 10050, 2, 515, '2023-09-27', 3793.06, 0, 'DENIED'),
(9857, 10276, 2, 517, '2024-09-15', 3628.75, 0, 'DENIED'),
(9858, 10044, 5, 538, '2023-05-05', 2342.52, 2207.31, 'APPROVED'),
(9859, 10260, 2, 550, '2023-02-21', 4247.99, 3785.61, 'APPROVED'),
(9860, 10191, 1, 541, '2024-10-09', 6319.1, 4611.38, 'APPROVED'),
(9861, 10002, 1, 513, '2023-05-19', 2738.01, 2652.41, 'APPROVED'),
(9862, 10465, 4, 528, '2023-02-16', 5742.36, 4185.24, 'APPROVED'),
(9863, 10046, 1, 536, '2024-07-17', 238.8, 220.57, 'APPROVED'),
(9864, 10471, 1, 504, '2024-04-12', 6283.43, 4436.31, 'APPROVED'),
(9865, 10276, 4, 520, '2024-06-16', 7352.0, 6984.91, 'APPROVED'),
(9866, 10359, 4, 519, '2024-10-22', 6055.32, 4636.07, 'APPROVED'),
(9867, 10348, 2, 526, '2023-01-31', 5290.48, 4699.51, 'APPROVED'),
(9868, 10395, 2, 521, '2023-07-16', 4927.28, 3539.86, 'APPROVED'),
(9869, 10211, 2, 515, '2024-06-13', 1094.59, 0, 'DENIED'),
(9870, 10349, 1, 538, '2023-06-19', 5943.33, 5195.35, 'APPROVED'),
(9871, 10452, 5, 540, '2023-09-06', 1800.37, 1355.87, 'APPROVED'),
(9872, 10091, 3, 518, '2024-08-21', 7203.6, 4816.86, 'APPROVED'),
(9873, 10288, 4, 533, '2024-06-08', 7040.64, 0, 'DENIED'),
(9874, 10004, 1, 512, '2024-10-03', 7250.86, 0, 'DENIED'),
(9875, 10175, 4, 510, '2023-04-15', 5156.41, 4109.17, 'APPROVED'),
(9876, 10406, 4, 514, '2024-01-19', 5977.99, 4469.3, 'APPROVED'),
(9877, 10327, 5, 538, '2023-04-01', 6013.35, 0, 'DENIED'),
(9878, 10218, 4, 503, '2024-02-02', 5421.26, 3661.4, 'APPROVED'),
(9879, 10458, 5, 503, '2023-11-15', 4430.84, 3484.44, 'APPROVED'),
(9880, 10013, 5, 507, '2024-09-26', 346.01, 0, 'DENIED'),
(9881, 10006, 4, 536, '2024-10-15', 6726.38, 5621.71, 'APPROVED'),
(9882, 10496, 1, 530, '2024-01-12', 926.15, 849.1, 'APPROVED'),
(9883, 10201, 4, 508, '2023-03-13', 1986.43, 1539.3, 'APPROVED'),
(9884, 10173, 4, 527, '2023-03-27', 5873.01, 4548.05, 'APPROVED'),
(9885, 10248, 5, 516, '2024-10-17', 4037.45, 2901.58, 'APPROVED'),
(9886, 10324, 2, 538, '2023-12-09', 3325.56, 2237.15, 'APPROVED'),
(9887, 10357, 5, 507, '2024-10-18', 3432.01, 2579.07, 'APPROVED'),
(9888, 10348, 2, 535, '2023-08-24', 1174.6, 955.71, 'APPROVED'),
(9889, 10320, 4, 550, '2023-01-28', 6125.45, 4025.06, 'APPROVED'),
(9890, 10418, 5, 538, '2024-02-21', 1303.27, 0, 'DENIED'),
(9891, 10028, 5, 527, '2024-11-23', 1961.92, 1698.8, 'APPROVED'),
(9892, 10071, 5, 547, '2023-08-20', 2184.47, 0, 'DENIED'),
(9893, 10259, 1, 546, '2024-01-15', 4506.32, 4229.98, 'APPROVED'),
(9894, 10052, 2, 503, '2023-06-23', 3192.09, 2753.02, 'APPROVED'),
(9895, 10179, 1, 511, '2023-06-16', 110.19, 79.31, 'APPROVED'),
(9896, 10306, 1, 534, '2024-04-21', 529.63, 427.31, 'APPROVED'),
(9897, 10027, 4, 516, '2024-07-26', 3450.28, 3150.36, 'APPROVED'),
(9898, 10002, 1, 517, '2024-10-12', 1207.47, 1122.39, 'APPROVED'),
(9899, 10500, 3, 542, '2024-09-22', 2603.61, 1985.45, 'APPROVED'),
(9900, 10233, 2, 501, '2023-12-08', 6342.21, 5581.32, 'APPROVED'),
(9901, 10151, 1, 525, '2024-08-12', 4387.67, 4254.84, 'APPROVED'),
(9902, 10257, 1, 510, '2023-07-08', 4684.71, 4497.57, 'APPROVED'),
(9903, 10221, 3, 508, '2024-02-01', 5531.56, 4670.52, 'APPROVED'),
(9904, 10184, 5, 505, '2024-05-28', 2045.56, 1906.25, 'APPROVED'),
(9905, 10248, 2, 505, '2024-10-28', 5447.59, 4327.05, 'APPROVED'),
(9906, 10411, 1, 524, '2024-10-08', 1546.8, 1148.76, 'APPROVED'),
(9907, 10035, 1, 547, '2024-02-15', 1531.52, 1105.66, 'APPROVED'),
(9908, 10077, 1, 547, '2024-12-16', 4598.78, 3941.22, 'APPROVED'),
(9909, 10256, 1, 523, '2023-04-26', 7385.61, 5076.11, 'APPROVED'),
(9910, 10454, 4, 510, '2024-09-27', 3320.12, 2302.79, 'APPROVED'),
(9911, 10422, 2, 542, '2024-03-04', 6837.79, 4877.76, 'APPROVED'),
(9912, 10174, 2, 540, '2024-02-08', 3499.49, 3001.98, 'APPROVED'),
(9913, 10352, 5, 526, '2024-10-09', 4547.41, 3393.87, 'APPROVED'),
(9914, 10182, 3, 503, '2023-10-04', 1297.14, 959.75, 'APPROVED'),
(9915, 10290, 3, 515, '2023-02-27', 4131.53, 0, 'DENIED'),
(9916, 10476, 4, 514, '2023-08-17', 6145.84, 4869.34, 'APPROVED'),
(9917, 10029, 3, 544, '2024-09-01', 4476.88, 0, 'DENIED'),
(9918, 10456, 1, 544, '2023-04-12', 1210.52, 953.52, 'APPROVED'),
(9919, 10201, 1, 511, '2023-09-12', 1950.27, 1825.63, 'APPROVED'),
(9920, 10262, 1, 521, '2024-10-25', 6744.7, 6511.4, 'APPROVED'),
(9921, 10202, 5, 513, '2023-07-30', 4286.9, 2843.71, 'APPROVED'),
(9922, 10060, 4, 536, '2024-11-15', 3921.18, 2732.7, 'APPROVED'),
(9923, 10438, 4, 504, '2023-12-16', 2885.31, 2680.6, 'APPROVED'),
(9924, 10049, 5, 518, '2023-08-24', 1769.69, 1259.35, 'APPROVED'),
(9925, 10496, 3, 516, '2024-04-23', 5824.56, 3944.29, 'APPROVED'),
(9926, 10286, 5, 507, '2024-06-05', 5795.99, 0, 'DENIED'),
(9927, 10495, 4, 522, '2024-03-04', 2912.77, 2613.1, 'APPROVED'),
(9928, 10371, 2, 541, '2023-12-07', 5717.53, 4172.32, 'APPROVED'),
(9929, 10176, 3, 526, '2024-01-07', 5010.54, 4803.05, 'APPROVED'),
(9930, 10027, 1, 540, '2024-07-05', 4635.12, 0, 'DENIED'),
(9931, 10009, 5, 527, '2023-12-05', 2018.23, 0, 'DENIED'),
(9932, 10434, 3, 513, '2024-02-09', 6944.08, 4919.05, 'APPROVED'),
(9933, 10159, 1, 512, '2024-12-13', 1958.48, 0, 'DENIED'),
(9934, 10256, 3, 522, '2024-07-08', 4083.75, 3834.82, 'APPROVED'),
(9935, 10012, 5, 508, '2024-11-11', 2487.43, 1852.56, 'APPROVED'),
(9936, 10171, 1, 527, '2023-09-13', 2365.32, 1651.01, 'APPROVED'),
(9937, 10335, 4, 519, '2024-08-19', 1869.8, 1591.03, 'APPROVED'),
(9938, 10154, 1, 520, '2024-07-14', 4723.38, 4607.08, 'APPROVED'),
(9939, 10068, 5, 531, '2023-08-10', 3963.86, 3302.18, 'APPROVED'),
(9940, 10158, 3, 505, '2024-02-12', 5085.91, 3613.59, 'APPROVED'),
(9941, 10114, 2, 509, '2023-02-19', 509.23, 462.54, 'APPROVED'),
(9942, 10221, 3, 514, '2023-01-05', 4559.43, 3280.46, 'APPROVED'),
(9943, 10170, 1, 527, '2024-10-06', 6517.97, 4278.7, 'APPROVED'),
(9944, 10124, 1, 529, '2023-03-03', 1253.28, 0, 'DENIED'),
(9945, 10345, 2, 524, '2024-01-21', 4461.76, 0, 'DENIED'),
(9946, 10366, 2, 527, '2023-07-12', 1847.33, 1712.48, 'APPROVED'),
(9947, 10068, 3, 524, '2024-06-04', 2374.64, 2003.39, 'APPROVED'),
(9948, 10369, 2, 541, '2023-03-16', 5867.37, 0, 'DENIED'),
(9949, 10283, 1, 543, '2024-12-20', 5873.88, 4972.03, 'APPROVED'),
(9950, 10286, 2, 538, '2024-12-11', 407.71, 307.92, 'APPROVED'),
(9951, 10256, 1, 531, '2023-03-29', 7215.29, 6482.71, 'APPROVED'),
(9952, 10336, 3, 503, '2023-02-07', 4535.81, 3201.27, 'APPROVED'),
(9953, 10296, 2, 521, '2024-08-07', 6579.83, 5433.98, 'APPROVED'),
(9954, 10079, 4, 527, '2023-05-20', 2953.4, 2038.55, 'APPROVED'),
(9955, 10235, 1, 528, '2024-12-20', 4475.04, 4274.59, 'APPROVED'),
(9956, 10213, 3, 502, '2023-10-19', 6586.82, 5412.62, 'APPROVED'),
(9957, 10011, 3, 535, '2023-07-07', 389.32, 302.29, 'APPROVED'),
(9958, 10224, 2, 547, '2024-12-10', 3818.19, 3586.0, 'APPROVED'),
(9959, 10237, 1, 504, '2024-10-02', 4121.89, 0, 'DENIED'),
(9960, 10494, 3, 549, '2024-10-26', 4128.02, 3744.06, 'APPROVED'),
(9961, 10134, 2, 525, '2024-02-13', 3752.66, 2880.89, 'APPROVED'),
(9962, 10340, 2, 534, '2024-02-28', 3958.3, 0, 'DENIED'),
(9963, 10006, 2, 542, '2024-01-14', 5575.38, 3885.91, 'APPROVED'),
(9964, 10403, 3, 548, '2024-01-06', 7029.32, 5445.77, 'APPROVED'),
(9965, 10377, 3, 550, '2023-11-25', 6397.3, 4873.98, 'APPROVED'),
(9966, 10283, 5, 518, '2024-03-13', 6587.67, 4740.45, 'APPROVED'),
(9967, 10007, 3, 502, '2023-04-24', 5956.28, 5810.06, 'APPROVED'),
(9968, 10155, 1, 528, '2024-10-06', 3530.99, 3142.93, 'APPROVED'),
(9969, 10070, 1, 547, '2024-12-14', 5059.74, 0, 'DENIED'),
(9970, 10251, 1, 514, '2023-01-11', 850.48, 0, 'DENIED'),
(9971, 10496, 1, 514, '2023-03-29', 3745.02, 3008.63, 'APPROVED'),
(9972, 10182, 5, 550, '2024-07-26', 4604.31, 3147.1, 'APPROVED'),
(9973, 10203, 1, 514, '2024-02-27', 1626.52, 1532.12, 'APPROVED'),
(9974, 10024, 4, 545, '2024-01-25', 732.7, 715.24, 'APPROVED'),
(9975, 10153, 4, 503, '2024-04-06', 6643.38, 0, 'DENIED'),
(9976, 10168, 2, 521, '2023-03-25', 4958.33, 4838.88, 'APPROVED'),
(9977, 10153, 2, 525, '2024-11-11', 3266.06, 3199.6, 'APPROVED'),
(9978, 10364, 2, 510, '2024-11-30', 5788.25, 4319.04, 'APPROVED'),
(9979, 10387, 3, 517, '2023-03-02', 1687.09, 1341.1, 'APPROVED'),
(9980, 10390, 2, 504, '2024-06-19', 7346.98, 7087.34, 'APPROVED'),
(9981, 10415, 5, 531, '2023-12-01', 4691.89, 3271.24, 'APPROVED'),
(9982, 10100, 5, 517, '2024-04-23', 4827.41, 3798.22, 'APPROVED'),
(9983, 10021, 5, 501, '2023-06-25', 3686.23, 2510.32, 'APPROVED'),
(9984, 10425, 4, 516, '2024-06-29', 2326.09, 0, 'DENIED'),
(9985, 10486, 4, 520, '2024-10-17', 7185.63, 4873.57, 'APPROVED'),
(9986, 10194, 3, 525, '2023-01-14', 2044.58, 1572.51, 'APPROVED'),
(9987, 10386, 2, 514, '2024-06-27', 4438.46, 4312.05, 'APPROVED'),
(9988, 10492, 1, 525, '2024-11-18', 304.03, 233.91, 'APPROVED'),
(9989, 10121, 2, 516, '2024-10-20', 6786.02, 6049.96, 'APPROVED'),
(9990, 10291, 4, 522, '2024-03-15', 5120.24, 4432.76, 'APPROVED'),
(9991, 10405, 1, 532, '2023-05-26', 2976.18, 2486.6, 'APPROVED'),
(9992, 10276, 4, 509, '2024-01-18', 7176.7, 0, 'DENIED'),
(9993, 10294, 1, 509, '2023-12-12', 390.84, 285.09, 'APPROVED'),
(9994, 10494, 4, 548, '2024-01-19', 4977.15, 3500.49, 'APPROVED'),
(9995, 10364, 5, 529, '2024-08-04', 6785.94, 5122.03, 'APPROVED'),
(9996, 10318, 3, 543, '2023-09-08', 7493.47, 6897.01, 'APPROVED'),
(9997, 10091, 3, 508, '2023-12-22', 264.21, 223.24, 'APPROVED'),
(9998, 10194, 4, 528, '2023-11-15', 4269.33, 2789.31, 'APPROVED'),
(9999, 10114, 1, 530, '2023-03-22', 521.91, 397.26, 'APPROVED'),
(10000, 10067, 3, 540, '2024-01-10', 1110.21, 823.13, 'APPROVED'),
(10001, 10026, 4, 508, '2023-06-16', 3324.45, 2903.67, 'APPROVED'),
(10002, 10060, 2, 531, '2024-11-11', 4610.05, 3829.32, 'APPROVED'),
(10003, 10120, 5, 545, '2024-06-03', 6940.9, 4560.33, 'APPROVED'),
(10004, 10139, 1, 523, '2023-02-09', 6580.43, 0, 'DENIED'),
(10005, 10061, 4, 527, '2023-06-20', 6129.7, 4628.59, 'APPROVED'),
(10006, 10380, 4, 531, '2023-12-06', 3226.22, 0, 'DENIED'),
(10007, 10286, 2, 510, '2024-07-23', 2431.31, 1883.37, 'APPROVED'),
(10008, 10387, 5, 527, '2024-05-09', 4697.99, 4320.91, 'APPROVED'),
(10009, 10377, 1, 513, '2024-06-10', 6245.64, 0, 'DENIED'),
(10010, 10326, 5, 515, '2024-01-03', 853.73, 0, 'DENIED'),
(10011, 10364, 4, 504, '2024-01-20', 5093.01, 4888.23, 'APPROVED'),
(10012, 10073, 1, 546, '2024-09-30', 5432.87, 4138.48, 'APPROVED'),
(10013, 10242, 5, 503, '2024-10-28', 6799.32, 5391.82, 'APPROVED'),
(10014, 10160, 4, 537, '2024-07-07', 6807.86, 5933.97, 'APPROVED'),
(10015, 10463, 3, 541, '2023-01-13', 5700.0, 4779.69, 'APPROVED'),
(10016, 10357, 2, 533, '2024-11-03', 6271.34, 5193.61, 'APPROVED'),
(10017, 10343, 3, 507, '2024-01-13', 3202.23, 0, 'DENIED'),
(10018, 10370, 5, 532, '2024-02-23', 3367.54, 3169.03, 'APPROVED'),
(10019, 10248, 5, 528, '2023-07-25', 6593.84, 4546.68, 'APPROVED'),
(10020, 10239, 2, 546, '2023-09-24', 6951.08, 4984.96, 'APPROVED'),
(10021, 10013, 5, 511, '2024-05-25', 2231.25, 1836.9, 'APPROVED'),
(10022, 10118, 5, 501, '2024-04-03', 1910.79, 0, 'DENIED'),
(10023, 10281, 5, 549, '2023-05-08', 5764.14, 4957.97, 'APPROVED'),
(10024, 10401, 5, 510, '2023-10-24', 314.0, 270.45, 'APPROVED'),
(10025, 10441, 1, 506, '2023-07-09', 4714.78, 0, 'DENIED'),
(10026, 10059, 3, 528, '2024-08-15', 1824.85, 1310.19, 'APPROVED'),
(10027, 10004, 2, 505, '2024-10-23', 1260.03, 0, 'DENIED'),
(10028, 10147, 2, 529, '2024-04-15', 2249.6, 0, 'DENIED'),
(10029, 10284, 1, 544, '2024-06-20', 3041.25, 2630.79, 'APPROVED'),
(10030, 10433, 3, 538, '2023-05-08', 5406.08, 4452.14, 'APPROVED'),
(10031, 10066, 2, 528, '2024-12-21', 1506.65, 1215.62, 'APPROVED'),
(10032, 10086, 2, 519, '2024-04-08', 4293.47, 0, 'DENIED'),
(10033, 10432, 3, 536, '2023-09-07', 97.92, 76.73, 'APPROVED'),
(10034, 10301, 4, 520, '2024-10-20', 4276.77, 3669.74, 'APPROVED'),
(10035, 10454, 4, 533, '2024-03-12', 4423.46, 3137.61, 'APPROVED'),
(10036, 10349, 4, 527, '2024-07-07', 5229.77, 5057.52, 'APPROVED'),
(10037, 10212, 2, 527, '2023-01-13', 3899.83, 2787.61, 'APPROVED'),
(10038, 10134, 2, 536, '2023-12-17', 783.82, 523.99, 'APPROVED'),
(10039, 10076, 3, 516, '2024-11-11', 7440.02, 5289.88, 'APPROVED'),
(10040, 10402, 4, 510, '2024-08-20', 444.25, 313.39, 'APPROVED'),
(10041, 10136, 5, 505, '2023-09-05', 1459.78, 1180.59, 'APPROVED'),
(10042, 10134, 3, 512, '2023-07-05', 6565.99, 0, 'DENIED'),
(10043, 10467, 1, 534, '2024-10-01', 4664.24, 3760.44, 'APPROVED'),
(10044, 10273, 5, 508, '2024-11-14', 6793.53, 5475.64, 'APPROVED'),
(10045, 10040, 5, 501, '2023-04-13', 4062.4, 0, 'DENIED'),
(10046, 10280, 4, 531, '2023-06-26', 6637.91, 6502.76, 'APPROVED'),
(10047, 10232, 1, 508, '2023-11-22', 768.92, 699.71, 'APPROVED'),
(10048, 10361, 3, 509, '2023-11-02', 2891.21, 0, 'DENIED'),
(10049, 10241, 2, 506, '2023-11-20', 2797.42, 2536.01, 'APPROVED'),
(10050, 10181, 4, 549, '2023-04-24', 1913.66, 1841.35, 'APPROVED'),
(10051, 10277, 3, 502, '2024-05-30', 3692.34, 3033.26, 'APPROVED'),
(10052, 10371, 5, 524, '2023-03-01', 4111.75, 3135.3, 'APPROVED'),
(10053, 10411, 5, 522, '2024-07-19', 5023.55, 3524.83, 'APPROVED'),
(10054, 10139, 3, 518, '2024-09-25', 2002.68, 1809.24, 'APPROVED'),
(10055, 10015, 4, 536, '2024-12-20', 690.26, 586.69, 'APPROVED'),
(10056, 10287, 3, 542, '2024-04-05', 6874.31, 6070.97, 'APPROVED'),
(10057, 10498, 3, 524, '2023-10-16', 2899.24, 2477.36, 'APPROVED'),
(10058, 10027, 2, 541, '2024-02-26', 2303.29, 1883.56, 'APPROVED'),
(10059, 10125, 3, 534, '2023-11-20', 1618.47, 1274.56, 'APPROVED'),
(10060, 10396, 3, 513, '2023-03-22', 2036.26, 1838.06, 'APPROVED'),
(10061, 10454, 3, 542, '2024-11-20', 2351.95, 1951.05, 'APPROVED'),
(10062, 10001, 5, 547, '2023-07-24', 3308.98, 0, 'DENIED'),
(10063, 10076, 1, 549, '2024-12-23', 926.84, 844.4, 'APPROVED'),
(10064, 10082, 3, 539, '2024-10-16', 7237.74, 4706.5, 'APPROVED'),
(10065, 10471, 5, 509, '2024-12-12', 3239.04, 2805.2, 'APPROVED'),
(10066, 10130, 1, 536, '2023-11-27', 4520.52, 4178.25, 'APPROVED'),
(10067, 10375, 2, 539, '2023-11-23', 2387.25, 2235.1, 'APPROVED'),
(10068, 10384, 4, 527, '2023-06-30', 6775.06, 5354.67, 'APPROVED'),
(10069, 10284, 4, 536, '2024-09-02', 2042.59, 1344.07, 'APPROVED'),
(10070, 10245, 5, 537, '2024-01-30', 944.58, 755.32, 'APPROVED'),
(10071, 10205, 5, 536, '2024-12-19', 1712.77, 0, 'DENIED'),
(10072, 10230, 2, 509, '2023-09-22', 1408.8, 1036.67, 'APPROVED'),
(10073, 10443, 1, 541, '2023-03-19', 5454.49, 0, 'DENIED'),
(10074, 10486, 5, 536, '2024-09-20', 3081.61, 2027.5, 'APPROVED'),
(10075, 10086, 1, 503, '2024-08-19', 2971.63, 2166.44, 'APPROVED'),
(10076, 10047, 1, 531, '2024-06-25', 5548.72, 4163.43, 'APPROVED'),
(10077, 10430, 1, 546, '2023-10-18', 7044.18, 5998.64, 'APPROVED'),
(10078, 10436, 2, 528, '2023-01-17', 6233.21, 0, 'DENIED'),
(10079, 10484, 3, 526, '2023-10-22', 5068.74, 3450.28, 'APPROVED'),
(10080, 10416, 5, 506, '2024-12-02', 107.07, 91.27, 'APPROVED'),
(10081, 10157, 2, 532, '2024-06-08', 5097.81, 4941.86, 'APPROVED'),
(10082, 10370, 3, 517, '2023-03-03', 2212.18, 2002.99, 'APPROVED'),
(10083, 10400, 5, 550, '2023-05-07', 4701.88, 0, 'DENIED'),
(10084, 10264, 3, 502, '2024-05-24', 7033.18, 5039.9, 'APPROVED'),
(10085, 10217, 4, 530, '2024-09-08', 7046.1, 5422.85, 'APPROVED'),
(10086, 10392, 1, 532, '2023-10-27', 2342.22, 2279.67, 'APPROVED'),
(10087, 10197, 4, 545, '2023-03-22', 2303.29, 2091.5, 'APPROVED'),
(10088, 10116, 5, 505, '2024-10-17', 5036.97, 3638.99, 'APPROVED'),
(10089, 10152, 2, 538, '2024-12-04', 6691.95, 0, 'DENIED'),
(10090, 10450, 2, 519, '2023-09-26', 7199.21, 5618.54, 'APPROVED'),
(10091, 10089, 2, 527, '2024-10-05', 5677.91, 5373.68, 'APPROVED'),
(10092, 10381, 4, 530, '2023-10-20', 6163.54, 5725.91, 'APPROVED'),
(10093, 10088, 1, 502, '2023-09-01', 2409.02, 1924.02, 'APPROVED'),
(10094, 10240, 1, 530, '2023-11-26', 1985.19, 1651.82, 'APPROVED'),
(10095, 10119, 1, 528, '2023-05-28', 1680.33, 1371.97, 'APPROVED'),
(10096, 10031, 1, 505, '2023-07-07', 2076.82, 1948.59, 'APPROVED'),
(10097, 10368, 5, 531, '2023-08-13', 1402.15, 1290.17, 'APPROVED'),
(10098, 10493, 4, 503, '2023-10-30', 6182.76, 4310.86, 'APPROVED'),
(10099, 10188, 4, 543, '2024-12-06', 3051.64, 2628.9, 'APPROVED'),
(10100, 10137, 2, 517, '2023-05-03', 6267.09, 5384.63, 'APPROVED'),
(10101, 10382, 1, 530, '2023-11-22', 5786.74, 0, 'DENIED'),
(10102, 10333, 3, 504, '2024-05-25', 5331.34, 0, 'DENIED'),
(10103, 10272, 3, 511, '2024-06-21', 3526.69, 0, 'DENIED'),
(10104, 10415, 5, 532, '2024-01-14', 5694.84, 4593.9, 'APPROVED'),
(10105, 10463, 4, 539, '2024-01-17', 3097.81, 2812.91, 'APPROVED'),
(10106, 10360, 4, 546, '2024-03-13', 2803.14, 2464.61, 'APPROVED'),
(10107, 10464, 1, 526, '2024-01-13', 1752.23, 1246.1, 'APPROVED'),
(10108, 10034, 4, 539, '2024-05-01', 1382.58, 904.5, 'APPROVED'),
(10109, 10397, 5, 505, '2024-10-03', 4148.23, 3179.34, 'APPROVED'),
(10110, 10318, 4, 508, '2023-12-17', 6680.95, 5790.21, 'APPROVED'),
(10111, 10472, 4, 546, '2023-05-18', 5610.73, 4781.31, 'APPROVED'),
(10112, 10108, 2, 502, '2024-08-25', 5020.09, 3719.15, 'APPROVED'),
(10113, 10091, 5, 506, '2024-09-09', 796.36, 753.83, 'APPROVED'),
(10114, 10033, 1, 545, '2024-11-25', 3580.92, 2913.86, 'APPROVED'),
(10115, 10483, 4, 550, '2023-07-01', 3546.31, 2559.63, 'APPROVED'),
(10116, 10045, 5, 535, '2023-07-03', 2429.77, 1602.85, 'APPROVED'),
(10117, 10474, 3, 526, '2023-07-07', 7474.82, 7207.68, 'APPROVED'),
(10118, 10433, 4, 522, '2024-07-22', 3542.51, 3354.75, 'APPROVED'),
(10119, 10215, 1, 548, '2024-01-13', 4942.59, 3780.32, 'APPROVED'),
(10120, 10429, 5, 530, '2023-08-24', 7032.62, 4727.86, 'APPROVED'),
(10121, 10400, 5, 508, '2024-10-30', 4403.36, 3586.4, 'APPROVED'),
(10122, 10403, 3, 504, '2024-01-23', 354.01, 342.68, 'APPROVED'),
(10123, 10327, 1, 523, '2023-03-26', 303.35, 226.12, 'APPROVED'),
(10124, 10392, 1, 543, '2023-11-12', 5999.36, 5565.89, 'APPROVED'),
(10125, 10027, 1, 543, '2024-02-17', 914.09, 811.6, 'APPROVED'),
(10126, 10371, 2, 503, '2024-07-13', 2449.76, 1921.54, 'APPROVED'),
(10127, 10134, 5, 517, '2024-01-28', 4474.55, 3915.08, 'APPROVED'),
(10128, 10051, 3, 542, '2023-10-01', 1816.15, 0, 'DENIED'),
(10129, 10321, 2, 505, '2024-10-15', 1992.42, 1767.95, 'APPROVED'),
(10130, 10213, 1, 505, '2023-06-09', 1243.14, 971.98, 'APPROVED'),
(10131, 10144, 1, 514, '2023-03-11', 3900.32, 0, 'DENIED'),
(10132, 10243, 4, 502, '2024-08-20', 766.91, 708.44, 'APPROVED'),
(10133, 10436, 2, 526, '2024-04-11', 497.62, 333.05, 'APPROVED'),
(10134, 10344, 3, 532, '2023-12-29', 380.94, 259.96, 'APPROVED'),
(10135, 10101, 5, 537, '2024-01-27', 1339.97, 0, 'DENIED'),
(10136, 10051, 5, 537, '2023-11-14', 1820.27, 1456.98, 'APPROVED'),
(10137, 10408, 4, 523, '2023-07-19', 568.03, 394.25, 'APPROVED'),
(10138, 10440, 4, 516, '2024-08-08', 7498.4, 5976.92, 'APPROVED'),
(10139, 10383, 1, 513, '2024-06-22', 3448.41, 2522.42, 'APPROVED'),
(10140, 10299, 3, 548, '2023-02-26', 5409.71, 5128.8, 'APPROVED'),
(10141, 10152, 3, 501, '2023-10-24', 5634.78, 4330.76, 'APPROVED'),
(10142, 10271, 1, 507, '2024-09-05', 6432.42, 4408.44, 'APPROVED'),
(10143, 10367, 5, 523, '2023-01-02', 1534.03, 1154.16, 'APPROVED'),
(10144, 10099, 4, 516, '2024-05-27', 4724.84, 3372.67, 'APPROVED'),
(10145, 10225, 4, 546, '2023-03-19', 4016.88, 3070.42, 'APPROVED'),
(10146, 10132, 2, 550, '2024-08-23', 5302.16, 4112.55, 'APPROVED'),
(10147, 10086, 4, 502, '2024-11-14', 7189.96, 5393.05, 'APPROVED'),
(10148, 10205, 3, 547, '2024-04-24', 7209.65, 5295.98, 'APPROVED'),
(10149, 10498, 4, 504, '2024-03-20', 4225.22, 3761.83, 'APPROVED'),
(10150, 10433, 2, 518, '2023-06-14', 4986.44, 0, 'DENIED'),
(10151, 10370, 5, 547, '2023-02-20', 7259.15, 5906.59, 'APPROVED'),
(10152, 10422, 3, 546, '2023-07-20', 3407.67, 3275.03, 'APPROVED'),
(10153, 10404, 4, 549, '2023-04-13', 1898.03, 1583.35, 'APPROVED'),
(10154, 10421, 3, 546, '2024-11-17', 6596.64, 0, 'DENIED'),
(10155, 10069, 1, 524, '2023-02-20', 7205.52, 6630.54, 'APPROVED'),
(10156, 10012, 1, 507, '2024-08-23', 4316.11, 3429.12, 'APPROVED'),
(10157, 10226, 4, 506, '2024-02-11', 5071.09, 4434.47, 'APPROVED'),
(10158, 10427, 3, 501, '2024-05-31', 370.14, 0, 'DENIED'),
(10159, 10415, 3, 514, '2023-07-12', 1843.14, 1278.49, 'APPROVED'),
(10160, 10379, 4, 509, '2023-09-24', 6402.91, 4569.44, 'APPROVED'),
(10161, 10420, 3, 510, '2024-12-25', 200.24, 171.84, 'APPROVED'),
(10162, 10461, 3, 546, '2023-11-12', 1890.3, 1686.4, 'APPROVED'),
(10163, 10331, 2, 527, '2024-09-15', 7166.6, 0, 'DENIED'),
(10164, 10286, 3, 515, '2024-06-28', 6835.56, 0, 'DENIED'),
(10165, 10402, 5, 540, '2024-11-14', 4624.05, 4159.37, 'APPROVED'),
(10166, 10148, 4, 548, '2023-06-07', 5697.79, 4728.02, 'APPROVED'),
(10167, 10208, 3, 527, '2023-01-02', 3293.65, 0, 'DENIED'),
(10168, 10015, 3, 531, '2023-08-21', 5530.89, 4072.29, 'APPROVED'),
(10169, 10166, 2, 543, '2024-10-26', 312.41, 273.2, 'APPROVED'),
(10170, 10442, 5, 531, '2024-12-01', 1586.89, 0, 'DENIED'),
(10171, 10389, 5, 510, '2024-01-24', 4042.9, 3086.16, 'APPROVED'),
(10172, 10426, 1, 534, '2023-03-29', 6746.47, 5826.9, 'APPROVED'),
(10173, 10228, 5, 548, '2023-04-11', 3478.2, 2294.0, 'APPROVED'),
(10174, 10358, 2, 507, '2023-03-07', 3566.13, 2900.6, 'APPROVED'),
(10175, 10014, 5, 514, '2024-05-01', 2301.9, 2132.67, 'APPROVED'),
(10176, 10124, 5, 509, '2023-07-30', 178.47, 0, 'DENIED'),
(10177, 10354, 3, 523, '2023-06-07', 3627.93, 0, 'DENIED'),
(10178, 10054, 5, 519, '2023-06-04', 1437.29, 0, 'DENIED'),
(10179, 10321, 3, 548, '2024-09-16', 4009.2, 3693.16, 'APPROVED'),
(10180, 10295, 1, 524, '2023-09-11', 7157.6, 6967.81, 'APPROVED'),
(10181, 10255, 5, 511, '2023-07-13', 1894.97, 1713.72, 'APPROVED'),
(10182, 10230, 3, 519, '2024-07-26', 6827.2, 0, 'DENIED'),
(10183, 10299, 2, 544, '2023-04-17', 5704.81, 4193.68, 'APPROVED'),
(10184, 10473, 2, 517, '2023-03-15', 2532.55, 2367.71, 'APPROVED'),
(10185, 10156, 2, 545, '2023-09-24', 4393.84, 4130.86, 'APPROVED'),
(10186, 10247, 2, 523, '2023-06-01', 1988.52, 1928.23, 'APPROVED'),
(10187, 10122, 5, 548, '2024-05-17', 3536.35, 0, 'DENIED'),
(10188, 10127, 3, 503, '2023-09-21', 1447.92, 1315.68, 'APPROVED'),
(10189, 10384, 3, 530, '2024-03-11', 2465.02, 2269.59, 'APPROVED'),
(10190, 10335, 2, 522, '2024-03-08', 5904.13, 5002.64, 'APPROVED'),
(10191, 10457, 5, 506, '2024-05-02', 1659.27, 1560.82, 'APPROVED'),
(10192, 10375, 2, 542, '2023-04-16', 5592.73, 3929.92, 'APPROVED'),
(10193, 10235, 1, 544, '2024-03-19', 2016.32, 1787.46, 'APPROVED'),
(10194, 10124, 4, 513, '2023-10-13', 4667.08, 0, 'DENIED'),
(10195, 10450, 3, 523, '2024-03-26', 7010.21, 4867.44, 'APPROVED'),
(10196, 10426, 5, 547, '2023-07-04', 7481.57, 6415.83, 'APPROVED'),
(10197, 10014, 1, 541, '2023-03-31', 4405.83, 3069.26, 'APPROVED'),
(10198, 10316, 3, 531, '2024-09-24', 4368.14, 4093.53, 'APPROVED'),
(10199, 10484, 4, 527, '2023-04-28', 7494.65, 0, 'DENIED'),
(10200, 10359, 3, 521, '2023-12-23', 2620.44, 2424.61, 'APPROVED');

INSERT INTO fact_claim_history (history_id, claim_id, old_status, new_status, updated_at) VALUES
(8001, 9204, 'PENDING', 'APPROVED', '2024-03-01 12:52:39'),
(8002, 9448, 'PENDING', 'APPROVED', '2024-07-20 15:42:32'),
(8003, 9080, 'PENDING', 'APPROVED', '2024-09-13 14:55:57'),
(8004, 9698, 'PENDING', 'APPROVED', '2024-03-28 14:30:35'),
(8005, 9889, 'PENDING', 'APPROVED', '2024-12-10 17:08:48'),
(8006, 9288, 'PENDING', 'APPROVED', '2024-04-08 08:26:37'),
(8007, 9710, 'PENDING', 'APPROVED', '2024-06-03 14:06:35'),
(8008, 10013, 'PENDING', 'APPROVED', '2024-01-24 07:38:57'),
(8009, 9301, 'PENDING', 'APPROVED', '2024-01-09 16:26:04'),
(8010, 9628, 'PENDING', 'APPROVED', '2024-02-13 03:59:30'),
(8011, 9240, 'PENDING', 'APPROVED', '2024-04-26 01:25:51'),
(8012, 9854, 'PENDING', 'APPROVED', '2024-03-16 13:50:22'),
(8013, 9861, 'PENDING', 'APPROVED', '2024-09-13 19:13:28'),
(8014, 9367, 'PENDING', 'APPROVED', '2024-12-08 08:39:00'),
(8015, 10119, 'PENDING', 'APPROVED', '2024-04-25 21:31:08'),
(8016, 9890, 'PENDING', 'APPROVED', '2024-04-20 05:37:20'),
(8017, 10143, 'PENDING', 'APPROVED', '2024-10-29 07:36:45'),
(8018, 9704, 'PENDING', 'APPROVED', '2024-05-07 05:36:14'),
(8019, 9116, 'PENDING', 'APPROVED', '2024-05-20 00:47:39'),
(8020, 9102, 'PENDING', 'APPROVED', '2024-09-10 21:20:04'),
(8021, 10073, 'PENDING', 'APPROVED', '2024-09-04 17:53:00'),
(8022, 9169, 'PENDING', 'APPROVED', '2024-12-09 13:34:58'),
(8023, 9660, 'PENDING', 'APPROVED', '2024-03-11 13:57:12'),
(8024, 9049, 'PENDING', 'APPROVED', '2024-03-04 17:12:19'),
(8025, 9905, 'PENDING', 'APPROVED', '2024-06-07 17:16:13'),
(8026, 9565, 'PENDING', 'APPROVED', '2024-05-03 03:14:14'),
(8027, 10172, 'PENDING', 'APPROVED', '2024-12-15 21:52:31'),
(8028, 9123, 'PENDING', 'APPROVED', '2024-12-29 12:33:15'),
(8029, 9825, 'PENDING', 'APPROVED', '2024-12-07 04:58:03'),
(8030, 9220, 'PENDING', 'APPROVED', '2024-07-23 21:20:03'),
(8031, 9976, 'PENDING', 'APPROVED', '2024-04-20 20:43:55'),
(8032, 9944, 'PENDING', 'APPROVED', '2024-04-25 07:09:43'),
(8033, 9973, 'PENDING', 'APPROVED', '2024-08-25 22:47:41'),
(8034, 10039, 'PENDING', 'APPROVED', '2024-04-11 12:17:49'),
(8035, 9102, 'PENDING', 'APPROVED', '2024-09-10 02:07:09'),
(8036, 9946, 'PENDING', 'APPROVED', '2024-11-21 23:10:45'),
(8037, 10161, 'PENDING', 'APPROVED', '2024-07-05 19:32:14'),
(8038, 9773, 'PENDING', 'APPROVED', '2024-04-09 12:54:48'),
(8039, 9309, 'PENDING', 'APPROVED', '2024-12-16 13:08:56'),
(8040, 9447, 'PENDING', 'APPROVED', '2024-03-04 11:09:19'),
(8041, 9202, 'PENDING', 'APPROVED', '2024-08-26 00:16:25'),
(8042, 9222, 'PENDING', 'APPROVED', '2024-04-11 21:19:22'),
(8043, 9859, 'PENDING', 'APPROVED', '2024-12-14 19:18:05'),
(8044, 9278, 'PENDING', 'APPROVED', '2024-07-16 18:20:09'),
(8045, 9686, 'PENDING', 'APPROVED', '2024-04-20 02:53:40'),
(8046, 9177, 'PENDING', 'APPROVED', '2024-05-08 03:30:39'),
(8047, 9025, 'PENDING', 'APPROVED', '2024-07-29 13:00:18'),
(8048, 9001, 'PENDING', 'APPROVED', '2024-08-26 12:22:50'),
(8049, 10158, 'PENDING', 'APPROVED', '2024-09-22 09:11:25'),
(8050, 10045, 'PENDING', 'APPROVED', '2024-08-09 11:22:00'),
(8051, 9789, 'PENDING', 'APPROVED', '2024-07-27 22:42:22'),
(8052, 9597, 'PENDING', 'APPROVED', '2024-09-02 23:49:35'),
(8053, 10058, 'PENDING', 'APPROVED', '2024-04-28 03:15:37'),
(8054, 9713, 'PENDING', 'APPROVED', '2024-05-07 06:21:39'),
(8055, 9218, 'PENDING', 'APPROVED', '2024-02-14 16:42:49'),
(8056, 9405, 'PENDING', 'APPROVED', '2024-08-31 03:15:35'),
(8057, 9790, 'PENDING', 'APPROVED', '2024-11-19 22:35:35'),
(8058, 9274, 'PENDING', 'APPROVED', '2024-11-08 23:48:36'),
(8059, 9991, 'PENDING', 'APPROVED', '2024-05-30 15:32:01'),
(8060, 9784, 'PENDING', 'APPROVED', '2024-05-20 13:17:58'),
(8061, 9221, 'PENDING', 'APPROVED', '2024-07-18 15:52:21'),
(8062, 9595, 'PENDING', 'APPROVED', '2024-08-02 05:33:13'),
(8063, 9942, 'PENDING', 'APPROVED', '2024-05-19 23:18:39'),
(8064, 9345, 'PENDING', 'APPROVED', '2024-09-26 06:14:14'),
(8065, 9898, 'PENDING', 'APPROVED', '2024-08-19 12:38:28'),
(8066, 10051, 'PENDING', 'APPROVED', '2024-02-18 05:12:54'),
(8067, 10131, 'PENDING', 'APPROVED', '2024-12-06 22:17:58'),
(8068, 9242, 'PENDING', 'APPROVED', '2024-01-13 10:50:44'),
(8069, 9961, 'PENDING', 'APPROVED', '2024-05-13 22:47:50'),
(8070, 9975, 'PENDING', 'APPROVED', '2024-06-11 07:24:58'),
(8071, 9050, 'PENDING', 'APPROVED', '2024-09-02 07:43:53'),
(8072, 9036, 'PENDING', 'APPROVED', '2024-01-11 19:20:57'),
(8073, 10005, 'PENDING', 'APPROVED', '2024-05-14 16:09:23'),
(8074, 9034, 'PENDING', 'APPROVED', '2024-08-01 04:24:48'),
(8075, 10023, 'PENDING', 'APPROVED', '2024-08-04 10:18:54'),
(8076, 10141, 'PENDING', 'APPROVED', '2024-10-05 19:14:13'),
(8077, 9800, 'PENDING', 'APPROVED', '2024-03-10 17:58:30'),
(8078, 9911, 'PENDING', 'APPROVED', '2024-11-28 02:46:39'),
(8079, 9348, 'PENDING', 'APPROVED', '2024-10-04 21:43:53'),
(8080, 9792, 'PENDING', 'APPROVED', '2024-04-28 05:53:41'),
(8081, 9119, 'PENDING', 'APPROVED', '2024-03-08 06:45:33'),
(8082, 9031, 'PENDING', 'APPROVED', '2024-03-21 23:15:37'),
(8083, 9716, 'PENDING', 'APPROVED', '2024-02-15 13:14:03'),
(8084, 9701, 'PENDING', 'APPROVED', '2024-04-08 01:43:26'),
(8085, 9059, 'PENDING', 'APPROVED', '2024-06-03 03:21:10'),
(8086, 9256, 'PENDING', 'APPROVED', '2024-11-27 04:28:58'),
(8087, 9406, 'PENDING', 'APPROVED', '2024-07-28 19:27:03'),
(8088, 9966, 'PENDING', 'APPROVED', '2024-07-02 09:10:08'),
(8089, 9335, 'PENDING', 'APPROVED', '2024-05-10 00:52:56'),
(8090, 9652, 'PENDING', 'APPROVED', '2024-03-13 11:57:23'),
(8091, 9851, 'PENDING', 'APPROVED', '2024-05-04 04:19:20'),
(8092, 9225, 'PENDING', 'APPROVED', '2024-03-12 08:23:46'),
(8093, 9004, 'PENDING', 'APPROVED', '2024-04-29 00:04:01'),
(8094, 9565, 'PENDING', 'APPROVED', '2024-02-19 07:33:16'),
(8095, 10142, 'PENDING', 'APPROVED', '2024-05-01 14:54:53'),
(8096, 9155, 'PENDING', 'APPROVED', '2024-10-09 16:00:06'),
(8097, 9325, 'PENDING', 'APPROVED', '2024-08-05 09:46:33'),
(8098, 10061, 'PENDING', 'APPROVED', '2024-08-28 10:17:05'),
(8099, 10016, 'PENDING', 'APPROVED', '2024-08-17 13:42:44'),
(8100, 9594, 'PENDING', 'APPROVED', '2024-12-03 12:23:57'),
(8101, 9902, 'PENDING', 'APPROVED', '2024-11-15 16:57:38'),
(8102, 9282, 'PENDING', 'APPROVED', '2024-06-04 17:34:35'),
(8103, 9830, 'PENDING', 'APPROVED', '2024-10-28 17:26:59'),
(8104, 9310, 'PENDING', 'APPROVED', '2024-04-09 19:14:18'),
(8105, 9476, 'PENDING', 'APPROVED', '2024-08-19 16:32:05'),
(8106, 10182, 'PENDING', 'APPROVED', '2024-12-03 05:00:59'),
(8107, 9178, 'PENDING', 'APPROVED', '2024-03-14 17:03:50'),
(8108, 9702, 'PENDING', 'APPROVED', '2024-12-13 08:18:43'),
(8109, 9342, 'PENDING', 'APPROVED', '2024-09-18 14:24:11'),
(8110, 9887, 'PENDING', 'APPROVED', '2024-05-27 00:46:10'),
(8111, 9293, 'PENDING', 'APPROVED', '2024-07-01 21:23:13'),
(8112, 9994, 'PENDING', 'APPROVED', '2024-08-03 20:43:23'),
(8113, 9224, 'PENDING', 'APPROVED', '2024-11-03 00:35:22'),
(8114, 9009, 'PENDING', 'APPROVED', '2024-01-30 15:28:28'),
(8115, 9956, 'PENDING', 'APPROVED', '2024-06-29 01:45:23'),
(8116, 9597, 'PENDING', 'APPROVED', '2024-10-26 13:20:21'),
(8117, 9975, 'PENDING', 'APPROVED', '2024-10-10 05:06:52'),
(8118, 9141, 'PENDING', 'APPROVED', '2024-05-28 14:25:12'),
(8119, 10133, 'PENDING', 'APPROVED', '2024-07-03 16:07:34'),
(8120, 9624, 'PENDING', 'APPROVED', '2024-06-17 11:51:52'),
(8121, 9296, 'PENDING', 'APPROVED', '2024-03-31 13:27:18'),
(8122, 9565, 'PENDING', 'APPROVED', '2024-07-18 05:31:01'),
(8123, 9581, 'PENDING', 'APPROVED', '2024-02-02 19:24:46'),
(8124, 9791, 'PENDING', 'APPROVED', '2024-09-12 09:05:42'),
(8125, 10191, 'PENDING', 'APPROVED', '2024-02-17 05:09:15'),
(8126, 9102, 'PENDING', 'APPROVED', '2024-05-11 09:23:19'),
(8127, 9956, 'PENDING', 'APPROVED', '2024-03-10 12:31:44'),
(8128, 9076, 'PENDING', 'APPROVED', '2024-05-03 08:53:32'),
(8129, 9066, 'PENDING', 'APPROVED', '2024-11-21 14:24:07'),
(8130, 10023, 'PENDING', 'APPROVED', '2024-08-12 11:09:45'),
(8131, 9098, 'PENDING', 'APPROVED', '2024-05-11 14:53:58'),
(8132, 9972, 'PENDING', 'APPROVED', '2024-02-19 14:54:26'),
(8133, 10197, 'PENDING', 'APPROVED', '2024-08-23 16:49:37'),
(8134, 9035, 'PENDING', 'APPROVED', '2024-06-21 07:59:04'),
(8135, 9412, 'PENDING', 'APPROVED', '2024-01-04 21:14:48'),
(8136, 9029, 'PENDING', 'APPROVED', '2024-06-14 07:10:48'),
(8137, 9588, 'PENDING', 'APPROVED', '2024-03-02 04:46:16'),
(8138, 9582, 'PENDING', 'APPROVED', '2024-05-05 13:02:47'),
(8139, 9124, 'PENDING', 'APPROVED', '2024-03-04 16:18:14'),
(8140, 9423, 'PENDING', 'APPROVED', '2024-07-17 04:18:11'),
(8141, 9613, 'PENDING', 'APPROVED', '2024-03-13 02:55:50'),
(8142, 9119, 'PENDING', 'APPROVED', '2024-05-07 01:30:14'),
(8143, 9521, 'PENDING', 'APPROVED', '2024-02-07 14:28:34'),
(8144, 10115, 'PENDING', 'APPROVED', '2024-11-17 18:07:17'),
(8145, 9273, 'PENDING', 'APPROVED', '2024-05-10 23:12:54'),
(8146, 9219, 'PENDING', 'APPROVED', '2024-12-09 07:04:39'),
(8147, 9168, 'PENDING', 'APPROVED', '2024-02-10 14:19:03'),
(8148, 9341, 'PENDING', 'APPROVED', '2024-04-22 05:00:36'),
(8149, 9762, 'PENDING', 'APPROVED', '2024-08-02 06:54:00'),
(8150, 9161, 'PENDING', 'APPROVED', '2024-02-07 07:30:45'),
(8151, 9137, 'PENDING', 'APPROVED', '2024-08-01 07:26:27'),
(8152, 9561, 'PENDING', 'APPROVED', '2024-09-03 12:27:47'),
(8153, 10125, 'PENDING', 'APPROVED', '2024-07-29 10:43:21'),
(8154, 10172, 'PENDING', 'APPROVED', '2024-09-04 09:40:41'),
(8155, 9952, 'PENDING', 'APPROVED', '2024-06-27 07:27:58'),
(8156, 9105, 'PENDING', 'APPROVED', '2024-09-20 22:10:37'),
(8157, 9884, 'PENDING', 'APPROVED', '2024-01-09 04:51:04'),
(8158, 9175, 'PENDING', 'APPROVED', '2024-06-08 09:46:07'),
(8159, 9376, 'PENDING', 'APPROVED', '2024-12-24 11:16:42'),
(8160, 9037, 'PENDING', 'APPROVED', '2024-04-20 08:24:25'),
(8161, 9249, 'PENDING', 'APPROVED', '2024-07-28 20:57:31'),
(8162, 10192, 'PENDING', 'APPROVED', '2024-03-08 14:06:30'),
(8163, 9257, 'PENDING', 'APPROVED', '2024-06-10 07:14:35'),
(8164, 9973, 'PENDING', 'APPROVED', '2024-08-04 01:16:44'),
(8165, 9124, 'PENDING', 'APPROVED', '2024-10-21 19:56:01'),
(8166, 10175, 'PENDING', 'APPROVED', '2024-10-07 14:55:40'),
(8167, 9073, 'PENDING', 'APPROVED', '2024-10-03 14:32:41'),
(8168, 9472, 'PENDING', 'APPROVED', '2024-03-28 19:54:04'),
(8169, 9412, 'PENDING', 'APPROVED', '2024-08-13 15:42:00'),
(8170, 9309, 'PENDING', 'APPROVED', '2024-01-04 06:07:53'),
(8171, 9927, 'PENDING', 'APPROVED', '2024-10-22 11:10:39'),
(8172, 9014, 'PENDING', 'APPROVED', '2024-10-12 19:06:22'),
(8173, 9952, 'PENDING', 'APPROVED', '2024-05-19 05:33:49'),
(8174, 10113, 'PENDING', 'APPROVED', '2024-05-27 18:16:36'),
(8175, 9392, 'PENDING', 'APPROVED', '2024-05-26 10:24:13'),
(8176, 9868, 'PENDING', 'APPROVED', '2024-05-09 23:27:23'),
(8177, 9618, 'PENDING', 'APPROVED', '2024-10-07 18:18:22'),
(8178, 9870, 'PENDING', 'APPROVED', '2024-05-13 06:59:31'),
(8179, 9570, 'PENDING', 'APPROVED', '2024-01-13 04:55:23'),
(8180, 9698, 'PENDING', 'APPROVED', '2024-06-22 12:46:05'),
(8181, 10084, 'PENDING', 'APPROVED', '2024-12-24 10:07:56'),
(8182, 9448, 'PENDING', 'APPROVED', '2024-01-29 16:15:32'),
(8183, 10095, 'PENDING', 'APPROVED', '2024-02-11 22:53:37'),
(8184, 9117, 'PENDING', 'APPROVED', '2024-03-18 22:30:49'),
(8185, 9777, 'PENDING', 'APPROVED', '2024-09-16 04:28:17'),
(8186, 9554, 'PENDING', 'APPROVED', '2024-01-26 19:48:54'),
(8187, 9293, 'PENDING', 'APPROVED', '2024-03-24 05:03:01'),
(8188, 9336, 'PENDING', 'APPROVED', '2024-02-03 14:12:05'),
(8189, 9445, 'PENDING', 'APPROVED', '2024-11-03 13:37:09'),
(8190, 9840, 'PENDING', 'APPROVED', '2024-08-20 23:48:54'),
(8191, 9567, 'PENDING', 'APPROVED', '2024-08-29 09:03:43'),
(8192, 9621, 'PENDING', 'APPROVED', '2024-11-29 21:08:20'),
(8193, 9915, 'PENDING', 'APPROVED', '2024-06-24 12:26:27'),
(8194, 9647, 'PENDING', 'APPROVED', '2024-05-14 08:54:46'),
(8195, 9343, 'PENDING', 'APPROVED', '2024-04-26 20:16:41'),
(8196, 9486, 'PENDING', 'APPROVED', '2024-05-23 02:28:34'),
(8197, 9190, 'PENDING', 'APPROVED', '2024-12-11 06:07:21'),
(8198, 9477, 'PENDING', 'APPROVED', '2024-04-29 04:17:23'),
(8199, 10092, 'PENDING', 'APPROVED', '2024-12-13 10:21:18'),
(8200, 10070, 'PENDING', 'APPROVED', '2024-11-02 05:02:27'),
(8201, 9925, 'PENDING', 'APPROVED', '2024-04-06 23:42:05'),
(8202, 9963, 'PENDING', 'APPROVED', '2024-12-25 20:00:46'),
(8203, 9209, 'PENDING', 'APPROVED', '2024-02-12 00:10:33'),
(8204, 9672, 'PENDING', 'APPROVED', '2024-12-04 06:27:07'),
(8205, 10041, 'PENDING', 'APPROVED', '2024-05-23 14:38:27'),
(8206, 10169, 'PENDING', 'APPROVED', '2024-09-09 05:01:41'),
(8207, 10035, 'PENDING', 'APPROVED', '2024-08-26 23:14:51'),
(8208, 9085, 'PENDING', 'APPROVED', '2024-02-11 19:46:31'),
(8209, 10124, 'PENDING', 'APPROVED', '2024-11-21 04:14:45'),
(8210, 9575, 'PENDING', 'APPROVED', '2024-02-06 15:55:56'),
(8211, 10034, 'PENDING', 'APPROVED', '2024-03-25 14:20:02'),
(8212, 10111, 'PENDING', 'APPROVED', '2024-06-01 22:23:18'),
(8213, 9754, 'PENDING', 'APPROVED', '2024-02-15 11:55:09'),
(8214, 9565, 'PENDING', 'APPROVED', '2024-01-26 08:59:48'),
(8215, 9999, 'PENDING', 'APPROVED', '2024-07-13 04:55:39'),
(8216, 9136, 'PENDING', 'APPROVED', '2024-02-09 09:34:11'),
(8217, 9697, 'PENDING', 'APPROVED', '2024-11-19 09:27:12'),
(8218, 9044, 'PENDING', 'APPROVED', '2024-10-17 14:36:46'),
(8219, 9948, 'PENDING', 'APPROVED', '2024-08-05 18:43:19'),
(8220, 9528, 'PENDING', 'APPROVED', '2024-08-12 10:20:29'),
(8221, 9351, 'PENDING', 'APPROVED', '2024-02-27 01:01:01'),
(8222, 9168, 'PENDING', 'APPROVED', '2024-02-08 23:22:21'),
(8223, 9574, 'PENDING', 'APPROVED', '2024-11-23 22:49:22'),
(8224, 9353, 'PENDING', 'APPROVED', '2024-06-08 22:31:51'),
(8225, 10034, 'PENDING', 'APPROVED', '2024-04-03 01:21:11'),
(8226, 9952, 'PENDING', 'APPROVED', '2024-02-02 16:49:17'),
(8227, 9496, 'PENDING', 'APPROVED', '2024-08-04 22:35:26'),
(8228, 10023, 'PENDING', 'APPROVED', '2024-07-23 20:31:59'),
(8229, 9670, 'PENDING', 'APPROVED', '2024-09-01 21:34:09'),
(8230, 9182, 'PENDING', 'APPROVED', '2024-05-12 09:42:38'),
(8231, 9044, 'PENDING', 'APPROVED', '2024-06-11 13:48:20'),
(8232, 9052, 'PENDING', 'APPROVED', '2024-03-15 07:12:14'),
(8233, 9268, 'PENDING', 'APPROVED', '2024-09-24 10:38:42'),
(8234, 9415, 'PENDING', 'APPROVED', '2024-06-08 06:00:08'),
(8235, 9019, 'PENDING', 'APPROVED', '2024-04-29 16:45:21'),
(8236, 10137, 'PENDING', 'APPROVED', '2024-01-08 02:36:02'),
(8237, 9218, 'PENDING', 'APPROVED', '2024-12-14 00:41:57'),
(8238, 9289, 'PENDING', 'APPROVED', '2024-04-22 20:50:28'),
(8239, 9646, 'PENDING', 'APPROVED', '2024-10-18 10:06:47'),
(8240, 9050, 'PENDING', 'APPROVED', '2024-11-21 19:41:06'),
(8241, 10047, 'PENDING', 'APPROVED', '2024-01-04 08:11:13'),
(8242, 9163, 'PENDING', 'APPROVED', '2024-01-07 06:04:55'),
(8243, 9535, 'PENDING', 'APPROVED', '2024-01-01 11:27:06'),
(8244, 9682, 'PENDING', 'APPROVED', '2024-07-06 15:32:15'),
(8245, 9107, 'PENDING', 'APPROVED', '2024-05-16 19:10:12'),
(8246, 9282, 'PENDING', 'APPROVED', '2024-09-27 07:13:13'),
(8247, 10127, 'PENDING', 'APPROVED', '2024-07-03 20:29:59'),
(8248, 9974, 'PENDING', 'APPROVED', '2024-03-21 01:49:15'),
(8249, 9629, 'PENDING', 'APPROVED', '2024-06-20 15:19:47'),
(8250, 9974, 'PENDING', 'APPROVED', '2024-10-19 06:25:01'),
(8251, 9019, 'PENDING', 'APPROVED', '2024-04-19 04:56:44'),
(8252, 9786, 'PENDING', 'APPROVED', '2024-12-30 16:21:31'),
(8253, 9871, 'PENDING', 'APPROVED', '2024-09-06 07:15:47'),
(8254, 9330, 'PENDING', 'APPROVED', '2024-06-20 01:46:14'),
(8255, 10009, 'PENDING', 'APPROVED', '2024-07-12 03:21:05'),
(8256, 9240, 'PENDING', 'APPROVED', '2024-02-14 09:09:08'),
(8257, 9027, 'PENDING', 'APPROVED', '2024-07-09 20:50:03'),
(8258, 9257, 'PENDING', 'APPROVED', '2024-08-19 16:57:39'),
(8259, 9104, 'PENDING', 'APPROVED', '2024-03-31 14:11:33'),
(8260, 10157, 'PENDING', 'APPROVED', '2024-05-27 05:55:58'),
(8261, 9024, 'PENDING', 'APPROVED', '2024-06-28 03:02:38'),
(8262, 9320, 'PENDING', 'APPROVED', '2024-12-21 12:57:10'),
(8263, 9862, 'PENDING', 'APPROVED', '2024-12-16 10:57:41'),
(8264, 9092, 'PENDING', 'APPROVED', '2024-07-07 03:58:11'),
(8265, 10102, 'PENDING', 'APPROVED', '2024-08-24 16:15:47'),
(8266, 9157, 'PENDING', 'APPROVED', '2024-10-16 09:48:40'),
(8267, 9913, 'PENDING', 'APPROVED', '2024-07-10 03:15:45'),
(8268, 9470, 'PENDING', 'APPROVED', '2024-12-25 09:49:53'),
(8269, 10085, 'PENDING', 'APPROVED', '2024-12-22 18:49:27'),
(8270, 9397, 'PENDING', 'APPROVED', '2024-01-22 14:15:01'),
(8271, 9918, 'PENDING', 'APPROVED', '2024-12-30 15:08:16'),
(8272, 9466, 'PENDING', 'APPROVED', '2024-01-16 13:22:00'),
(8273, 10180, 'PENDING', 'APPROVED', '2024-11-20 16:11:09'),
(8274, 10127, 'PENDING', 'APPROVED', '2024-10-29 10:19:50'),
(8275, 9763, 'PENDING', 'APPROVED', '2024-12-23 17:21:07'),
(8276, 9007, 'PENDING', 'APPROVED', '2024-03-07 22:57:59'),
(8277, 10030, 'PENDING', 'APPROVED', '2024-03-16 21:40:38'),
(8278, 9122, 'PENDING', 'APPROVED', '2024-07-21 13:10:54'),
(8279, 9299, 'PENDING', 'APPROVED', '2024-02-12 18:19:31'),
(8280, 9423, 'PENDING', 'APPROVED', '2024-08-19 07:41:34'),
(8281, 9394, 'PENDING', 'APPROVED', '2024-12-17 20:49:44'),
(8282, 9707, 'PENDING', 'APPROVED', '2024-10-16 19:25:19'),
(8283, 9719, 'PENDING', 'APPROVED', '2024-09-17 13:37:42'),
(8284, 9220, 'PENDING', 'APPROVED', '2024-08-09 06:50:02'),
(8285, 9040, 'PENDING', 'APPROVED', '2024-10-14 06:28:18'),
(8286, 9544, 'PENDING', 'APPROVED', '2024-05-29 17:27:17'),
(8287, 9522, 'PENDING', 'APPROVED', '2024-02-15 03:27:07'),
(8288, 9425, 'PENDING', 'APPROVED', '2024-03-31 22:02:57'),
(8289, 9132, 'PENDING', 'APPROVED', '2024-06-27 17:54:27'),
(8290, 9662, 'PENDING', 'APPROVED', '2024-12-12 15:01:54'),
(8291, 9970, 'PENDING', 'APPROVED', '2024-12-17 05:57:01'),
(8292, 9503, 'PENDING', 'APPROVED', '2024-09-15 04:47:11'),
(8293, 9383, 'PENDING', 'APPROVED', '2024-04-12 18:45:48'),
(8294, 9728, 'PENDING', 'APPROVED', '2024-10-05 05:20:03'),
(8295, 9584, 'PENDING', 'APPROVED', '2024-01-21 02:00:05'),
(8296, 9276, 'PENDING', 'APPROVED', '2024-09-17 22:49:30'),
(8297, 9872, 'PENDING', 'APPROVED', '2024-09-23 12:35:04'),
(8298, 10008, 'PENDING', 'APPROVED', '2024-05-07 14:06:35'),
(8299, 9044, 'PENDING', 'APPROVED', '2024-05-25 21:33:05'),
(8300, 9172, 'PENDING', 'APPROVED', '2024-10-02 10:55:47'),
(8301, 9360, 'PENDING', 'APPROVED', '2024-01-13 07:21:16'),
(8302, 9487, 'PENDING', 'APPROVED', '2024-01-13 18:17:13'),
(8303, 9350, 'PENDING', 'APPROVED', '2024-01-26 05:08:57'),
(8304, 9263, 'PENDING', 'APPROVED', '2024-09-14 01:31:13'),
(8305, 9303, 'PENDING', 'APPROVED', '2024-09-23 10:29:45'),
(8306, 9972, 'PENDING', 'APPROVED', '2024-03-30 08:38:33'),
(8307, 9664, 'PENDING', 'APPROVED', '2024-04-10 07:37:24'),
(8308, 9442, 'PENDING', 'APPROVED', '2024-10-29 03:35:10'),
(8309, 9722, 'PENDING', 'APPROVED', '2024-09-30 16:12:02'),
(8310, 9196, 'PENDING', 'APPROVED', '2024-04-24 16:57:22'),
(8311, 9606, 'PENDING', 'APPROVED', '2024-03-21 11:19:06'),
(8312, 9940, 'PENDING', 'APPROVED', '2024-03-25 06:37:07'),
(8313, 10164, 'PENDING', 'APPROVED', '2024-05-08 02:41:25'),
(8314, 9102, 'PENDING', 'APPROVED', '2024-12-23 18:46:58'),
(8315, 9852, 'PENDING', 'APPROVED', '2024-07-11 12:22:14'),
(8316, 9627, 'PENDING', 'APPROVED', '2024-07-19 17:11:01'),
(8317, 9225, 'PENDING', 'APPROVED', '2024-05-11 15:14:55'),
(8318, 9983, 'PENDING', 'APPROVED', '2024-11-23 21:56:05'),
(8319, 10193, 'PENDING', 'APPROVED', '2024-04-12 04:38:54'),
(8320, 9939, 'PENDING', 'APPROVED', '2024-01-13 04:16:20'),
(8321, 9859, 'PENDING', 'APPROVED', '2024-05-20 10:11:20'),
(8322, 10068, 'PENDING', 'APPROVED', '2024-03-20 09:39:44'),
(8323, 9183, 'PENDING', 'APPROVED', '2024-02-22 17:54:50'),
(8324, 9752, 'PENDING', 'APPROVED', '2024-01-06 20:46:26'),
(8325, 9178, 'PENDING', 'APPROVED', '2024-07-23 07:10:58'),
(8326, 9206, 'PENDING', 'APPROVED', '2024-04-10 09:06:21'),
(8327, 9902, 'PENDING', 'APPROVED', '2024-11-03 07:46:00'),
(8328, 9754, 'PENDING', 'APPROVED', '2024-09-27 12:32:48'),
(8329, 9224, 'PENDING', 'APPROVED', '2024-09-20 17:31:18'),
(8330, 9015, 'PENDING', 'APPROVED', '2024-06-25 05:51:56'),
(8331, 9405, 'PENDING', 'APPROVED', '2024-02-08 01:00:45'),
(8332, 9796, 'PENDING', 'APPROVED', '2024-09-21 10:57:04'),
(8333, 9734, 'PENDING', 'APPROVED', '2024-08-28 03:53:10'),
(8334, 9856, 'PENDING', 'APPROVED', '2024-03-21 20:05:13'),
(8335, 9365, 'PENDING', 'APPROVED', '2024-04-27 19:53:06'),
(8336, 9900, 'PENDING', 'APPROVED', '2024-09-10 05:47:03'),
(8337, 9070, 'PENDING', 'APPROVED', '2024-02-21 18:12:05'),
(8338, 10003, 'PENDING', 'APPROVED', '2024-03-02 23:57:21'),
(8339, 9870, 'PENDING', 'APPROVED', '2024-09-21 07:56:42'),
(8340, 9840, 'PENDING', 'APPROVED', '2024-03-29 18:07:45'),
(8341, 9472, 'PENDING', 'APPROVED', '2024-09-15 09:36:49'),
(8342, 10088, 'PENDING', 'APPROVED', '2024-10-18 01:58:37'),
(8343, 10050, 'PENDING', 'APPROVED', '2024-04-22 06:39:41'),
(8344, 9319, 'PENDING', 'APPROVED', '2024-06-12 10:26:58'),
(8345, 10039, 'PENDING', 'APPROVED', '2024-01-29 23:13:18'),
(8346, 9633, 'PENDING', 'APPROVED', '2024-11-10 14:37:35'),
(8347, 9746, 'PENDING', 'APPROVED', '2024-04-04 02:45:03'),
(8348, 9832, 'PENDING', 'APPROVED', '2024-11-10 04:23:59'),
(8349, 9820, 'PENDING', 'APPROVED', '2024-10-29 19:00:04'),
(8350, 9582, 'PENDING', 'APPROVED', '2024-03-04 17:11:32'),
(8351, 9905, 'PENDING', 'APPROVED', '2024-10-17 16:56:23'),
(8352, 10058, 'PENDING', 'APPROVED', '2024-11-10 01:21:42'),
(8353, 9479, 'PENDING', 'APPROVED', '2024-12-10 15:09:11'),
(8354, 9703, 'PENDING', 'APPROVED', '2024-04-14 01:59:52'),
(8355, 9521, 'PENDING', 'APPROVED', '2024-09-05 17:35:20'),
(8356, 9650, 'PENDING', 'APPROVED', '2024-03-09 04:34:39'),
(8357, 9521, 'PENDING', 'APPROVED', '2024-02-21 07:14:00'),
(8358, 9305, 'PENDING', 'APPROVED', '2024-02-18 18:38:25'),
(8359, 9257, 'PENDING', 'APPROVED', '2024-11-26 17:05:11'),
(8360, 9086, 'PENDING', 'APPROVED', '2024-05-03 06:19:03'),
(8361, 9891, 'PENDING', 'APPROVED', '2024-02-12 04:49:36'),
(8362, 9680, 'PENDING', 'APPROVED', '2024-03-10 21:59:05'),
(8363, 10028, 'PENDING', 'APPROVED', '2024-10-06 08:22:59'),
(8364, 9887, 'PENDING', 'APPROVED', '2024-08-28 02:25:28'),
(8365, 9463, 'PENDING', 'APPROVED', '2024-01-20 11:11:53'),
(8366, 9423, 'PENDING', 'APPROVED', '2024-10-25 17:16:52'),
(8367, 9663, 'PENDING', 'APPROVED', '2024-02-24 04:16:15'),
(8368, 10200, 'PENDING', 'APPROVED', '2024-10-28 09:51:31'),
(8369, 9265, 'PENDING', 'APPROVED', '2024-04-29 16:56:33'),
(8370, 10023, 'PENDING', 'APPROVED', '2024-05-29 06:40:26'),
(8371, 9888, 'PENDING', 'APPROVED', '2024-05-13 11:32:56'),
(8372, 9337, 'PENDING', 'APPROVED', '2024-01-12 12:34:58'),
(8373, 9937, 'PENDING', 'APPROVED', '2024-05-13 22:26:31'),
(8374, 9214, 'PENDING', 'APPROVED', '2024-07-17 17:37:20'),
(8375, 9514, 'PENDING', 'APPROVED', '2024-12-01 03:04:36'),
(8376, 9515, 'PENDING', 'APPROVED', '2024-09-14 22:13:22'),
(8377, 9293, 'PENDING', 'APPROVED', '2024-10-05 01:47:35'),
(8378, 9417, 'PENDING', 'APPROVED', '2024-02-19 20:37:34'),
(8379, 10196, 'PENDING', 'APPROVED', '2024-02-05 03:46:48'),
(8380, 9516, 'PENDING', 'APPROVED', '2024-08-31 01:04:45'),
(8381, 9589, 'PENDING', 'APPROVED', '2024-09-28 08:00:54'),
(8382, 9201, 'PENDING', 'APPROVED', '2024-06-03 06:20:02'),
(8383, 10157, 'PENDING', 'APPROVED', '2024-11-22 20:49:23'),
(8384, 10050, 'PENDING', 'APPROVED', '2024-03-22 04:23:54'),
(8385, 9703, 'PENDING', 'APPROVED', '2024-09-19 11:19:54'),
(8386, 9647, 'PENDING', 'APPROVED', '2024-06-05 00:39:09'),
(8387, 9466, 'PENDING', 'APPROVED', '2024-07-17 14:59:05'),
(8388, 10190, 'PENDING', 'APPROVED', '2024-03-29 22:14:39'),
(8389, 9144, 'PENDING', 'APPROVED', '2024-06-28 19:48:16'),
(8390, 10000, 'PENDING', 'APPROVED', '2024-01-17 09:21:46'),
(8391, 9586, 'PENDING', 'APPROVED', '2024-09-28 06:25:52'),
(8392, 10119, 'PENDING', 'APPROVED', '2024-03-11 10:37:47'),
(8393, 9820, 'PENDING', 'APPROVED', '2024-05-14 12:36:25'),
(8394, 9168, 'PENDING', 'APPROVED', '2024-07-18 23:31:43'),
(8395, 9705, 'PENDING', 'APPROVED', '2024-04-12 16:05:31'),
(8396, 9709, 'PENDING', 'APPROVED', '2024-09-19 10:12:33'),
(8397, 9617, 'PENDING', 'APPROVED', '2024-06-30 12:09:03'),
(8398, 10150, 'PENDING', 'APPROVED', '2024-05-04 21:24:43'),
(8399, 9975, 'PENDING', 'APPROVED', '2024-06-15 04:02:11'),
(8400, 9762, 'PENDING', 'APPROVED', '2024-02-12 10:37:23');
