-- Seed Data for Shukla Healthcare Practice

-- Products
INSERT INTO dim_products (product_id, product_name, line_of_business, risk_profile) VALUES
(1, 'Life Shield Plus', 'Life', 'Medium'),
(2, 'AccidenCare', 'Accident', 'Medium'),
(3, 'Critical Assist', 'Critical Illness', 'Medium'),
(4, 'Dental Smile', 'Dental', 'Medium'),
(5, 'Pet Guardian', 'Pet', 'Medium');

-- Employers
INSERT INTO dim_employers (employer_id, employer_name, industry, hq_country, onboarding_date) VALUES
(1, 'Corp_Beta_1', 'Healthcare Services', 'AU', '2025-07-22'),
(2, 'Corp_Gamma_2', 'Healthcare Services', 'UK', '2020-04-14'),
(3, 'Corp_Delta_3', 'Healthcare Services', 'CA', '2022-10-09'),
(4, 'Corp_Zeta_4', 'Energy', 'US', '2022-05-30'),
(5, 'Corp_Sigma_5', 'Healthcare Services', 'US', '2023-03-08'),
(6, 'Corp_Omega_6', 'Manufacturing', 'CA', '2022-02-02'),
(7, 'Corp_Prime_7', 'Logistics', 'UK', '2025-09-05'),
(8, 'Corp_Alpha_8', 'Finance', 'US', '2025-12-10'),
(9, 'Corp_Beta_9', 'Logistics', 'DE', '2024-08-23'),
(10, 'Corp_Gamma_10', 'Finance', 'FR', '2020-11-30'),
(11, 'Corp_Delta_11', 'Healthcare Services', 'IN', '2020-06-28'),
(12, 'Corp_Zeta_12', 'Manufacturing', 'CA', '2024-01-04'),
(13, 'Corp_Sigma_13', 'Technology', 'US', '2020-08-23'),
(14, 'Corp_Omega_14', 'Healthcare Services', 'FR', '2021-12-24'),
(15, 'Corp_Prime_15', 'Retail', 'FR', '2023-03-10'),
(16, 'Corp_Alpha_16', 'Retail', 'UK', '2024-07-14'),
(17, 'Corp_Beta_17', 'Healthcare Services', 'AU', '2026-03-08'),
(18, 'Corp_Gamma_18', 'Manufacturing', 'CA', '2026-04-20'),
(19, 'Corp_Delta_19', 'Retail', 'DE', '2025-02-13'),
(20, 'Corp_Zeta_20', 'Technology', 'IN', '2020-05-06');

-- Employees
INSERT INTO dim_employees (employee_id, employer_id, full_name, birth_date, enrollment_status, monthly_salary) VALUES
(1, 5, 'Raj Muller', '2000-11-10', 'ACTIVE', 12622.24),
(2, 9, 'Alex Garcia', '2004-12-21', 'ACTIVE', 13614.25),
(3, 7, 'Priya Garcia', '2006-07-21', 'ACTIVE', 8596.22),
(4, 12, 'Raj Abadi', '1985-04-03', 'ACTIVE', 5420.06),
(5, 14, 'Elena Abadi', '1996-02-22', 'ACTIVE', 8252.87),
(6, 9, 'Elena Abadi', '2026-04-17', 'ACTIVE', 13504.87),
(7, 19, 'Li Muller', '1984-12-05', 'ACTIVE', 5372.32),
(8, 8, 'Wei Muller', '1976-10-06', 'ACTIVE', 5422.17),
(9, 17, 'Li Abadi', '1990-09-02', 'ACTIVE', 4493.08),
(10, 9, 'Sarah Muller', '1992-03-18', 'ACTIVE', 9729.53),
(11, 12, 'Sven Doe', '2026-03-21', 'ACTIVE', 10705.38),
(12, 9, 'Li Garcia', '2005-02-10', 'ACTIVE', 5287.43),
(13, 8, 'John Muller', '1974-04-27', 'ACTIVE', 7719.13),
(14, 5, 'Li Doe', '1980-01-07', 'ACTIVE', 12727.29),
(15, 9, 'Priya Abadi', '1981-02-02', 'ACTIVE', 5012.05),
(16, 2, 'Li Chen', '2015-01-29', 'ACTIVE', 12913.67),
(17, 14, 'Li Smith', '1999-09-07', 'ACTIVE', 5004.9),
(18, 18, 'Alex Kumar', '1975-08-04', 'ACTIVE', 8335.36),
(19, 17, 'Raj Garcia', '2003-06-16', 'ACTIVE', 12779.29),
(20, 15, 'Sven Garcia', '2014-03-06', 'ACTIVE', 8311.54),
(21, 6, 'Elena Abadi', '1997-02-12', 'ACTIVE', 11055.46),
(22, 9, 'Sven Muller', '2021-06-05', 'ACTIVE', 5794.91),
(23, 10, 'Sven Wilson', '2003-04-02', 'ACTIVE', 7075.25),
(24, 15, 'Alex Garcia', '2008-10-27', 'ACTIVE', 14239.25),
(25, 4, 'Wei Kumar', '2000-07-31', 'ACTIVE', 14020.48),
(26, 18, 'Priya Kumar', '2014-10-28', 'ACTIVE', 6602.18),
(27, 1, 'Raj Garcia', '1990-12-25', 'ACTIVE', 13212.46),
(28, 10, 'Priya Smith', '2023-10-23', 'ACTIVE', 13202.82),
(29, 8, 'Sarah Chen', '1982-12-16', 'ACTIVE', 9030.37),
(30, 17, 'Sarah Garcia', '1984-11-16', 'ACTIVE', 5624.22),
(31, 16, 'Jane Doe', '1991-06-17', 'ACTIVE', 11232.14),
(32, 6, 'Priya Chen', '2026-03-03', 'ACTIVE', 4233.25),
(33, 18, 'Elena Doe', '2009-10-08', 'ACTIVE', 8005.24),
(34, 4, 'Elena Chen', '2000-05-24', 'ACTIVE', 4570.84),
(35, 12, 'Jane Chen', '1993-03-20', 'ACTIVE', 12175.2),
(36, 12, 'John Garcia', '2014-11-23', 'ACTIVE', 6521.17),
(37, 20, 'John Chen', '2022-05-14', 'ACTIVE', 6424.9),
(38, 16, 'Jane Chen', '2021-11-27', 'ACTIVE', 7254.05),
(39, 13, 'Raj Abadi', '1978-05-24', 'ACTIVE', 12055.49),
(40, 7, 'Priya Chen', '1979-04-07', 'ACTIVE', 10050.56),
(41, 5, 'Priya Smith', '1990-07-16', 'ACTIVE', 14476.28),
(42, 5, 'Li Wilson', '1992-09-03', 'ACTIVE', 11085.5),
(43, 8, 'Li Abadi', '1971-11-11', 'ACTIVE', 13612.33),
(44, 9, 'Alex Smith', '2017-02-23', 'ACTIVE', 4985.9),
(45, 11, 'John Muller', '2013-06-25', 'ACTIVE', 3350.15),
(46, 9, 'Elena Kumar', '2006-10-25', 'ACTIVE', 4134.99),
(47, 8, 'Alex Smith', '1989-09-17', 'ACTIVE', 4992.03),
(48, 14, 'Jane Wilson', '1970-03-01', 'ACTIVE', 10136.4),
(49, 11, 'Priya Smith', '2001-03-22', 'ACTIVE', 5699.86),
(50, 9, 'John Chen', '1982-08-16', 'ACTIVE', 5821.72),
(51, 2, 'Wei Doe', '1996-06-22', 'ACTIVE', 14070.67),
(52, 4, 'Li Kumar', '1998-01-17', 'ACTIVE', 6642.59),
(53, 17, 'Raj Kumar', '1998-04-05', 'ACTIVE', 5088.27),
(54, 14, 'Jane Wilson', '2010-06-21', 'ACTIVE', 4628.82),
(55, 8, 'Elena Kumar', '2015-05-05', 'ACTIVE', 3032.74),
(56, 13, 'Jane Abadi', '2005-12-30', 'ACTIVE', 11648.24),
(57, 15, 'Sarah Doe', '2017-04-12', 'ACTIVE', 6522.23),
(58, 20, 'Jane Smith', '2007-03-05', 'ACTIVE', 3669.27),
(59, 6, 'Alex Muller', '1981-06-05', 'ACTIVE', 11125.22),
(60, 20, 'Raj Wilson', '2015-12-05', 'ACTIVE', 5528.05),
(61, 13, 'Alex Abadi', '1993-06-13', 'ACTIVE', 11297.4),
(62, 17, 'Sarah Muller', '2010-11-03', 'ACTIVE', 9873.86),
(63, 17, 'Priya Doe', '2012-02-07', 'ACTIVE', 13789.56),
(64, 17, 'Elena Doe', '1989-04-09', 'ACTIVE', 4434.23),
(65, 1, 'Li Abadi', '2019-07-25', 'ACTIVE', 8464.86),
(66, 16, 'Wei Garcia', '1976-09-22', 'ACTIVE', 5295.35),
(67, 5, 'Wei Wilson', '1988-07-16', 'ACTIVE', 6227.3),
(68, 4, 'Priya Garcia', '2008-04-29', 'ACTIVE', 12476.09),
(69, 20, 'Elena Chen', '2009-09-24', 'ACTIVE', 11050.03),
(70, 9, 'Alex Smith', '2013-12-28', 'ACTIVE', 4952.64),
(71, 4, 'John Garcia', '2014-11-05', 'ACTIVE', 9565.79),
(72, 15, 'Wei Chen', '1975-07-07', 'ACTIVE', 12106.08),
(73, 5, 'Sven Kumar', '2015-04-22', 'ACTIVE', 4396.14),
(74, 3, 'Jane Garcia', '1993-10-29', 'ACTIVE', 4983.74),
(75, 1, 'Wei Garcia', '2008-10-31', 'ACTIVE', 9071.84),
(76, 14, 'Priya Chen', '2014-11-08', 'ACTIVE', 8836.65),
(77, 8, 'Priya Kumar', '1979-09-20', 'ACTIVE', 5474.02),
(78, 17, 'Priya Muller', '1979-10-01', 'ACTIVE', 14215.69),
(79, 7, 'Priya Muller', '2024-07-11', 'ACTIVE', 5146.8),
(80, 5, 'John Smith', '1989-07-07', 'ACTIVE', 10278.67),
(81, 2, 'Jane Wilson', '1988-04-17', 'ACTIVE', 6478.61),
(82, 13, 'Priya Garcia', '2015-01-05', 'ACTIVE', 5476.26),
(83, 17, 'Wei Smith', '2003-11-10', 'ACTIVE', 9072.66),
(84, 17, 'Elena Smith', '2013-04-01', 'ACTIVE', 5104.83),
(85, 20, 'Jane Kumar', '1984-08-19', 'ACTIVE', 4111.72),
(86, 16, 'Wei Smith', '1979-09-08', 'ACTIVE', 5413.06),
(87, 17, 'Wei Smith', '2019-05-25', 'ACTIVE', 3163.42),
(88, 6, 'Sarah Abadi', '1974-02-26', 'ACTIVE', 13335.28),
(89, 1, 'Priya Chen', '1997-03-22', 'ACTIVE', 6963.39),
(90, 8, 'Priya Chen', '2013-06-19', 'ACTIVE', 7370.83),
(91, 3, 'Li Smith', '1983-10-20', 'ACTIVE', 4622.34),
(92, 9, 'Raj Muller', '2012-10-05', 'ACTIVE', 6946.03),
(93, 13, 'Raj Abadi', '2012-11-08', 'ACTIVE', 3188.32),
(94, 8, 'Jane Chen', '1986-01-25', 'ACTIVE', 6393.9),
(95, 13, 'Priya Abadi', '1999-03-06', 'ACTIVE', 4034.92),
(96, 15, 'Sarah Kumar', '1996-10-22', 'ACTIVE', 8697.22),
(97, 9, 'Alex Kumar', '2020-02-23', 'ACTIVE', 4418.92),
(98, 17, 'Li Doe', '1981-09-20', 'ACTIVE', 11838.03),
(99, 18, 'Li Abadi', '2003-04-23', 'ACTIVE', 10489.58),
(100, 1, 'Priya Smith', '1979-08-18', 'ACTIVE', 8120.97),
(101, 11, 'Li Muller', '2001-04-27', 'ACTIVE', 4438.62),
(102, 15, 'Sven Chen', '1987-12-13', 'ACTIVE', 11620.9),
(103, 15, 'Wei Muller', '1996-06-24', 'ACTIVE', 6795.5),
(104, 20, 'Sven Abadi', '2001-08-04', 'ACTIVE', 7405.03),
(105, 15, 'Elena Wilson', '1977-08-01', 'ACTIVE', 12062.65),
(106, 9, 'Sven Wilson', '2016-09-26', 'ACTIVE', 10732.89),
(107, 15, 'Li Chen', '1984-01-04', 'ACTIVE', 8540.54),
(108, 1, 'Elena Kumar', '1973-02-22', 'ACTIVE', 14040.42),
(109, 2, 'Sven Smith', '1970-05-19', 'ACTIVE', 11973.22),
(110, 14, 'John Wilson', '2009-11-11', 'ACTIVE', 9493.16),
(111, 16, 'Sarah Wilson', '1971-11-30', 'ACTIVE', 4306.66),
(112, 1, 'Raj Kumar', '2007-03-22', 'ACTIVE', 3224.36),
(113, 6, 'Sven Kumar', '2014-08-17', 'ACTIVE', 11842.19),
(114, 11, 'Alex Doe', '1974-06-10', 'ACTIVE', 12857.71),
(115, 8, 'Wei Garcia', '2008-08-12', 'ACTIVE', 4039.75),
(116, 4, 'John Chen', '2014-02-17', 'ACTIVE', 13274.11),
(117, 17, 'Jane Kumar', '1981-01-06', 'ACTIVE', 13213.95),
(118, 15, 'Jane Muller', '1981-02-09', 'ACTIVE', 8096.01),
(119, 15, 'Li Garcia', '1970-05-05', 'ACTIVE', 3483.49),
(120, 13, 'Wei Muller', '2007-09-04', 'ACTIVE', 6101.19),
(121, 9, 'Li Smith', '1996-09-18', 'ACTIVE', 10906.85),
(122, 10, 'Wei Smith', '1970-12-09', 'ACTIVE', 3108.14),
(123, 8, 'Raj Doe', '1991-02-21', 'ACTIVE', 9920.59),
(124, 9, 'Elena Muller', '2002-07-07', 'ACTIVE', 10738.79),
(125, 19, 'Raj Garcia', '1984-07-02', 'ACTIVE', 14196.02),
(126, 16, 'Priya Chen', '2025-03-20', 'ACTIVE', 13835.22),
(127, 1, 'Priya Doe', '1977-12-14', 'ACTIVE', 12293.46),
(128, 2, 'Sarah Kumar', '2018-10-20', 'ACTIVE', 12911.61),
(129, 20, 'Li Kumar', '2009-06-18', 'ACTIVE', 10988.0),
(130, 8, 'Priya Chen', '2013-10-04', 'ACTIVE', 9327.74),
(131, 3, 'Raj Smith', '1976-03-10', 'ACTIVE', 10439.2),
(132, 3, 'John Kumar', '1977-08-17', 'ACTIVE', 4652.86),
(133, 17, 'Li Chen', '1972-05-27', 'ACTIVE', 9870.64),
(134, 4, 'Wei Chen', '1990-01-04', 'ACTIVE', 11286.18),
(135, 13, 'Alex Garcia', '1999-09-06', 'ACTIVE', 13839.24),
(136, 7, 'Sarah Muller', '1974-01-04', 'ACTIVE', 3492.37),
(137, 16, 'Elena Abadi', '1984-06-09', 'ACTIVE', 11247.9),
(138, 8, 'John Kumar', '2000-04-09', 'ACTIVE', 6951.33),
(139, 13, 'Sven Chen', '2014-06-11', 'ACTIVE', 12895.73),
(140, 10, 'Elena Muller', '2021-02-18', 'ACTIVE', 13591.9),
(141, 17, 'Wei Abadi', '2013-07-10', 'ACTIVE', 6777.37),
(142, 17, 'Jane Garcia', '2003-06-20', 'ACTIVE', 11277.99),
(143, 11, 'Raj Smith', '1979-08-08', 'ACTIVE', 6010.26),
(144, 19, 'Jane Abadi', '1977-06-05', 'ACTIVE', 9529.42),
(145, 14, 'Elena Muller', '1996-11-01', 'ACTIVE', 4676.24),
(146, 14, 'Li Muller', '1981-10-28', 'ACTIVE', 5146.69),
(147, 20, 'John Abadi', '1999-03-30', 'ACTIVE', 3237.62),
(148, 2, 'Jane Wilson', '1980-02-06', 'ACTIVE', 14915.89),
(149, 5, 'Li Muller', '2019-06-23', 'ACTIVE', 7933.19),
(150, 15, 'Priya Kumar', '1999-12-14', 'ACTIVE', 7300.44),
(151, 14, 'Priya Muller', '2014-03-11', 'ACTIVE', 4384.38),
(152, 8, 'Wei Muller', '2018-10-14', 'ACTIVE', 12866.59),
(153, 3, 'Sarah Garcia', '1978-11-23', 'ACTIVE', 10786.86),
(154, 9, 'John Doe', '1975-03-07', 'ACTIVE', 13703.99),
(155, 18, 'Wei Kumar', '1990-09-24', 'ACTIVE', 6199.61),
(156, 13, 'Raj Abadi', '1990-04-21', 'ACTIVE', 13737.19),
(157, 11, 'Wei Abadi', '1974-11-14', 'ACTIVE', 4825.34),
(158, 14, 'Wei Muller', '2010-06-02', 'ACTIVE', 13221.78),
(159, 20, 'John Doe', '2011-11-11', 'ACTIVE', 14803.84),
(160, 17, 'Sarah Kumar', '1982-02-16', 'ACTIVE', 7586.78),
(161, 11, 'Elena Wilson', '2016-05-16', 'ACTIVE', 8218.62),
(162, 4, 'Elena Chen', '1970-03-20', 'ACTIVE', 10073.08),
(163, 15, 'Elena Muller', '1992-11-17', 'ACTIVE', 8642.2),
(164, 5, 'Elena Kumar', '2008-07-13', 'ACTIVE', 4875.04),
(165, 1, 'Elena Abadi', '2023-03-13', 'ACTIVE', 4207.67),
(166, 3, 'Li Garcia', '2024-08-23', 'ACTIVE', 11422.52),
(167, 3, 'Priya Garcia', '1989-08-26', 'ACTIVE', 9629.01),
(168, 2, 'Elena Muller', '2022-07-08', 'ACTIVE', 7192.15),
(169, 1, 'Raj Kumar', '1985-08-28', 'ACTIVE', 9957.42),
(170, 9, 'Priya Wilson', '2023-04-22', 'ACTIVE', 5842.68),
(171, 19, 'Sven Kumar', '1989-03-16', 'ACTIVE', 4568.44),
(172, 14, 'Sven Muller', '2014-04-02', 'ACTIVE', 4543.4),
(173, 14, 'Alex Doe', '2020-08-21', 'ACTIVE', 10501.96),
(174, 15, 'Wei Doe', '2000-06-02', 'ACTIVE', 9957.99),
(175, 7, 'Elena Muller', '1982-06-22', 'ACTIVE', 4041.78),
(176, 13, 'Alex Kumar', '1980-11-10', 'ACTIVE', 4487.44),
(177, 14, 'Jane Abadi', '1980-05-08', 'ACTIVE', 13226.24),
(178, 18, 'Sven Doe', '1970-10-19', 'ACTIVE', 5863.58),
(179, 12, 'Sven Smith', '2023-10-12', 'ACTIVE', 14317.06),
(180, 16, 'Elena Doe', '2009-08-07', 'ACTIVE', 5519.59),
(181, 12, 'Priya Garcia', '1984-02-02', 'ACTIVE', 7179.64),
(182, 2, 'Elena Garcia', '1982-01-27', 'ACTIVE', 12963.53),
(183, 11, 'Priya Wilson', '1994-01-15', 'ACTIVE', 11027.7),
(184, 5, 'Priya Smith', '2001-04-29', 'ACTIVE', 11723.95),
(185, 9, 'Li Abadi', '1988-01-25', 'ACTIVE', 12620.38),
(186, 17, 'Sarah Abadi', '2013-11-18', 'ACTIVE', 11136.61),
(187, 11, 'Elena Muller', '1987-01-06', 'ACTIVE', 9312.11),
(188, 15, 'Sarah Wilson', '1980-12-12', 'ACTIVE', 10118.6),
(189, 7, 'Priya Abadi', '1987-08-10', 'ACTIVE', 11318.92),
(190, 18, 'Jane Doe', '2011-10-07', 'ACTIVE', 7076.38),
(191, 17, 'Sven Abadi', '1977-03-31', 'ACTIVE', 14981.99),
(192, 19, 'Sven Garcia', '2011-07-21', 'ACTIVE', 6140.61),
(193, 19, 'Priya Doe', '2013-04-07', 'ACTIVE', 4051.21),
(194, 17, 'John Abadi', '1982-07-19', 'ACTIVE', 9140.8),
(195, 14, 'Alex Chen', '2000-05-13', 'ACTIVE', 14056.99),
(196, 13, 'Sarah Wilson', '1986-02-07', 'ACTIVE', 14118.94),
(197, 8, 'Wei Garcia', '2022-10-17', 'ACTIVE', 9218.98),
(198, 6, 'Jane Smith', '2003-06-29', 'ACTIVE', 6803.25),
(199, 1, 'Alex Garcia', '2013-02-07', 'ACTIVE', 6118.1),
(200, 20, 'Jane Muller', '1998-09-14', 'ACTIVE', 5613.99),
(201, 10, 'Priya Chen', '2007-05-04', 'ACTIVE', 4295.37),
(202, 16, 'Raj Abadi', '1998-01-16', 'ACTIVE', 5953.05),
(203, 3, 'Wei Smith', '1983-05-09', 'ACTIVE', 8209.52),
(204, 20, 'Jane Muller', '1992-12-25', 'ACTIVE', 9102.43),
(205, 6, 'Alex Smith', '1998-05-24', 'ACTIVE', 9442.03),
(206, 18, 'Raj Smith', '1999-10-23', 'ACTIVE', 13919.26),
(207, 6, 'Elena Abadi', '2022-08-31', 'ACTIVE', 5493.24),
(208, 1, 'Alex Kumar', '1981-04-07', 'ACTIVE', 14586.88),
(209, 8, 'Li Wilson', '1974-10-11', 'ACTIVE', 9580.17),
(210, 10, 'John Abadi', '1979-08-04', 'ACTIVE', 10992.36),
(211, 19, 'Sven Kumar', '1999-11-22', 'ACTIVE', 4953.44),
(212, 20, 'Sven Chen', '2015-01-07', 'ACTIVE', 9109.54),
(213, 20, 'Alex Wilson', '1991-03-12', 'ACTIVE', 12903.82),
(214, 4, 'John Wilson', '1998-10-05', 'ACTIVE', 5603.71),
(215, 17, 'Elena Abadi', '2009-09-20', 'ACTIVE', 4057.26),
(216, 14, 'Priya Muller', '2010-11-27', 'ACTIVE', 5660.84),
(217, 18, 'Elena Chen', '2012-08-27', 'ACTIVE', 5026.89),
(218, 13, 'Alex Smith', '2010-02-07', 'ACTIVE', 6462.3),
(219, 4, 'Alex Doe', '1988-01-23', 'ACTIVE', 9858.62),
(220, 17, 'Alex Garcia', '1974-03-16', 'ACTIVE', 3637.97),
(221, 12, 'Elena Smith', '1976-08-25', 'ACTIVE', 7834.32),
(222, 9, 'Raj Chen', '1990-07-28', 'ACTIVE', 8589.01),
(223, 13, 'Priya Doe', '2021-09-07', 'ACTIVE', 14692.27),
(224, 2, 'John Kumar', '1978-05-15', 'ACTIVE', 7088.21),
(225, 17, 'Raj Abadi', '2025-10-14', 'ACTIVE', 3649.34),
(226, 11, 'John Kumar', '2002-08-06', 'ACTIVE', 8824.0),
(227, 9, 'Sarah Doe', '2024-05-31', 'ACTIVE', 8950.59),
(228, 17, 'John Doe', '1985-04-25', 'ACTIVE', 8628.15),
(229, 19, 'Alex Muller', '2026-03-20', 'ACTIVE', 5884.69),
(230, 8, 'Priya Abadi', '1970-10-01', 'ACTIVE', 11823.85),
(231, 17, 'Elena Doe', '2020-07-16', 'ACTIVE', 9265.14),
(232, 6, 'Sven Smith', '2026-01-03', 'ACTIVE', 3774.9),
(233, 11, 'Li Kumar', '1998-07-05', 'ACTIVE', 8149.48),
(234, 19, 'Jane Kumar', '1974-08-15', 'ACTIVE', 8294.5),
(235, 4, 'Elena Chen', '1973-07-01', 'ACTIVE', 13525.21),
(236, 6, 'Wei Garcia', '2003-09-30', 'ACTIVE', 9211.44),
(237, 3, 'Sven Chen', '1989-01-11', 'ACTIVE', 11533.33),
(238, 1, 'Wei Muller', '1981-11-12', 'ACTIVE', 12706.32),
(239, 9, 'Wei Smith', '2016-11-09', 'ACTIVE', 4352.11),
(240, 14, 'Li Smith', '1986-12-05', 'ACTIVE', 12854.15),
(241, 2, 'Alex Kumar', '2011-09-17', 'ACTIVE', 6600.84),
(242, 5, 'Priya Doe', '2018-12-15', 'ACTIVE', 6631.07),
(243, 12, 'Alex Wilson', '2016-07-25', 'ACTIVE', 5725.0),
(244, 4, 'Wei Wilson', '1995-12-08', 'ACTIVE', 8622.85),
(245, 5, 'Sven Abadi', '1977-12-26', 'ACTIVE', 14548.6),
(246, 17, 'Raj Doe', '2018-08-12', 'ACTIVE', 5027.49),
(247, 8, 'Sven Wilson', '2000-11-21', 'ACTIVE', 12914.16),
(248, 4, 'Elena Kumar', '1978-03-24', 'ACTIVE', 5719.21),
(249, 19, 'Priya Wilson', '1983-01-09', 'ACTIVE', 12104.49),
(250, 4, 'Alex Garcia', '1977-06-05', 'ACTIVE', 9144.46);

-- Claims
INSERT INTO fact_claims (claim_id, employee_id, product_id, service_date, claim_amount, paid_amount, claim_status) VALUES
(1, 240, 1, '2024-08-30', 402.66, 361.62, 'APPROVED'),
(2, 3, 2, '2023-12-11', 1732.31, 1452.73, 'APPROVED'),
(3, 246, 1, '2023-10-07', 449.82, 412.9, 'APPROVED'),
(4, 221, 4, '2024-11-24', 4429.45, 0, 'DENIED'),
(5, 101, 5, '2024-04-23', 1523.1, 1439.14, 'APPROVED'),
(6, 62, 1, '2023-12-18', 160.05, 145.43, 'APPROVED'),
(7, 159, 3, '2023-04-25', 3727.62, 3443.94, 'APPROVED'),
(8, 145, 2, '2023-09-29', 4646.6, 3437.52, 'PENDING'),
(9, 17, 4, '2023-09-27', 3286.64, 2926.43, 'APPROVED'),
(10, 239, 3, '2023-11-12', 2790.39, 2158.31, 'APPROVED'),
(11, 235, 1, '2024-12-31', 2752.97, 2602.62, 'PENDING'),
(12, 118, 5, '2026-04-01', 191.1, 0, 'DENIED'),
(13, 219, 2, '2023-04-09', 4569.34, 4311.85, 'APPROVED'),
(14, 165, 5, '2023-11-13', 2348.08, 2051.53, 'PENDING'),
(15, 91, 2, '2023-03-29', 1634.46, 1414.5, 'APPROVED'),
(16, 240, 3, '2025-09-22', 2478.35, 2202.03, 'APPROVED'),
(17, 22, 4, '2025-01-23', 4353.55, 3881.54, 'PENDING'),
(18, 22, 5, '2025-09-22', 3778.85, 3085.77, 'PENDING'),
(19, 37, 2, '2023-05-08', 4915.12, 4025.84, 'APPROVED'),
(20, 231, 3, '2025-09-01', 2372.37, 2192.24, 'PENDING'),
(21, 116, 1, '2025-09-27', 3198.1, 2898.02, 'PENDING'),
(22, 60, 2, '2024-12-07', 4286.22, 3841.81, 'PENDING'),
(23, 196, 3, '2024-09-25', 2880.41, 2254.72, 'APPROVED'),
(24, 137, 1, '2025-04-07', 3327.55, 2563.07, 'PENDING'),
(25, 25, 1, '2026-04-02', 3007.67, 2105.77, 'APPROVED'),
(26, 153, 2, '2026-03-13', 1083.6, 772.28, 'APPROVED'),
(27, 54, 2, '2023-03-26', 2704.66, 2467.44, 'APPROVED'),
(28, 162, 5, '2024-04-29', 2533.92, 2226.05, 'APPROVED'),
(29, 124, 4, '2024-02-12', 758.31, 577.88, 'PENDING'),
(30, 108, 1, '2024-01-01', 2220.05, 1755.11, 'PENDING'),
(31, 5, 5, '2024-04-13', 4284.79, 3693.05, 'PENDING'),
(32, 129, 2, '2025-09-12', 4694.06, 3831.12, 'PENDING'),
(33, 246, 1, '2025-08-27', 4468.79, 3945.13, 'APPROVED'),
(34, 225, 5, '2025-05-03', 3103.45, 2523.06, 'APPROVED'),
(35, 160, 2, '2023-04-02', 207.31, 155.85, 'APPROVED'),
(36, 33, 5, '2025-02-05', 1788.67, 1435.97, 'APPROVED'),
(37, 57, 1, '2023-05-07', 2919.35, 2486.2, 'PENDING'),
(38, 64, 1, '2026-04-02', 3479.62, 0, 'DENIED'),
(39, 57, 4, '2024-08-14', 3059.88, 2586.35, 'PENDING'),
(40, 110, 5, '2023-05-26', 2019.85, 1910.95, 'APPROVED'),
(41, 6, 1, '2023-06-05', 970.2, 680.56, 'PENDING'),
(42, 25, 3, '2023-05-01', 1292.06, 918.01, 'APPROVED'),
(43, 238, 1, '2023-06-21', 252.87, 213.31, 'PENDING'),
(44, 11, 3, '2024-04-08', 3100.07, 2653.25, 'PENDING'),
(45, 217, 3, '2024-01-02', 1837.05, 1292.36, 'APPROVED'),
(46, 150, 3, '2024-05-29', 1580.3, 1213.05, 'PENDING'),
(47, 136, 2, '2023-09-21', 544.22, 492.35, 'APPROVED'),
(48, 243, 1, '2025-12-10', 4651.45, 4095.91, 'PENDING'),
(49, 164, 3, '2024-01-23', 4763.46, 4501.13, 'PENDING'),
(50, 31, 3, '2024-03-30', 1682.35, 1258.75, 'APPROVED'),
(51, 231, 2, '2026-02-13', 4875.77, 4471.16, 'APPROVED'),
(52, 34, 2, '2023-12-30', 3434.45, 2556.33, 'APPROVED'),
(53, 178, 5, '2023-01-02', 823.77, 699.22, 'APPROVED'),
(54, 54, 5, '2025-06-02', 3564.72, 3380.07, 'APPROVED'),
(55, 119, 1, '2023-03-06', 2062.51, 1750.23, 'APPROVED'),
(56, 150, 3, '2025-09-21', 4076.12, 3341.64, 'PENDING'),
(57, 71, 3, '2023-07-27', 1453.48, 1203.82, 'APPROVED'),
(58, 108, 1, '2024-10-23', 2944.6, 2162.56, 'APPROVED'),
(59, 242, 4, '2025-02-20', 3583.4, 3298.6, 'APPROVED'),
(60, 178, 3, '2023-02-16', 2998.6, 2297.11, 'APPROVED'),
(61, 61, 1, '2024-12-26', 199.49, 0, 'DENIED'),
(62, 125, 4, '2023-11-25', 2299.78, 1972.0, 'APPROVED'),
(63, 63, 4, '2024-07-03', 2785.73, 2482.83, 'APPROVED'),
(64, 89, 3, '2026-02-16', 2027.09, 0, 'DENIED'),
(65, 101, 1, '2025-04-11', 3632.86, 2757.96, 'APPROVED'),
(66, 32, 1, '2025-01-13', 4248.57, 3115.13, 'PENDING'),
(67, 44, 3, '2024-10-26', 1935.97, 1406.62, 'APPROVED'),
(68, 14, 4, '2025-02-14', 4975.8, 4391.18, 'PENDING'),
(69, 40, 1, '2024-08-14', 1017.49, 858.26, 'APPROVED'),
(70, 44, 3, '2024-07-12', 3592.97, 2933.54, 'APPROVED'),
(71, 181, 2, '2025-11-05', 535.61, 430.17, 'PENDING'),
(72, 33, 4, '2024-06-24', 1232.27, 1024.88, 'APPROVED'),
(73, 217, 5, '2023-06-18', 487.21, 343.16, 'PENDING'),
(74, 147, 1, '2025-09-11', 627.89, 488.84, 'APPROVED'),
(75, 118, 5, '2023-10-10', 4661.06, 3417.77, 'APPROVED'),
(76, 11, 1, '2025-08-23', 2413.52, 0, 'DENIED'),
(77, 64, 4, '2026-04-15', 2012.45, 1754.45, 'APPROVED'),
(78, 37, 4, '2024-01-16', 2797.84, 2297.35, 'APPROVED'),
(79, 214, 5, '2024-11-09', 3892.2, 2786.3, 'APPROVED'),
(80, 211, 2, '2025-09-05', 1504.27, 1244.02, 'PENDING'),
(81, 39, 2, '2024-02-17', 3972.35, 0, 'DENIED'),
(82, 4, 3, '2024-12-08', 595.1, 452.7, 'PENDING'),
(83, 161, 4, '2025-09-23', 3233.5, 2787.84, 'APPROVED'),
(84, 135, 5, '2025-03-20', 3391.85, 2882.43, 'APPROVED'),
(85, 76, 3, '2023-07-20', 4193.06, 3797.68, 'APPROVED'),
(86, 165, 2, '2024-03-21', 3832.21, 0, 'DENIED'),
(87, 55, 1, '2024-04-16', 4777.15, 3432.34, 'APPROVED'),
(88, 83, 5, '2026-04-15', 3468.7, 3241.99, 'PENDING'),
(89, 204, 1, '2024-03-04', 2231.98, 1601.24, 'APPROVED'),
(90, 9, 3, '2024-08-31', 715.85, 612.55, 'APPROVED'),
(91, 79, 1, '2024-12-29', 2764.75, 2449.45, 'PENDING'),
(92, 149, 1, '2024-01-04', 873.92, 0, 'DENIED'),
(93, 127, 1, '2023-09-12', 3203.56, 2344.79, 'APPROVED'),
(94, 106, 3, '2024-04-11', 205.34, 149.98, 'APPROVED'),
(95, 167, 5, '2025-04-12', 4745.98, 4403.2, 'APPROVED'),
(96, 211, 3, '2023-03-06', 3831.8, 3336.45, 'PENDING'),
(97, 206, 3, '2023-08-12', 4362.45, 4054.88, 'PENDING'),
(98, 3, 3, '2025-03-24', 772.61, 593.1, 'PENDING'),
(99, 6, 4, '2024-01-08', 345.27, 313.62, 'APPROVED'),
(100, 176, 2, '2025-03-30', 182.02, 148.39, 'APPROVED'),
(101, 236, 3, '2023-01-01', 2133.77, 1998.34, 'APPROVED'),
(102, 186, 1, '2026-01-25', 1696.04, 1470.11, 'APPROVED'),
(103, 110, 4, '2024-01-02', 4541.63, 3912.79, 'APPROVED'),
(104, 179, 4, '2023-05-14', 4543.52, 0, 'DENIED'),
(105, 208, 3, '2024-03-13', 2829.26, 2489.25, 'APPROVED'),
(106, 27, 4, '2023-04-28', 1718.5, 1324.78, 'PENDING'),
(107, 47, 4, '2023-03-25', 1871.18, 1511.45, 'APPROVED'),
(108, 198, 4, '2024-09-30', 3152.53, 2603.25, 'PENDING'),
(109, 204, 2, '2023-02-18', 3367.98, 0, 'DENIED'),
(110, 69, 2, '2023-12-13', 4731.95, 0, 'DENIED'),
(111, 25, 3, '2024-12-31', 4192.97, 3277.61, 'APPROVED'),
(112, 70, 2, '2024-10-12', 2992.63, 2533.05, 'APPROVED'),
(113, 119, 3, '2023-02-14', 3525.93, 0, 'DENIED'),
(114, 11, 5, '2025-09-04', 4240.92, 3811.02, 'APPROVED'),
(115, 95, 3, '2024-01-03', 2331.57, 1700.24, 'APPROVED'),
(116, 175, 5, '2023-04-02', 1111.16, 979.7, 'PENDING'),
(117, 218, 3, '2023-03-03', 607.46, 461.22, 'APPROVED'),
(118, 228, 4, '2025-03-06', 4474.48, 3975.08, 'APPROVED'),
(119, 142, 3, '2023-08-11', 1036.56, 804.02, 'APPROVED'),
(120, 106, 1, '2023-02-05', 971.52, 763.76, 'APPROVED'),
(121, 67, 1, '2024-05-06', 4049.59, 3060.99, 'APPROVED'),
(122, 235, 4, '2025-05-09', 4045.01, 2880.83, 'APPROVED'),
(123, 155, 1, '2025-02-17', 4961.95, 3746.73, 'APPROVED'),
(124, 250, 2, '2025-08-08', 4968.04, 4528.21, 'APPROVED'),
(125, 88, 4, '2024-08-11', 111.17, 99.97, 'APPROVED'),
(126, 191, 1, '2023-06-03', 3192.4, 2801.47, 'APPROVED'),
(127, 92, 2, '2024-09-23', 3083.79, 2744.78, 'APPROVED'),
(128, 159, 3, '2023-07-21', 1196.11, 899.56, 'PENDING'),
(129, 150, 1, '2025-06-17', 1420.64, 1315.29, 'PENDING'),
(130, 56, 1, '2024-03-05', 4412.23, 3622.04, 'PENDING'),
(131, 175, 2, '2023-02-27', 3122.58, 2622.15, 'PENDING'),
(132, 217, 3, '2023-03-29', 3746.04, 2971.24, 'APPROVED'),
(133, 143, 2, '2023-10-19', 3953.9, 3624.76, 'PENDING'),
(134, 231, 5, '2024-01-29', 3861.4, 3379.79, 'APPROVED'),
(135, 130, 2, '2023-01-26', 2519.5, 1860.56, 'APPROVED'),
(136, 140, 1, '2025-05-23', 88.93, 65.64, 'APPROVED'),
(137, 141, 4, '2026-02-19', 1864.61, 1544.4, 'APPROVED'),
(138, 55, 5, '2025-07-21', 820.08, 0, 'DENIED'),
(139, 153, 5, '2023-01-29', 4418.08, 3390.08, 'APPROVED'),
(140, 48, 3, '2024-08-30', 1066.46, 885.19, 'APPROVED'),
(141, 187, 3, '2024-10-03', 4516.84, 4130.88, 'APPROVED'),
(142, 178, 4, '2024-12-13', 3148.23, 2597.45, 'APPROVED'),
(143, 148, 3, '2025-12-29', 250.74, 226.9, 'APPROVED'),
(144, 3, 2, '2026-01-01', 2800.56, 2530.85, 'APPROVED'),
(145, 186, 3, '2023-03-30', 1068.37, 972.94, 'APPROVED'),
(146, 145, 5, '2024-06-01', 850.81, 597.79, 'PENDING'),
(147, 180, 3, '2023-03-04', 3387.54, 2649.31, 'PENDING'),
(148, 58, 5, '2024-10-18', 2846.67, 2056.31, 'APPROVED'),
(149, 248, 3, '2026-03-07', 1217.4, 1056.25, 'APPROVED'),
(150, 108, 1, '2026-03-12', 3570.15, 3169.53, 'PENDING'),
(151, 224, 1, '2025-01-31', 1905.65, 1345.49, 'APPROVED'),
(152, 188, 5, '2025-06-10', 2681.14, 1914.33, 'APPROVED'),
(153, 41, 4, '2024-08-17', 4321.81, 4102.82, 'APPROVED'),
(154, 197, 1, '2023-08-31', 1078.62, 974.1, 'PENDING'),
(155, 185, 3, '2023-10-12', 4489.83, 3825.41, 'APPROVED'),
(156, 4, 2, '2025-02-15', 2911.35, 2315.46, 'APPROVED'),
(157, 189, 2, '2026-01-25', 522.13, 395.45, 'APPROVED'),
(158, 79, 3, '2023-10-01', 3780.02, 3164.69, 'APPROVED'),
(159, 180, 2, '2024-07-20', 4146.63, 3762.72, 'APPROVED'),
(160, 35, 2, '2024-02-09', 2316.34, 1912.31, 'APPROVED'),
(161, 72, 4, '2025-04-05', 4948.41, 3958.66, 'APPROVED'),
(162, 92, 1, '2025-09-03', 258.04, 234.09, 'APPROVED'),
(163, 110, 3, '2025-01-21', 4213.7, 3027.6, 'PENDING'),
(164, 73, 5, '2026-01-02', 2125.74, 1518.72, 'APPROVED'),
(165, 217, 3, '2023-04-21', 2675.47, 0, 'DENIED'),
(166, 246, 3, '2023-05-25', 4527.58, 3320.25, 'PENDING'),
(167, 19, 2, '2023-09-04', 1888.05, 1710.39, 'PENDING'),
(168, 3, 2, '2025-09-15', 300.0, 212.45, 'PENDING'),
(169, 47, 1, '2024-04-16', 1545.68, 1131.05, 'APPROVED'),
(170, 204, 4, '2023-05-28', 2604.09, 2014.14, 'PENDING'),
(171, 219, 2, '2024-07-09', 3594.63, 3280.65, 'PENDING'),
(172, 193, 4, '2023-05-15', 2507.7, 2204.67, 'APPROVED'),
(173, 197, 1, '2024-03-06', 3035.72, 2632.99, 'APPROVED'),
(174, 108, 4, '2023-05-24', 4148.74, 3263.26, 'APPROVED'),
(175, 192, 2, '2023-08-01', 797.7, 614.98, 'PENDING'),
(176, 82, 1, '2024-05-23', 1412.4, 1321.21, 'APPROVED'),
(177, 116, 2, '2026-04-01', 2931.19, 2652.57, 'APPROVED'),
(178, 127, 1, '2025-06-15', 4675.97, 3569.72, 'APPROVED'),
(179, 57, 4, '2023-05-12', 3643.54, 3286.16, 'APPROVED'),
(180, 146, 2, '2025-11-13', 2874.14, 2611.17, 'APPROVED'),
(181, 213, 4, '2025-12-01', 1586.89, 0, 'DENIED'),
(182, 53, 1, '2025-02-19', 2607.49, 2058.29, 'PENDING'),
(183, 42, 2, '2024-05-05', 1814.7, 1503.56, 'APPROVED'),
(184, 123, 5, '2025-11-01', 3530.52, 2910.67, 'APPROVED'),
(185, 45, 4, '2025-05-15', 1892.05, 0, 'DENIED'),
(186, 54, 1, '2026-03-26', 2411.83, 2076.16, 'APPROVED'),
(187, 174, 2, '2023-07-27', 1184.18, 994.33, 'APPROVED'),
(188, 71, 2, '2024-07-22', 2052.86, 1674.03, 'APPROVED'),
(189, 125, 5, '2023-01-25', 3915.08, 3013.97, 'PENDING'),
(190, 60, 3, '2024-07-02', 3124.25, 2795.05, 'APPROVED'),
(191, 114, 3, '2023-03-07', 4715.06, 4112.04, 'APPROVED'),
(192, 186, 1, '2024-11-09', 176.52, 130.76, 'APPROVED'),
(193, 176, 1, '2024-08-27', 354.63, 253.22, 'PENDING'),
(194, 193, 4, '2024-11-25', 2480.85, 0, 'DENIED'),
(195, 176, 3, '2023-04-29', 2211.07, 1595.43, 'APPROVED'),
(196, 30, 2, '2026-03-31', 4863.09, 3470.65, 'APPROVED'),
(197, 239, 2, '2024-06-05', 4585.87, 0, 'DENIED'),
(198, 78, 1, '2025-07-17', 3050.53, 2637.79, 'APPROVED'),
(199, 117, 5, '2023-11-22', 2441.69, 0, 'DENIED'),
(200, 94, 4, '2025-06-08', 3388.61, 3075.2, 'APPROVED'),
(201, 217, 2, '2026-03-28', 2567.85, 2000.44, 'APPROVED'),
(202, 92, 3, '2025-04-09', 3310.58, 3117.24, 'PENDING'),
(203, 246, 3, '2024-02-21', 1065.51, 849.69, 'PENDING'),
(204, 232, 4, '2025-12-28', 2356.58, 2148.78, 'APPROVED'),
(205, 98, 4, '2025-10-27', 3454.02, 2753.09, 'APPROVED'),
(206, 207, 4, '2023-03-27', 4031.6, 3005.3, 'PENDING'),
(207, 41, 2, '2023-08-04', 3073.2, 2893.32, 'APPROVED'),
(208, 25, 1, '2026-04-21', 2918.79, 0, 'DENIED'),
(209, 69, 1, '2023-11-30', 1944.14, 1419.8, 'APPROVED'),
(210, 239, 1, '2023-04-08', 2208.48, 2071.87, 'PENDING'),
(211, 149, 4, '2023-12-09', 4435.88, 3723.64, 'APPROVED'),
(212, 216, 1, '2023-04-23', 80.2, 60.02, 'APPROVED'),
(213, 28, 3, '2023-12-20', 1659.51, 1490.1, 'APPROVED'),
(214, 184, 5, '2025-10-25', 4230.08, 3712.05, 'APPROVED'),
(215, 121, 4, '2024-04-09', 348.52, 253.64, 'APPROVED'),
(216, 237, 1, '2023-07-11', 2871.83, 0, 'DENIED'),
(217, 99, 2, '2025-02-26', 4021.27, 3656.93, 'APPROVED'),
(218, 233, 5, '2024-12-16', 3881.59, 2951.12, 'PENDING'),
(219, 189, 1, '2026-02-11', 3455.02, 2534.54, 'PENDING'),
(220, 149, 1, '2025-02-26', 4021.85, 0, 'DENIED'),
(221, 10, 3, '2024-12-17', 3335.31, 0, 'DENIED'),
(222, 222, 5, '2024-01-11', 1625.73, 1245.26, 'APPROVED'),
(223, 208, 3, '2024-08-03', 3061.74, 2384.55, 'APPROVED'),
(224, 111, 2, '2024-09-01', 2347.41, 1668.09, 'PENDING'),
(225, 9, 4, '2025-09-14', 2963.56, 2363.72, 'PENDING'),
(226, 112, 2, '2025-04-18', 432.56, 341.37, 'APPROVED'),
(227, 5, 5, '2025-02-15', 3350.49, 3128.03, 'APPROVED'),
(228, 230, 2, '2024-05-17', 473.81, 385.21, 'APPROVED'),
(229, 104, 1, '2023-04-06', 4668.96, 3934.71, 'PENDING'),
(230, 3, 1, '2025-08-02', 3205.54, 2393.94, 'PENDING'),
(231, 97, 1, '2024-08-22', 1380.53, 968.14, 'APPROVED'),
(232, 190, 1, '2023-09-08', 3007.19, 2414.84, 'APPROVED'),
(233, 63, 1, '2025-08-07', 3159.09, 2340.19, 'PENDING'),
(234, 48, 2, '2023-03-07', 557.32, 455.79, 'APPROVED'),
(235, 159, 3, '2023-06-11', 2463.63, 1860.88, 'APPROVED'),
(236, 235, 2, '2023-01-12', 4150.43, 3719.25, 'APPROVED'),
(237, 232, 5, '2025-12-21', 2122.01, 0, 'DENIED'),
(238, 89, 3, '2024-10-01', 794.72, 729.8, 'PENDING'),
(239, 110, 5, '2023-02-21', 4702.5, 4275.37, 'APPROVED'),
(240, 109, 5, '2025-12-15', 205.59, 178.53, 'APPROVED'),
(241, 49, 5, '2025-08-20', 4005.66, 2883.42, 'APPROVED'),
(242, 57, 2, '2025-01-05', 3691.76, 3356.2, 'APPROVED'),
(243, 129, 4, '2025-07-14', 4906.41, 3824.95, 'APPROVED'),
(244, 141, 4, '2024-05-01', 1953.8, 1423.57, 'APPROVED'),
(245, 143, 2, '2024-11-01', 804.87, 618.72, 'PENDING'),
(246, 97, 2, '2024-03-07', 4864.88, 3408.81, 'PENDING'),
(247, 125, 2, '2023-04-13', 920.95, 684.64, 'APPROVED'),
(248, 11, 5, '2026-04-03', 4950.52, 3502.07, 'APPROVED'),
(249, 77, 1, '2023-04-09', 4498.33, 4133.22, 'APPROVED'),
(250, 155, 5, '2024-11-20', 1898.35, 1695.23, 'PENDING'),
(251, 14, 4, '2025-03-14', 1137.81, 811.71, 'APPROVED'),
(252, 89, 1, '2025-11-26', 3722.76, 3434.86, 'APPROVED'),
(253, 50, 2, '2023-08-26', 4632.04, 3304.49, 'PENDING'),
(254, 130, 5, '2025-01-25', 2148.56, 1558.34, 'PENDING'),
(255, 208, 2, '2024-08-06', 1114.92, 948.55, 'PENDING'),
(256, 54, 4, '2025-07-03', 3944.37, 2928.08, 'APPROVED'),
(257, 218, 2, '2023-09-16', 2162.51, 1611.84, 'PENDING'),
(258, 130, 3, '2025-01-21', 190.2, 175.85, 'APPROVED'),
(259, 148, 3, '2026-03-10', 3758.89, 2881.23, 'APPROVED'),
(260, 128, 2, '2023-07-02', 3336.28, 2588.18, 'PENDING'),
(261, 102, 1, '2023-08-09', 2257.59, 0, 'DENIED'),
(262, 105, 3, '2023-10-11', 1204.2, 1005.45, 'APPROVED'),
(263, 194, 4, '2024-10-24', 1073.3, 861.64, 'APPROVED'),
(264, 93, 5, '2024-12-26', 4552.38, 4271.26, 'APPROVED'),
(265, 36, 1, '2025-05-19', 53.35, 41.72, 'PENDING'),
(266, 25, 3, '2025-12-20', 3539.26, 2700.47, 'APPROVED'),
(267, 132, 4, '2023-12-15', 2489.69, 1943.84, 'APPROVED'),
(268, 156, 2, '2025-07-16', 1430.78, 1272.52, 'PENDING'),
(269, 137, 5, '2023-03-31', 1752.82, 1354.88, 'APPROVED'),
(270, 112, 5, '2025-06-24', 4445.37, 4112.31, 'PENDING'),
(271, 247, 4, '2026-03-12', 4511.17, 3947.39, 'APPROVED'),
(272, 59, 5, '2024-01-15', 4537.86, 0, 'DENIED'),
(273, 159, 3, '2025-08-22', 2973.6, 2368.56, 'APPROVED'),
(274, 109, 3, '2025-11-04', 4375.93, 3999.09, 'APPROVED'),
(275, 103, 3, '2025-11-23', 989.33, 699.74, 'APPROVED'),
(276, 111, 3, '2025-06-15', 2002.76, 1464.11, 'PENDING'),
(277, 216, 5, '2023-04-03', 2356.61, 1716.59, 'APPROVED'),
(278, 195, 5, '2024-08-25', 1762.63, 1414.08, 'APPROVED'),
(279, 103, 1, '2023-09-22', 4757.02, 4238.3, 'APPROVED'),
(280, 114, 5, '2025-08-01', 4968.65, 4230.68, 'PENDING'),
(281, 119, 5, '2023-05-01', 669.89, 561.99, 'PENDING'),
(282, 154, 2, '2025-11-27', 4275.82, 3790.61, 'APPROVED'),
(283, 84, 2, '2025-06-22', 3842.64, 3116.0, 'PENDING'),
(284, 107, 5, '2024-03-30', 4783.88, 3515.5, 'PENDING'),
(285, 129, 2, '2025-07-14', 3064.48, 2475.69, 'APPROVED'),
(286, 208, 3, '2024-02-03', 4656.85, 0, 'DENIED'),
(287, 87, 3, '2023-09-13', 4977.75, 4280.32, 'APPROVED'),
(288, 14, 5, '2025-02-02', 2506.98, 2311.22, 'APPROVED'),
(289, 121, 1, '2026-02-07', 4823.32, 4464.18, 'APPROVED'),
(290, 171, 2, '2023-02-10', 2603.96, 1986.76, 'APPROVED'),
(291, 161, 5, '2023-08-28', 4534.76, 3225.05, 'APPROVED'),
(292, 16, 3, '2026-02-01', 3281.39, 3040.81, 'APPROVED'),
(293, 39, 5, '2025-03-08', 4266.61, 3321.52, 'APPROVED'),
(294, 93, 3, '2023-11-11', 931.68, 861.87, 'APPROVED'),
(295, 60, 4, '2023-09-25', 1974.78, 1843.8, 'APPROVED'),
(296, 73, 2, '2024-05-20', 4470.78, 3232.65, 'PENDING'),
(297, 137, 4, '2024-06-26', 3760.49, 3437.67, 'APPROVED'),
(298, 148, 4, '2023-04-28', 1013.64, 731.71, 'PENDING'),
(299, 188, 3, '2024-12-15', 3970.02, 3390.17, 'APPROVED'),
(300, 114, 2, '2023-10-10', 2865.43, 2121.93, 'PENDING'),
(301, 193, 5, '2025-07-03', 2645.01, 2321.78, 'APPROVED'),
(302, 209, 3, '2025-12-21', 2291.91, 1909.05, 'PENDING'),
(303, 230, 1, '2024-08-28', 3316.09, 2719.63, 'APPROVED'),
(304, 169, 2, '2025-10-21', 2608.26, 1903.45, 'APPROVED'),
(305, 68, 3, '2024-01-10', 1702.55, 1200.77, 'PENDING'),
(306, 197, 4, '2023-03-13', 3802.67, 3112.45, 'PENDING'),
(307, 10, 2, '2026-01-15', 400.64, 291.18, 'PENDING'),
(308, 232, 3, '2024-10-13', 795.7, 630.38, 'APPROVED'),
(309, 158, 2, '2024-05-19', 506.54, 440.25, 'PENDING'),
(310, 151, 2, '2025-11-21', 4221.59, 2968.67, 'PENDING'),
(311, 206, 4, '2026-01-12', 2904.48, 2594.43, 'APPROVED'),
(312, 171, 2, '2024-06-28', 4134.31, 0, 'DENIED'),
(313, 123, 2, '2023-03-10', 1962.39, 1412.26, 'APPROVED'),
(314, 113, 3, '2025-01-09', 828.24, 655.73, 'PENDING'),
(315, 233, 1, '2026-01-13', 703.76, 592.56, 'APPROVED'),
(316, 55, 1, '2025-12-04', 234.98, 173.43, 'APPROVED'),
(317, 206, 2, '2025-06-20', 2856.89, 2462.12, 'APPROVED'),
(318, 98, 3, '2024-05-21', 2831.67, 2406.82, 'APPROVED'),
(319, 107, 5, '2023-04-21', 2903.82, 2444.17, 'APPROVED'),
(320, 170, 1, '2025-03-16', 1626.66, 1299.37, 'APPROVED'),
(321, 205, 2, '2024-07-09', 731.75, 659.53, 'APPROVED'),
(322, 239, 1, '2023-11-13', 1227.87, 923.62, 'APPROVED'),
(323, 120, 5, '2025-11-26', 4799.12, 3609.64, 'PENDING'),
(324, 15, 5, '2024-08-17', 4578.16, 3575.56, 'APPROVED'),
(325, 133, 2, '2023-02-17', 4646.93, 4222.48, 'PENDING'),
(326, 46, 3, '2024-01-04', 3450.48, 2641.45, 'APPROVED'),
(327, 79, 3, '2023-11-26', 3624.57, 2670.43, 'APPROVED'),
(328, 82, 2, '2024-05-07', 4986.46, 0, 'DENIED'),
(329, 199, 3, '2025-12-05', 3309.35, 3087.16, 'APPROVED'),
(330, 244, 3, '2023-07-26', 4131.06, 3458.77, 'PENDING'),
(331, 232, 4, '2023-06-03', 4550.39, 3715.7, 'APPROVED'),
(332, 197, 1, '2024-12-26', 2694.86, 2329.78, 'APPROVED'),
(333, 31, 1, '2024-02-12', 4921.82, 4162.35, 'APPROVED'),
(334, 62, 4, '2023-10-11', 3814.16, 3016.38, 'APPROVED'),
(335, 3, 2, '2026-03-20', 4057.8, 3530.51, 'PENDING'),
(336, 191, 2, '2023-11-30', 3204.34, 2578.86, 'PENDING'),
(337, 195, 4, '2026-03-09', 2319.99, 1814.83, 'PENDING'),
(338, 147, 2, '2024-11-02', 629.91, 593.35, 'APPROVED'),
(339, 72, 2, '2024-09-04', 1860.81, 1694.07, 'APPROVED'),
(340, 182, 3, '2025-10-16', 4647.39, 4331.42, 'APPROVED'),
(341, 180, 2, '2026-02-09', 4352.88, 0, 'DENIED'),
(342, 61, 1, '2024-06-01', 482.48, 442.87, 'APPROVED'),
(343, 199, 5, '2026-04-04', 979.53, 0, 'DENIED'),
(344, 66, 1, '2026-01-19', 3040.01, 2743.04, 'PENDING'),
(345, 118, 2, '2025-03-07', 4638.86, 4084.95, 'APPROVED'),
(346, 89, 4, '2025-09-20', 163.18, 148.98, 'APPROVED'),
(347, 91, 5, '2025-01-05', 2211.11, 1858.01, 'APPROVED'),
(348, 154, 3, '2025-12-28', 1417.96, 0, 'DENIED'),
(349, 76, 3, '2026-01-25', 3416.35, 3044.27, 'APPROVED'),
(350, 203, 4, '2025-06-29', 3978.89, 3681.69, 'APPROVED'),
(351, 42, 3, '2023-12-27', 4702.51, 3652.95, 'PENDING'),
(352, 105, 4, '2023-06-18', 3405.18, 3024.9, 'PENDING'),
(353, 121, 2, '2025-12-22', 1962.1, 1438.21, 'APPROVED'),
(354, 222, 3, '2023-10-08', 1700.21, 1483.57, 'APPROVED'),
(355, 76, 1, '2025-05-27', 4238.68, 0, 'DENIED'),
(356, 100, 1, '2025-12-24', 637.37, 571.33, 'APPROVED'),
(357, 42, 1, '2025-07-20', 871.54, 783.99, 'APPROVED'),
(358, 153, 4, '2025-10-08', 1950.91, 1489.16, 'APPROVED'),
(359, 167, 2, '2024-01-15', 1378.29, 1170.72, 'APPROVED'),
(360, 102, 3, '2025-11-15', 3513.75, 2937.2, 'PENDING'),
(361, 64, 4, '2025-05-03', 3463.58, 3218.68, 'APPROVED'),
(362, 249, 3, '2024-03-02', 2804.55, 2540.08, 'APPROVED'),
(363, 154, 4, '2023-07-05', 1778.77, 1271.21, 'APPROVED'),
(364, 11, 1, '2025-11-02', 4963.27, 3570.71, 'APPROVED'),
(365, 23, 5, '2023-07-05', 4155.59, 3458.24, 'APPROVED'),
(366, 85, 1, '2025-09-30', 4565.58, 3269.97, 'APPROVED'),
(367, 227, 5, '2024-06-14', 3837.8, 3247.47, 'APPROVED'),
(368, 150, 4, '2025-01-03', 815.63, 653.32, 'APPROVED'),
(369, 14, 3, '2024-11-14', 3528.72, 3281.16, 'PENDING'),
(370, 11, 4, '2024-05-04', 561.77, 485.85, 'APPROVED'),
(371, 202, 4, '2023-06-23', 3051.24, 2693.35, 'APPROVED'),
(372, 9, 3, '2026-01-24', 1818.55, 1682.35, 'APPROVED'),
(373, 136, 4, '2024-08-19', 3803.58, 2805.25, 'APPROVED'),
(374, 35, 2, '2025-08-13', 3268.81, 2733.22, 'APPROVED'),
(375, 2, 5, '2025-04-08', 4772.88, 3895.49, 'APPROVED'),
(376, 32, 4, '2025-11-05', 2965.97, 2343.84, 'APPROVED'),
(377, 61, 2, '2025-03-05', 1876.18, 1644.07, 'PENDING'),
(378, 50, 3, '2024-02-15', 4671.93, 4422.61, 'APPROVED'),
(379, 244, 2, '2025-04-25', 2123.36, 1922.86, 'PENDING'),
(380, 94, 4, '2023-03-11', 563.88, 461.8, 'PENDING'),
(381, 67, 1, '2024-02-03', 209.19, 186.45, 'APPROVED'),
(382, 73, 5, '2024-10-02', 929.84, 719.35, 'PENDING'),
(383, 196, 1, '2026-04-09', 2940.33, 2583.52, 'APPROVED'),
(384, 21, 5, '2025-12-11', 1842.73, 1510.5, 'APPROVED'),
(385, 58, 4, '2024-10-26', 1035.83, 843.72, 'APPROVED'),
(386, 72, 5, '2023-11-09', 2120.76, 1783.16, 'PENDING'),
(387, 222, 5, '2023-09-15', 3272.62, 2871.1, 'APPROVED'),
(388, 136, 4, '2023-09-25', 3927.66, 0, 'DENIED'),
(389, 241, 4, '2025-07-13', 2212.93, 2067.51, 'APPROVED'),
(390, 219, 2, '2023-03-13', 862.66, 704.61, 'PENDING'),
(391, 108, 1, '2025-01-28', 3930.86, 3418.02, 'APPROVED'),
(392, 247, 3, '2023-04-12', 656.4, 567.26, 'APPROVED'),
(393, 248, 5, '2023-03-29', 3174.45, 2431.12, 'APPROVED'),
(394, 135, 1, '2024-11-28', 3455.22, 3125.24, 'PENDING'),
(395, 15, 3, '2024-11-28', 3145.08, 0, 'DENIED'),
(396, 48, 4, '2024-02-23', 1222.0, 887.83, 'PENDING'),
(397, 143, 5, '2025-05-16', 4878.24, 3567.12, 'PENDING'),
(398, 87, 1, '2023-12-09', 515.73, 398.12, 'APPROVED'),
(399, 29, 4, '2023-08-13', 1714.49, 1588.71, 'APPROVED'),
(400, 203, 1, '2024-04-28', 1155.47, 982.16, 'APPROVED'),
(401, 204, 1, '2023-08-31', 2064.14, 0, 'DENIED'),
(402, 61, 5, '2023-05-16', 1136.54, 892.31, 'PENDING'),
(403, 43, 3, '2025-03-31', 2532.29, 2232.89, 'PENDING'),
(404, 81, 3, '2023-10-24', 2210.46, 0, 'DENIED'),
(405, 92, 2, '2024-01-09', 4391.19, 3642.01, 'APPROVED'),
(406, 157, 3, '2025-09-21', 4897.24, 3569.12, 'PENDING'),
(407, 218, 3, '2023-01-16', 3229.83, 2738.96, 'APPROVED'),
(408, 130, 3, '2023-09-20', 4270.25, 3975.59, 'APPROVED'),
(409, 185, 2, '2024-09-20', 1127.55, 883.69, 'APPROVED'),
(410, 98, 4, '2025-11-23', 2244.19, 1589.86, 'PENDING'),
(411, 190, 4, '2026-01-30', 3533.97, 2647.97, 'APPROVED'),
(412, 131, 5, '2025-07-23', 4110.54, 3754.11, 'APPROVED'),
(413, 77, 3, '2025-12-10', 4435.42, 3759.75, 'APPROVED'),
(414, 241, 5, '2024-01-01', 1245.15, 0, 'DENIED'),
(415, 46, 5, '2023-11-16', 3841.24, 3596.32, 'APPROVED'),
(416, 72, 3, '2024-07-05', 4910.26, 3539.69, 'APPROVED'),
(417, 173, 4, '2024-03-31', 2038.41, 1546.8, 'APPROVED'),
(418, 41, 3, '2024-05-16', 270.09, 238.09, 'PENDING'),
(419, 130, 1, '2024-03-05', 4800.07, 4148.64, 'APPROVED'),
(420, 30, 5, '2024-08-26', 917.76, 0, 'DENIED'),
(421, 221, 4, '2023-09-24', 1449.4, 1322.07, 'APPROVED'),
(422, 27, 2, '2025-09-18', 4351.73, 3518.53, 'APPROVED'),
(423, 218, 4, '2025-12-23', 2258.01, 1806.68, 'APPROVED'),
(424, 117, 2, '2025-09-30', 4706.45, 0, 'DENIED'),
(425, 16, 3, '2024-10-31', 1323.51, 1253.01, 'APPROVED'),
(426, 102, 1, '2023-12-07', 3422.78, 0, 'DENIED'),
(427, 170, 1, '2023-02-23', 3958.6, 2823.42, 'PENDING'),
(428, 175, 3, '2023-04-01', 2740.95, 2494.17, 'APPROVED'),
(429, 128, 2, '2023-07-01', 233.95, 189.76, 'PENDING'),
(430, 130, 2, '2024-06-30', 494.49, 435.41, 'APPROVED'),
(431, 107, 3, '2023-12-01', 763.29, 554.84, 'PENDING'),
(432, 186, 1, '2023-01-25', 3551.22, 2785.2, 'APPROVED'),
(433, 248, 3, '2024-09-01', 1850.49, 0, 'DENIED'),
(434, 189, 1, '2023-02-09', 515.3, 425.43, 'PENDING'),
(435, 59, 5, '2025-02-11', 217.67, 196.58, 'PENDING'),
(436, 31, 3, '2023-10-09', 961.35, 730.22, 'APPROVED'),
(437, 187, 3, '2023-12-22', 1563.77, 1234.89, 'APPROVED'),
(438, 182, 3, '2025-07-02', 1158.13, 1084.91, 'APPROVED'),
(439, 131, 3, '2025-04-02', 2624.64, 2474.75, 'APPROVED'),
(440, 165, 1, '2025-12-17', 1523.68, 1366.43, 'APPROVED'),
(441, 210, 1, '2023-04-04', 4711.24, 3904.3, 'PENDING'),
(442, 147, 5, '2024-05-13', 1193.23, 1018.99, 'PENDING'),
(443, 55, 3, '2023-12-01', 2617.68, 2207.48, 'APPROVED'),
(444, 21, 2, '2025-02-22', 674.82, 515.42, 'APPROVED'),
(445, 28, 1, '2026-03-13', 2838.29, 2317.8, 'APPROVED'),
(446, 150, 2, '2024-11-17', 169.52, 144.76, 'PENDING'),
(447, 196, 2, '2024-08-01', 2202.77, 1845.43, 'APPROVED'),
(448, 122, 2, '2024-08-07', 4469.96, 0, 'DENIED'),
(449, 24, 5, '2023-03-16', 2138.63, 1527.23, 'APPROVED'),
(450, 64, 4, '2025-07-09', 3452.6, 2655.29, 'APPROVED'),
(451, 234, 2, '2024-05-10', 576.69, 538.56, 'PENDING'),
(452, 179, 3, '2023-10-21', 1359.95, 1181.21, 'APPROVED'),
(453, 10, 4, '2023-04-21', 1962.79, 1561.82, 'APPROVED'),
(454, 179, 1, '2023-12-12', 3045.45, 2881.23, 'APPROVED'),
(455, 250, 1, '2023-09-18', 3128.29, 2511.05, 'APPROVED'),
(456, 217, 2, '2024-10-14', 3118.35, 2564.57, 'PENDING'),
(457, 235, 1, '2025-02-24', 838.36, 790.06, 'APPROVED'),
(458, 71, 5, '2026-02-15', 2746.59, 2488.32, 'APPROVED'),
(459, 78, 5, '2025-03-15', 363.26, 0, 'DENIED'),
(460, 77, 1, '2023-01-15', 2398.12, 2120.05, 'APPROVED'),
(461, 198, 5, '2025-06-03', 4895.16, 4642.3, 'PENDING'),
(462, 157, 4, '2023-11-12', 2207.85, 1801.7, 'PENDING'),
(463, 167, 2, '2024-01-23', 3324.34, 2614.7, 'APPROVED'),
(464, 164, 1, '2024-02-10', 84.65, 74.32, 'APPROVED'),
(465, 83, 5, '2024-05-01', 945.21, 757.83, 'PENDING'),
(466, 155, 2, '2024-07-20', 1081.62, 925.91, 'PENDING'),
(467, 39, 4, '2024-01-31', 1596.79, 1512.43, 'APPROVED'),
(468, 22, 3, '2024-02-04', 4634.66, 3961.65, 'APPROVED'),
(469, 85, 3, '2026-02-26', 4553.97, 3447.6, 'APPROVED'),
(470, 238, 3, '2023-12-17', 2602.91, 2053.66, 'PENDING'),
(471, 12, 4, '2025-05-18', 2537.01, 2291.64, 'PENDING'),
(472, 66, 5, '2023-09-16', 279.52, 254.97, 'APPROVED'),
(473, 25, 2, '2023-08-04', 1011.51, 909.56, 'APPROVED'),
(474, 7, 5, '2025-11-16', 609.83, 468.41, 'APPROVED'),
(475, 54, 2, '2025-03-07', 3828.07, 3476.76, 'PENDING'),
(476, 94, 5, '2024-10-16', 2858.68, 2493.66, 'APPROVED'),
(477, 72, 1, '2024-09-23', 4303.07, 3985.86, 'APPROVED'),
(478, 177, 5, '2024-09-08', 1608.37, 1427.7, 'APPROVED'),
(479, 144, 3, '2026-04-17', 3434.94, 2440.28, 'APPROVED'),
(480, 230, 4, '2024-05-05', 1841.96, 1482.7, 'APPROVED'),
(481, 21, 1, '2025-01-18', 2073.19, 1749.14, 'APPROVED'),
(482, 169, 5, '2023-01-17', 2773.02, 2578.65, 'APPROVED'),
(483, 247, 3, '2025-11-24', 2208.41, 0, 'DENIED'),
(484, 40, 4, '2025-05-19', 2946.57, 2501.39, 'PENDING'),
(485, 192, 2, '2024-04-30', 4888.9, 4071.69, 'APPROVED'),
(486, 160, 3, '2024-03-12', 3247.56, 2821.74, 'APPROVED'),
(487, 217, 1, '2023-05-10', 2889.52, 2559.27, 'APPROVED'),
(488, 127, 1, '2023-12-04', 3035.67, 2456.62, 'PENDING'),
(489, 236, 2, '2024-12-27', 1630.11, 1168.77, 'APPROVED'),
(490, 225, 3, '2025-01-01', 2167.47, 1526.6, 'APPROVED'),
(491, 34, 5, '2023-09-28', 1382.83, 987.75, 'APPROVED'),
(492, 150, 4, '2023-12-24', 4621.73, 0, 'DENIED'),
(493, 177, 1, '2026-04-05', 3182.19, 2351.76, 'PENDING'),
(494, 38, 1, '2026-01-02', 491.55, 0, 'DENIED'),
(495, 128, 2, '2023-01-01', 267.05, 218.95, 'APPROVED'),
(496, 17, 3, '2024-02-09', 3465.67, 2922.35, 'APPROVED'),
(497, 230, 4, '2023-04-20', 4524.89, 4079.5, 'PENDING'),
(498, 56, 4, '2024-09-23', 4820.24, 3474.58, 'APPROVED'),
(499, 51, 5, '2024-11-13', 4054.76, 0, 'DENIED'),
(500, 82, 1, '2024-05-19', 1758.03, 1328.73, 'APPROVED'),
(501, 6, 4, '2023-06-28', 1690.81, 0, 'DENIED'),
(502, 173, 3, '2024-11-10', 2436.51, 2048.91, 'APPROVED'),
(503, 229, 2, '2025-06-30', 1663.34, 1300.8, 'APPROVED'),
(504, 141, 5, '2024-01-16', 3275.03, 2401.75, 'APPROVED'),
(505, 16, 1, '2023-01-03', 4054.12, 3698.02, 'APPROVED'),
(506, 118, 2, '2025-01-11', 2388.67, 2127.21, 'APPROVED'),
(507, 143, 2, '2023-07-18', 234.54, 221.93, 'APPROVED'),
(508, 230, 2, '2024-02-05', 1784.48, 1272.54, 'PENDING'),
(509, 114, 3, '2024-12-19', 1656.53, 0, 'DENIED'),
(510, 205, 5, '2024-02-09', 56.44, 39.64, 'APPROVED'),
(511, 15, 3, '2023-06-15', 552.51, 390.08, 'APPROVED'),
(512, 90, 3, '2023-03-24', 1998.03, 1476.18, 'PENDING'),
(513, 221, 2, '2024-05-26', 3607.22, 3215.81, 'APPROVED'),
(514, 179, 5, '2023-07-15', 1876.22, 1314.6, 'APPROVED'),
(515, 183, 1, '2025-12-29', 1383.74, 1063.12, 'APPROVED'),
(516, 185, 2, '2025-12-21', 234.32, 176.4, 'APPROVED'),
(517, 135, 2, '2024-05-21', 508.79, 433.34, 'APPROVED'),
(518, 163, 3, '2024-11-02', 3490.61, 3298.19, 'APPROVED'),
(519, 82, 4, '2025-12-09', 4820.11, 3998.2, 'APPROVED'),
(520, 10, 2, '2025-02-07', 3921.47, 3015.93, 'APPROVED'),
(521, 136, 5, '2025-12-10', 3813.09, 3312.02, 'APPROVED'),
(522, 195, 5, '2024-12-09', 466.01, 417.57, 'APPROVED'),
(523, 77, 2, '2025-02-03', 103.36, 83.91, 'APPROVED'),
(524, 9, 1, '2025-04-19', 4282.3, 3274.99, 'PENDING'),
(525, 106, 1, '2025-12-15', 3306.16, 2718.68, 'APPROVED'),
(526, 232, 2, '2024-12-12', 1928.64, 1391.67, 'APPROVED'),
(527, 79, 1, '2023-10-19', 4963.69, 3873.46, 'APPROVED'),
(528, 199, 3, '2024-07-19', 1047.89, 837.4, 'APPROVED'),
(529, 216, 5, '2024-08-28', 412.58, 334.51, 'APPROVED'),
(530, 171, 1, '2024-12-18', 2474.03, 2216.85, 'PENDING'),
(531, 119, 4, '2026-03-07', 4518.05, 3930.67, 'PENDING'),
(532, 28, 2, '2024-07-25', 3876.92, 2716.06, 'APPROVED'),
(533, 237, 1, '2023-05-02', 1919.89, 1593.23, 'APPROVED'),
(534, 125, 4, '2023-12-24', 4523.85, 3941.95, 'APPROVED'),
(535, 209, 2, '2025-12-05', 2948.24, 2740.16, 'APPROVED'),
(536, 91, 1, '2025-12-19', 3363.34, 2815.99, 'PENDING'),
(537, 233, 2, '2023-03-20', 4625.93, 4230.62, 'PENDING'),
(538, 218, 2, '2026-01-12', 1323.45, 0, 'DENIED'),
(539, 228, 5, '2023-01-29', 285.65, 247.05, 'PENDING'),
(540, 198, 1, '2024-04-18', 1993.35, 1580.56, 'PENDING'),
(541, 98, 5, '2025-06-05', 2842.34, 0, 'DENIED'),
(542, 200, 5, '2024-03-30', 2819.26, 2053.38, 'APPROVED'),
(543, 202, 2, '2025-05-23', 4390.05, 3982.97, 'APPROVED'),
(544, 88, 5, '2025-02-12', 474.57, 381.57, 'APPROVED'),
(545, 3, 4, '2026-03-17', 2486.83, 1864.71, 'APPROVED'),
(546, 203, 4, '2024-03-28', 734.91, 568.41, 'PENDING'),
(547, 121, 5, '2026-01-07', 1851.5, 1649.2, 'APPROVED'),
(548, 118, 2, '2023-11-09', 4187.58, 3939.19, 'APPROVED'),
(549, 135, 5, '2023-11-27', 3668.18, 3206.06, 'APPROVED'),
(550, 192, 3, '2025-05-14', 548.65, 496.17, 'PENDING'),
(551, 126, 4, '2023-07-15', 1894.92, 1420.04, 'APPROVED'),
(552, 167, 3, '2024-02-25', 3204.87, 2368.48, 'APPROVED'),
(553, 66, 3, '2026-01-28', 3099.23, 2252.08, 'APPROVED'),
(554, 177, 5, '2025-06-04', 2901.77, 2509.25, 'APPROVED'),
(555, 243, 4, '2023-04-26', 3985.05, 3589.66, 'APPROVED'),
(556, 52, 3, '2025-05-16', 1814.21, 1633.11, 'APPROVED'),
(557, 64, 3, '2025-07-30', 4202.75, 0, 'DENIED'),
(558, 86, 5, '2024-10-28', 159.78, 120.72, 'APPROVED'),
(559, 235, 1, '2024-10-29', 1061.9, 861.27, 'APPROVED'),
(560, 107, 4, '2023-03-28', 3466.34, 2682.44, 'PENDING'),
(561, 142, 2, '2025-07-02', 954.44, 834.53, 'APPROVED'),
(562, 146, 2, '2024-10-07', 4876.86, 3764.96, 'PENDING'),
(563, 49, 1, '2023-10-22', 3770.98, 2928.4, 'PENDING'),
(564, 47, 4, '2023-10-15', 3898.7, 3224.89, 'APPROVED'),
(565, 167, 1, '2023-11-06', 3962.79, 3656.42, 'PENDING'),
(566, 172, 3, '2025-05-08', 4534.6, 3235.43, 'APPROVED'),
(567, 83, 2, '2025-12-18', 351.53, 293.72, 'APPROVED'),
(568, 34, 1, '2025-03-24', 1712.57, 1605.87, 'APPROVED'),
(569, 104, 3, '2024-01-07', 2684.94, 2248.63, 'APPROVED'),
(570, 217, 3, '2025-09-19', 2022.3, 1530.37, 'APPROVED'),
(571, 157, 2, '2025-05-23', 4172.29, 3124.34, 'PENDING'),
(572, 129, 3, '2025-08-28', 350.5, 330.86, 'PENDING'),
(573, 71, 2, '2023-04-07', 4168.84, 3955.38, 'APPROVED'),
(574, 153, 4, '2025-08-07', 1001.02, 718.43, 'APPROVED'),
(575, 18, 1, '2025-03-20', 2588.11, 2018.03, 'PENDING'),
(576, 86, 3, '2023-04-08', 978.54, 887.19, 'PENDING'),
(577, 209, 4, '2023-05-18', 1597.65, 1497.37, 'APPROVED'),
(578, 15, 1, '2026-03-11', 3284.21, 2764.91, 'PENDING'),
(579, 234, 5, '2025-03-24', 3427.86, 2497.77, 'APPROVED'),
(580, 180, 1, '2024-11-20', 1189.24, 1005.12, 'APPROVED'),
(581, 238, 3, '2023-04-10', 1725.62, 1233.39, 'PENDING'),
(582, 121, 1, '2024-03-30', 795.77, 599.74, 'PENDING'),
(583, 227, 4, '2023-05-29', 2642.45, 2296.27, 'PENDING'),
(584, 181, 1, '2023-07-11', 3952.44, 3731.69, 'PENDING'),
(585, 208, 3, '2025-07-30', 2008.71, 1643.24, 'APPROVED'),
(586, 92, 1, '2023-01-09', 2255.67, 1818.75, 'APPROVED'),
(587, 234, 3, '2024-02-28', 1607.01, 1223.57, 'PENDING'),
(588, 226, 2, '2025-10-27', 1096.04, 0, 'DENIED'),
(589, 242, 5, '2024-07-25', 3748.65, 3490.12, 'PENDING'),
(590, 70, 4, '2023-05-03', 2505.25, 2157.89, 'PENDING'),
(591, 25, 5, '2025-07-22', 3134.42, 2389.0, 'PENDING'),
(592, 22, 3, '2025-12-27', 1766.56, 1488.99, 'APPROVED'),
(593, 69, 4, '2025-11-02', 859.86, 625.79, 'PENDING'),
(594, 184, 5, '2023-12-28', 135.34, 99.51, 'PENDING'),
(595, 120, 4, '2026-01-10', 294.09, 267.44, 'PENDING'),
(596, 119, 5, '2026-04-17', 2813.82, 2394.79, 'PENDING'),
(597, 208, 5, '2024-09-16', 3321.39, 3120.47, 'PENDING'),
(598, 123, 5, '2025-05-11', 1564.32, 0, 'DENIED'),
(599, 182, 4, '2023-09-22', 3493.85, 2641.01, 'PENDING'),
(600, 105, 3, '2023-04-22', 4426.65, 3687.38, 'APPROVED'),
(601, 186, 1, '2025-12-13', 4309.29, 3681.49, 'APPROVED'),
(602, 129, 1, '2024-02-01', 1343.31, 1192.62, 'APPROVED'),
(603, 177, 5, '2023-03-15', 126.22, 90.27, 'APPROVED'),
(604, 204, 2, '2023-09-29', 726.48, 547.98, 'APPROVED'),
(605, 33, 4, '2024-05-15', 2214.18, 1947.55, 'PENDING'),
(606, 192, 4, '2023-06-23', 1504.76, 1424.07, 'PENDING'),
(607, 75, 2, '2023-06-25', 3321.13, 2568.9, 'APPROVED'),
(608, 48, 4, '2025-06-27', 2933.3, 0, 'DENIED'),
(609, 5, 4, '2024-02-10', 2417.43, 2244.84, 'APPROVED'),
(610, 216, 4, '2024-11-18', 602.67, 458.6, 'APPROVED'),
(611, 172, 5, '2025-09-02', 778.48, 641.25, 'APPROVED'),
(612, 223, 3, '2023-05-04', 2901.46, 2225.07, 'APPROVED'),
(613, 104, 1, '2026-03-04', 3058.52, 0, 'DENIED'),
(614, 241, 4, '2024-03-15', 2134.31, 1786.4, 'PENDING'),
(615, 166, 2, '2023-06-14', 331.78, 0, 'DENIED'),
(616, 177, 3, '2025-02-10', 3422.73, 3084.74, 'APPROVED'),
(617, 209, 5, '2023-05-29', 258.02, 224.91, 'APPROVED'),
(618, 98, 3, '2024-09-30', 2401.02, 1931.71, 'APPROVED'),
(619, 102, 2, '2023-09-07', 1738.3, 1619.42, 'APPROVED'),
(620, 125, 5, '2025-03-15', 3245.11, 2594.98, 'APPROVED'),
(621, 100, 4, '2026-03-14', 113.36, 85.06, 'APPROVED'),
(622, 72, 5, '2025-12-21', 1319.19, 1218.7, 'APPROVED'),
(623, 108, 1, '2025-03-23', 655.13, 500.5, 'APPROVED'),
(624, 175, 4, '2023-02-20', 2312.9, 1791.55, 'APPROVED'),
(625, 227, 2, '2026-02-14', 2589.51, 2116.8, 'APPROVED'),
(626, 248, 5, '2025-07-15', 2525.63, 0, 'DENIED'),
(627, 248, 2, '2023-08-19', 1636.38, 1316.09, 'PENDING'),
(628, 96, 2, '2024-12-16', 4419.28, 3588.53, 'APPROVED'),
(629, 240, 3, '2025-06-23', 403.15, 301.54, 'APPROVED'),
(630, 137, 5, '2024-08-23', 2153.49, 1998.06, 'APPROVED'),
(631, 193, 4, '2026-02-28', 4211.44, 3977.27, 'APPROVED'),
(632, 170, 3, '2024-04-08', 2133.36, 0, 'DENIED'),
(633, 27, 2, '2025-12-23', 329.62, 270.2, 'APPROVED'),
(634, 103, 5, '2024-10-22', 3859.16, 3615.29, 'APPROVED'),
(635, 148, 4, '2024-07-30', 2700.08, 1980.89, 'APPROVED'),
(636, 33, 4, '2024-10-02', 3641.23, 3265.95, 'APPROVED'),
(637, 28, 2, '2026-02-09', 690.25, 513.43, 'APPROVED'),
(638, 204, 2, '2024-07-27', 1245.3, 1097.36, 'APPROVED'),
(639, 173, 5, '2024-09-18', 1386.67, 1157.67, 'PENDING'),
(640, 193, 3, '2024-11-01', 2393.12, 2039.17, 'APPROVED'),
(641, 198, 4, '2024-12-22', 1141.47, 800.81, 'PENDING'),
(642, 37, 5, '2024-01-21', 4864.4, 4374.44, 'APPROVED'),
(643, 161, 3, '2024-04-30', 4207.46, 3129.07, 'PENDING'),
(644, 42, 2, '2025-04-27', 1023.7, 962.1, 'PENDING'),
(645, 174, 1, '2025-11-01', 1725.44, 1333.49, 'APPROVED'),
(646, 245, 1, '2026-01-11', 3253.04, 2646.52, 'APPROVED'),
(647, 162, 2, '2023-05-25', 1270.51, 905.98, 'APPROVED'),
(648, 215, 2, '2026-02-14', 3962.27, 2916.86, 'APPROVED'),
(649, 159, 5, '2023-11-07', 4704.95, 3377.38, 'APPROVED'),
(650, 135, 5, '2025-09-14', 3597.67, 3134.05, 'APPROVED'),
(651, 18, 1, '2023-01-08', 3820.03, 3504.28, 'PENDING'),
(652, 27, 5, '2023-10-21', 862.77, 686.73, 'PENDING'),
(653, 57, 2, '2025-12-03', 2998.04, 2416.75, 'PENDING'),
(654, 50, 5, '2024-12-08', 1490.73, 1173.87, 'PENDING'),
(655, 70, 2, '2023-07-02', 1070.71, 864.59, 'APPROVED'),
(656, 2, 3, '2024-11-09', 1300.01, 0, 'DENIED'),
(657, 39, 4, '2024-10-18', 4989.64, 3767.44, 'APPROVED'),
(658, 137, 2, '2026-03-20', 116.49, 85.6, 'APPROVED'),
(659, 219, 3, '2024-10-05', 1663.57, 0, 'DENIED'),
(660, 186, 5, '2023-03-07', 1123.74, 1058.51, 'APPROVED'),
(661, 186, 4, '2024-08-17', 482.82, 379.45, 'APPROVED'),
(662, 184, 5, '2024-06-16', 3131.2, 2682.65, 'PENDING'),
(663, 133, 1, '2023-05-23', 3235.67, 2924.1, 'PENDING'),
(664, 117, 4, '2025-08-09', 313.29, 245.14, 'PENDING'),
(665, 109, 5, '2025-09-21', 825.11, 748.25, 'PENDING'),
(666, 108, 1, '2025-07-11', 2149.25, 1636.27, 'PENDING'),
(667, 110, 1, '2026-02-07', 3798.2, 2688.52, 'APPROVED'),
(668, 135, 3, '2026-02-17', 1986.27, 1856.63, 'PENDING'),
(669, 199, 5, '2024-09-17', 1854.67, 1423.96, 'APPROVED'),
(670, 53, 1, '2026-04-08', 192.02, 139.9, 'APPROVED'),
(671, 166, 5, '2025-01-06', 2848.73, 2023.62, 'APPROVED'),
(672, 246, 4, '2025-08-25', 3221.93, 2966.68, 'APPROVED'),
(673, 7, 3, '2023-01-22', 2664.0, 2106.67, 'APPROVED'),
(674, 217, 3, '2024-09-03', 2928.62, 2413.67, 'APPROVED'),
(675, 46, 3, '2023-07-31', 2642.75, 2489.59, 'APPROVED'),
(676, 139, 2, '2023-01-17', 1137.71, 931.1, 'PENDING'),
(677, 229, 2, '2026-04-13', 1336.12, 1015.53, 'APPROVED'),
(678, 115, 2, '2024-10-29', 449.2, 316.98, 'PENDING'),
(679, 55, 2, '2025-09-23', 4184.89, 3481.31, 'APPROVED'),
(680, 197, 5, '2023-06-12', 2391.02, 0, 'DENIED'),
(681, 116, 4, '2026-01-18', 1853.04, 1656.51, 'APPROVED'),
(682, 33, 1, '2023-04-01', 3147.12, 2225.33, 'APPROVED'),
(683, 165, 4, '2023-11-30', 3374.64, 2503.31, 'PENDING'),
(684, 94, 3, '2025-02-27', 4388.02, 3921.16, 'APPROVED'),
(685, 96, 5, '2024-06-15', 3418.42, 2966.76, 'PENDING'),
(686, 158, 5, '2023-06-30', 4460.58, 3403.7, 'APPROVED'),
(687, 199, 4, '2023-12-05', 4642.68, 4216.31, 'APPROVED'),
(688, 21, 2, '2024-10-22', 4773.62, 4181.37, 'APPROVED'),
(689, 210, 4, '2023-02-04', 3549.54, 2731.99, 'PENDING'),
(690, 1, 2, '2024-06-11', 2816.57, 2543.89, 'PENDING'),
(691, 21, 2, '2025-05-03', 2832.42, 2380.59, 'APPROVED'),
(692, 117, 4, '2023-05-07', 4105.8, 3194.56, 'APPROVED'),
(693, 161, 5, '2023-07-28', 3183.01, 0, 'DENIED'),
(694, 122, 5, '2025-02-05', 3954.45, 3232.67, 'PENDING'),
(695, 224, 2, '2026-04-12', 3483.5, 3036.7, 'APPROVED'),
(696, 207, 3, '2025-08-12', 2051.19, 1906.54, 'APPROVED'),
(697, 5, 1, '2026-01-25', 1448.83, 1270.6, 'APPROVED'),
(698, 101, 2, '2023-05-06', 1041.28, 910.01, 'APPROVED'),
(699, 221, 3, '2023-08-09', 3258.07, 2492.77, 'PENDING'),
(700, 134, 1, '2025-11-09', 4976.88, 0, 'DENIED'),
(701, 223, 3, '2024-06-23', 4301.17, 3800.27, 'PENDING'),
(702, 238, 4, '2025-09-08', 337.51, 285.47, 'APPROVED'),
(703, 181, 5, '2026-03-21', 4978.51, 3995.35, 'APPROVED'),
(704, 9, 2, '2023-05-24', 1605.8, 1299.07, 'APPROVED'),
(705, 47, 3, '2025-03-05', 1873.21, 1362.35, 'APPROVED'),
(706, 201, 5, '2025-07-22', 3134.91, 2907.84, 'APPROVED'),
(707, 187, 3, '2024-06-23', 781.95, 579.79, 'APPROVED'),
(708, 250, 2, '2024-04-23', 1140.37, 0, 'DENIED'),
(709, 188, 2, '2023-07-25', 702.17, 590.46, 'APPROVED'),
(710, 27, 5, '2025-03-21', 1184.86, 1062.71, 'APPROVED'),
(711, 21, 2, '2024-03-05', 1828.37, 1452.7, 'APPROVED'),
(712, 189, 2, '2023-07-13', 708.82, 569.2, 'PENDING'),
(713, 141, 2, '2023-04-21', 1676.72, 1420.02, 'APPROVED'),
(714, 78, 3, '2024-10-28', 2928.66, 2571.79, 'APPROVED'),
(715, 153, 5, '2024-09-09', 4623.36, 0, 'DENIED'),
(716, 212, 3, '2025-07-31', 3171.9, 2812.31, 'PENDING'),
(717, 50, 2, '2023-06-28', 3122.83, 2385.56, 'APPROVED'),
(718, 175, 1, '2025-02-18', 808.33, 740.0, 'PENDING'),
(719, 222, 5, '2026-04-17', 1516.35, 0, 'DENIED'),
(720, 85, 4, '2023-11-14', 177.9, 155.57, 'APPROVED'),
(721, 246, 5, '2023-12-23', 2173.71, 1900.31, 'APPROVED'),
(722, 248, 3, '2025-05-25', 3451.64, 3197.69, 'PENDING'),
(723, 201, 1, '2024-06-26', 4765.69, 0, 'DENIED'),
(724, 212, 5, '2025-12-13', 415.32, 392.71, 'APPROVED'),
(725, 109, 2, '2024-12-28', 2007.86, 1885.22, 'PENDING'),
(726, 239, 2, '2024-07-15', 4751.97, 4170.63, 'APPROVED'),
(727, 192, 3, '2024-01-15', 2517.2, 2363.8, 'PENDING'),
(728, 83, 3, '2024-02-28', 3994.05, 2826.68, 'APPROVED'),
(729, 115, 5, '2023-04-27', 3740.36, 3385.95, 'APPROVED'),
(730, 194, 4, '2025-06-20', 2053.86, 1811.23, 'APPROVED'),
(731, 28, 5, '2024-04-10', 2870.14, 2313.5, 'APPROVED'),
(732, 235, 4, '2024-01-14', 3252.26, 2694.17, 'APPROVED'),
(733, 122, 1, '2025-02-16', 4089.18, 3880.49, 'PENDING'),
(734, 73, 4, '2023-02-08', 878.05, 813.15, 'APPROVED'),
(735, 216, 1, '2024-12-09', 2974.77, 2797.67, 'PENDING'),
(736, 203, 3, '2024-04-29', 2606.82, 2380.78, 'PENDING'),
(737, 233, 4, '2024-04-23', 369.57, 286.66, 'PENDING'),
(738, 105, 5, '2024-07-16', 1466.9, 1086.39, 'APPROVED'),
(739, 195, 3, '2023-11-28', 3377.58, 2679.06, 'PENDING'),
(740, 179, 2, '2023-09-20', 243.0, 0, 'DENIED'),
(741, 93, 3, '2024-08-01', 3406.29, 2716.64, 'APPROVED'),
(742, 83, 4, '2023-10-31', 4955.47, 0, 'DENIED'),
(743, 124, 1, '2025-12-16', 844.23, 784.95, 'APPROVED'),
(744, 101, 4, '2023-06-02', 4297.75, 3641.63, 'APPROVED'),
(745, 156, 5, '2025-06-15', 4442.06, 4147.71, 'PENDING'),
(746, 194, 1, '2025-05-02', 3586.75, 2515.28, 'APPROVED'),
(747, 208, 4, '2026-04-11', 1235.65, 905.78, 'APPROVED'),
(748, 28, 1, '2026-03-26', 3678.4, 2891.43, 'APPROVED'),
(749, 149, 5, '2023-09-24', 4691.54, 3799.04, 'APPROVED'),
(750, 3, 5, '2023-01-27', 1677.48, 1370.37, 'APPROVED'),
(751, 11, 2, '2025-08-24', 4334.76, 3610.95, 'APPROVED'),
(752, 104, 3, '2025-04-02', 4071.67, 3320.14, 'APPROVED'),
(753, 175, 1, '2023-07-17', 843.46, 0, 'DENIED'),
(754, 206, 5, '2023-02-06', 4479.64, 3413.98, 'PENDING'),
(755, 32, 3, '2025-03-06', 3453.97, 2861.05, 'APPROVED'),
(756, 144, 5, '2025-11-05', 2357.22, 2228.5, 'PENDING'),
(757, 4, 3, '2025-05-24', 4533.53, 4297.25, 'APPROVED'),
(758, 171, 3, '2025-09-28', 1206.3, 0, 'DENIED'),
(759, 197, 5, '2024-06-09', 3126.66, 2775.34, 'PENDING'),
(760, 147, 1, '2023-12-25', 2709.71, 2255.24, 'PENDING'),
(761, 80, 4, '2024-08-29', 2825.26, 2259.78, 'PENDING'),
(762, 212, 4, '2023-01-06', 4909.65, 3589.86, 'PENDING'),
(763, 152, 2, '2023-08-24', 4242.0, 3964.18, 'APPROVED'),
(764, 56, 4, '2023-09-27', 209.38, 160.45, 'PENDING'),
(765, 91, 1, '2024-01-02', 3841.11, 3071.18, 'PENDING'),
(766, 33, 4, '2024-11-11', 1514.66, 1379.63, 'APPROVED'),
(767, 161, 5, '2023-06-29', 163.63, 148.08, 'APPROVED'),
(768, 195, 5, '2025-11-04', 4262.34, 3520.3, 'APPROVED'),
(769, 84, 1, '2024-07-03', 1923.06, 1357.38, 'APPROVED'),
(770, 162, 5, '2025-10-25', 3114.76, 2641.67, 'PENDING'),
(771, 10, 3, '2023-10-26', 4687.11, 3656.73, 'PENDING'),
(772, 50, 1, '2025-12-19', 4301.52, 3094.33, 'APPROVED'),
(773, 68, 3, '2023-05-31', 2799.74, 2124.21, 'APPROVED'),
(774, 104, 4, '2023-08-31', 2628.42, 2219.7, 'APPROVED'),
(775, 51, 1, '2024-04-30', 4003.43, 2838.84, 'PENDING'),
(776, 145, 4, '2023-01-02', 4362.79, 3216.91, 'APPROVED'),
(777, 233, 5, '2024-01-19', 3422.81, 2592.15, 'APPROVED'),
(778, 200, 3, '2025-06-22', 875.96, 781.89, 'APPROVED'),
(779, 99, 2, '2024-09-16', 4722.43, 3876.64, 'PENDING'),
(780, 36, 2, '2023-08-21', 3054.66, 2716.13, 'APPROVED'),
(781, 8, 4, '2023-12-03', 1004.89, 840.86, 'PENDING'),
(782, 95, 1, '2023-04-18', 122.93, 111.79, 'APPROVED'),
(783, 225, 1, '2025-11-13', 3140.94, 0, 'DENIED'),
(784, 181, 4, '2025-11-09', 163.27, 119.44, 'APPROVED'),
(785, 34, 4, '2024-10-06', 3885.19, 3084.26, 'APPROVED'),
(786, 78, 1, '2025-04-25', 2568.83, 2329.11, 'PENDING'),
(787, 32, 3, '2023-04-18', 1561.35, 1248.71, 'APPROVED'),
(788, 98, 3, '2024-06-11', 599.14, 527.08, 'APPROVED'),
(789, 180, 5, '2025-09-25', 3895.83, 2961.96, 'PENDING'),
(790, 142, 1, '2024-05-30', 3362.98, 2969.75, 'APPROVED'),
(791, 146, 4, '2025-12-11', 3063.01, 2829.22, 'APPROVED'),
(792, 222, 3, '2025-01-31', 3627.29, 3376.21, 'APPROVED'),
(793, 16, 3, '2026-03-12', 4579.12, 3594.12, 'APPROVED'),
(794, 52, 1, '2026-04-14', 4790.63, 3966.12, 'APPROVED'),
(795, 173, 2, '2023-07-21', 4251.37, 3257.66, 'APPROVED'),
(796, 8, 5, '2023-01-31', 3408.78, 2553.12, 'APPROVED'),
(797, 47, 5, '2023-08-06', 4260.77, 3272.37, 'APPROVED'),
(798, 120, 2, '2023-12-07', 3593.88, 2625.23, 'PENDING'),
(799, 171, 1, '2024-09-08', 4984.48, 4468.13, 'APPROVED'),
(800, 250, 4, '2026-01-24', 613.86, 558.05, 'APPROVED'),
(801, 120, 3, '2023-10-04', 1372.28, 1174.33, 'PENDING'),
(802, 146, 3, '2024-04-30', 902.05, 712.01, 'APPROVED'),
(803, 188, 4, '2024-07-20', 4877.74, 3566.29, 'APPROVED'),
(804, 138, 3, '2023-10-09', 4277.11, 3468.83, 'APPROVED'),
(805, 98, 4, '2026-03-08', 56.45, 51.69, 'APPROVED'),
(806, 37, 3, '2023-10-20', 3428.39, 2967.0, 'PENDING'),
(807, 237, 2, '2026-04-19', 1702.37, 1246.2, 'APPROVED'),
(808, 221, 2, '2023-08-17', 2021.18, 1513.03, 'APPROVED'),
(809, 181, 1, '2024-01-21', 141.92, 112.3, 'APPROVED'),
(810, 197, 5, '2023-12-21', 3310.03, 2448.48, 'APPROVED'),
(811, 235, 5, '2023-12-07', 3229.11, 2937.74, 'APPROVED'),
(812, 125, 1, '2024-01-26', 925.3, 870.93, 'PENDING'),
(813, 39, 4, '2024-10-23', 1848.06, 1748.35, 'APPROVED'),
(814, 235, 1, '2023-12-16', 4360.49, 3524.49, 'PENDING'),
(815, 238, 3, '2025-07-20', 2530.27, 2004.98, 'APPROVED'),
(816, 240, 5, '2023-04-07', 541.65, 0, 'DENIED'),
(817, 19, 1, '2024-12-04', 1657.68, 1459.73, 'APPROVED'),
(818, 124, 5, '2025-01-31', 702.3, 0, 'DENIED'),
(819, 50, 1, '2026-01-15', 1612.28, 1162.68, 'APPROVED'),
(820, 240, 5, '2025-04-07', 181.75, 146.31, 'APPROVED'),
(821, 97, 1, '2023-01-12', 149.9, 137.2, 'APPROVED'),
(822, 207, 5, '2025-03-27', 416.53, 0, 'DENIED'),
(823, 160, 5, '2025-01-27', 4522.99, 3309.47, 'PENDING'),
(824, 245, 3, '2025-09-02', 4900.16, 3528.49, 'APPROVED'),
(825, 12, 2, '2023-07-14', 1608.8, 1195.62, 'APPROVED'),
(826, 203, 2, '2026-04-13', 3364.13, 2570.34, 'PENDING'),
(827, 160, 3, '2025-08-25', 3112.18, 2941.22, 'PENDING'),
(828, 178, 5, '2025-01-28', 3713.58, 2671.02, 'APPROVED'),
(829, 37, 5, '2023-05-10', 2859.62, 2255.59, 'PENDING'),
(830, 60, 5, '2025-07-23', 805.14, 697.93, 'APPROVED'),
(831, 170, 3, '2023-05-03', 1328.97, 1088.98, 'PENDING'),
(832, 101, 1, '2026-04-11', 1036.13, 930.69, 'PENDING'),
(833, 137, 5, '2026-01-20', 1373.81, 1035.4, 'APPROVED'),
(834, 39, 4, '2025-07-14', 721.25, 539.05, 'APPROVED'),
(835, 114, 3, '2024-01-30', 1552.96, 1124.33, 'APPROVED'),
(836, 195, 1, '2025-05-19', 4222.55, 3297.92, 'PENDING'),
(837, 139, 1, '2025-03-09', 3186.42, 2766.04, 'APPROVED'),
(838, 123, 3, '2024-02-03', 4133.87, 3310.13, 'APPROVED'),
(839, 39, 3, '2025-09-20', 2994.72, 2631.31, 'APPROVED'),
(840, 143, 5, '2024-02-25', 4669.45, 3286.69, 'APPROVED'),
(841, 191, 1, '2025-04-27', 1388.27, 1044.37, 'APPROVED'),
(842, 35, 4, '2025-01-02', 3270.5, 2606.07, 'APPROVED'),
(843, 181, 2, '2026-01-27', 300.27, 217.01, 'APPROVED'),
(844, 13, 1, '2026-01-16', 365.91, 291.88, 'PENDING'),
(845, 46, 1, '2023-09-14', 1417.22, 1037.05, 'PENDING'),
(846, 58, 4, '2023-08-23', 3656.57, 3225.37, 'APPROVED'),
(847, 245, 5, '2025-02-24', 2660.15, 1992.18, 'APPROVED'),
(848, 33, 5, '2025-12-24', 2743.96, 2337.42, 'APPROVED'),
(849, 181, 1, '2023-02-20', 50.91, 37.39, 'PENDING'),
(850, 187, 5, '2024-12-12', 3929.15, 2983.38, 'APPROVED'),
(851, 57, 1, '2025-09-02', 638.38, 483.65, 'APPROVED'),
(852, 174, 5, '2024-07-16', 3172.4, 2378.72, 'PENDING'),
(853, 97, 4, '2026-03-28', 1123.07, 911.44, 'PENDING'),
(854, 17, 2, '2025-09-04', 1401.39, 1299.61, 'APPROVED'),
(855, 145, 3, '2026-01-07', 1478.28, 1086.65, 'APPROVED'),
(856, 9, 2, '2024-05-30', 2732.15, 2557.68, 'APPROVED'),
(857, 108, 2, '2023-11-16', 3305.47, 2895.57, 'PENDING'),
(858, 35, 3, '2025-10-13', 891.52, 840.79, 'APPROVED'),
(859, 34, 3, '2025-08-15', 4776.26, 3743.96, 'APPROVED'),
(860, 66, 1, '2024-12-09', 2675.48, 2345.78, 'APPROVED'),
(861, 11, 4, '2025-11-23', 4208.41, 3900.29, 'PENDING'),
(862, 114, 5, '2025-02-24', 3265.4, 2692.2, 'PENDING'),
(863, 1, 4, '2025-06-25', 1063.67, 860.94, 'APPROVED'),
(864, 167, 5, '2025-11-29', 339.29, 285.89, 'PENDING'),
(865, 195, 2, '2023-03-24', 4436.12, 3121.1, 'APPROVED'),
(866, 97, 3, '2024-07-29', 1404.61, 1326.55, 'APPROVED'),
(867, 242, 2, '2026-03-08', 2090.15, 1743.98, 'PENDING'),
(868, 27, 5, '2025-04-02', 3627.37, 3019.36, 'APPROVED'),
(869, 45, 1, '2023-12-16', 3219.62, 2905.98, 'APPROVED'),
(870, 52, 4, '2023-02-13', 1634.21, 1240.63, 'PENDING'),
(871, 6, 5, '2023-06-22', 2243.13, 2074.72, 'APPROVED'),
(872, 173, 5, '2023-08-16', 4778.35, 0, 'DENIED'),
(873, 233, 5, '2023-08-24', 1225.64, 0, 'DENIED'),
(874, 76, 1, '2025-09-04', 132.1, 104.35, 'APPROVED'),
(875, 124, 3, '2024-02-21', 3094.99, 2356.63, 'APPROVED'),
(876, 141, 5, '2024-08-31', 1261.34, 908.53, 'APPROVED'),
(877, 127, 2, '2023-08-13', 1728.09, 1329.82, 'PENDING'),
(878, 47, 5, '2025-09-05', 2681.81, 1921.08, 'APPROVED'),
(879, 104, 1, '2025-10-11', 2543.37, 2129.3, 'APPROVED'),
(880, 14, 2, '2024-01-15', 362.19, 0, 'DENIED'),
(881, 67, 2, '2024-03-12', 2924.36, 2459.65, 'APPROVED'),
(882, 120, 5, '2025-11-29', 477.95, 337.31, 'APPROVED'),
(883, 22, 4, '2024-09-08', 4794.57, 0, 'DENIED'),
(884, 166, 1, '2024-06-07', 4715.78, 3328.87, 'APPROVED'),
(885, 54, 4, '2025-06-14', 2843.88, 2343.62, 'APPROVED'),
(886, 120, 3, '2025-01-26', 230.93, 0, 'DENIED'),
(887, 119, 5, '2025-05-26', 4693.93, 4093.88, 'APPROVED'),
(888, 87, 3, '2023-10-20', 3639.11, 2829.33, 'APPROVED'),
(889, 23, 3, '2024-09-06', 2127.63, 1700.55, 'APPROVED'),
(890, 74, 1, '2023-03-23', 2991.64, 2839.39, 'APPROVED'),
(891, 64, 1, '2025-06-07', 2377.16, 1995.44, 'APPROVED'),
(892, 57, 2, '2026-04-11', 2596.03, 2046.66, 'APPROVED'),
(893, 157, 1, '2023-09-01', 3696.57, 3188.49, 'APPROVED'),
(894, 55, 4, '2025-01-24', 977.7, 801.16, 'APPROVED'),
(895, 53, 2, '2024-07-11', 1087.06, 1004.46, 'APPROVED'),
(896, 72, 3, '2024-10-15', 3077.6, 2715.63, 'PENDING'),
(897, 137, 1, '2023-04-27', 223.45, 208.25, 'APPROVED'),
(898, 144, 5, '2024-12-05', 2748.3, 2569.97, 'APPROVED'),
(899, 241, 5, '2023-08-05', 3800.95, 3355.72, 'APPROVED'),
(900, 91, 2, '2024-09-01', 4464.0, 0, 'DENIED'),
(901, 130, 2, '2025-02-02', 4651.66, 3314.78, 'APPROVED'),
(902, 89, 5, '2024-02-24', 2999.32, 2409.05, 'APPROVED'),
(903, 188, 5, '2025-01-25', 3658.11, 3152.74, 'PENDING'),
(904, 113, 4, '2024-11-12', 3833.67, 3300.97, 'PENDING'),
(905, 214, 5, '2025-01-20', 2679.44, 1947.61, 'APPROVED'),
(906, 173, 5, '2025-10-24', 2204.36, 1666.67, 'APPROVED'),
(907, 22, 4, '2025-06-01', 786.23, 562.75, 'PENDING'),
(908, 57, 5, '2023-04-04', 340.3, 274.79, 'APPROVED'),
(909, 175, 2, '2025-07-31', 3323.01, 2861.7, 'APPROVED'),
(910, 116, 1, '2025-07-29', 4926.96, 3757.31, 'PENDING'),
(911, 141, 4, '2024-05-07', 4051.95, 3685.24, 'APPROVED'),
(912, 213, 1, '2025-10-03', 548.85, 392.71, 'PENDING'),
(913, 241, 1, '2024-12-14', 842.24, 786.7, 'APPROVED'),
(914, 118, 2, '2023-03-28', 2269.07, 1702.22, 'APPROVED'),
(915, 174, 3, '2024-11-10', 527.0, 0, 'DENIED'),
(916, 67, 5, '2023-09-19', 2445.17, 1895.57, 'PENDING'),
(917, 94, 5, '2025-01-11', 2698.4, 2260.78, 'PENDING'),
(918, 235, 4, '2023-01-29', 4899.4, 0, 'DENIED'),
(919, 186, 4, '2023-11-08', 4166.34, 0, 'DENIED'),
(920, 228, 5, '2023-02-23', 3627.48, 2771.66, 'APPROVED'),
(921, 25, 2, '2025-01-28', 4266.31, 3019.6, 'APPROVED'),
(922, 157, 2, '2023-03-14', 3270.13, 2673.57, 'APPROVED'),
(923, 166, 3, '2025-04-09', 2936.79, 2058.83, 'APPROVED'),
(924, 235, 5, '2025-08-04', 3111.72, 0, 'DENIED'),
(925, 82, 5, '2023-05-24', 829.98, 774.63, 'APPROVED'),
(926, 93, 4, '2024-08-26', 1032.07, 731.65, 'APPROVED'),
(927, 247, 1, '2024-05-17', 54.4, 50.3, 'APPROVED'),
(928, 201, 3, '2023-07-28', 1299.48, 1034.75, 'PENDING'),
(929, 4, 3, '2025-06-27', 3619.4, 3069.69, 'APPROVED'),
(930, 58, 4, '2024-06-09', 1018.38, 876.6, 'PENDING'),
(931, 15, 3, '2025-09-22', 212.36, 192.07, 'APPROVED'),
(932, 196, 2, '2025-05-15', 1559.82, 1466.02, 'APPROVED'),
(933, 111, 4, '2026-04-21', 4967.77, 0, 'DENIED'),
(934, 241, 3, '2025-09-10', 3413.57, 2393.47, 'PENDING'),
(935, 18, 3, '2023-06-02', 2630.17, 1951.5, 'PENDING'),
(936, 48, 3, '2023-07-09', 1605.32, 1524.37, 'APPROVED'),
(937, 13, 3, '2024-10-31', 3032.17, 2613.55, 'APPROVED'),
(938, 213, 4, '2023-05-19', 1556.92, 0, 'DENIED'),
(939, 248, 4, '2025-03-19', 2844.52, 2261.85, 'APPROVED'),
(940, 245, 3, '2023-05-03', 3531.6, 2503.46, 'PENDING'),
(941, 42, 3, '2023-04-23', 281.79, 239.03, 'APPROVED'),
(942, 213, 4, '2026-01-26', 4058.32, 3104.04, 'PENDING'),
(943, 177, 5, '2025-04-10', 4572.23, 3310.68, 'APPROVED'),
(944, 169, 3, '2024-07-10', 4274.36, 3544.26, 'PENDING'),
(945, 184, 3, '2025-01-24', 2439.29, 1879.68, 'PENDING'),
(946, 241, 2, '2025-12-23', 3358.86, 2778.64, 'APPROVED'),
(947, 56, 3, '2025-05-10', 2595.8, 2015.09, 'PENDING'),
(948, 210, 2, '2025-12-21', 4078.14, 3540.25, 'APPROVED'),
(949, 220, 3, '2025-12-09', 998.75, 778.89, 'PENDING'),
(950, 121, 2, '2024-04-05', 2615.4, 2318.5, 'APPROVED'),
(951, 181, 4, '2023-12-23', 2719.54, 0, 'DENIED'),
(952, 34, 4, '2023-12-03', 3273.33, 2835.93, 'PENDING'),
(953, 165, 4, '2023-06-01', 1221.09, 1145.42, 'APPROVED'),
(954, 37, 3, '2024-06-05', 4300.76, 3352.62, 'PENDING'),
(955, 24, 4, '2023-09-27', 4427.82, 4122.55, 'PENDING'),
(956, 59, 1, '2024-11-29', 2609.93, 2317.85, 'APPROVED'),
(957, 129, 1, '2025-02-15', 501.79, 376.51, 'PENDING'),
(958, 47, 5, '2023-12-25', 1813.3, 1420.69, 'APPROVED'),
(959, 232, 5, '2025-09-07', 554.31, 497.76, 'APPROVED'),
(960, 136, 4, '2024-06-12', 1324.77, 1190.21, 'APPROVED'),
(961, 170, 5, '2025-01-19', 1590.68, 1334.11, 'APPROVED'),
(962, 217, 1, '2023-03-19', 1930.45, 1694.28, 'PENDING'),
(963, 86, 3, '2024-11-30', 1809.23, 1404.53, 'APPROVED'),
(964, 118, 5, '2024-11-09', 2567.0, 2400.01, 'APPROVED'),
(965, 166, 1, '2023-09-05', 2922.38, 2228.31, 'APPROVED'),
(966, 42, 5, '2025-06-04', 3844.27, 3536.96, 'APPROVED'),
(967, 246, 5, '2023-02-20', 602.23, 546.63, 'APPROVED'),
(968, 87, 5, '2025-11-05', 123.53, 110.76, 'PENDING'),
(969, 250, 2, '2024-11-05', 3759.63, 3266.88, 'APPROVED'),
(970, 142, 5, '2025-06-01', 3268.29, 2336.77, 'APPROVED'),
(971, 63, 4, '2023-10-13', 934.63, 717.43, 'APPROVED'),
(972, 33, 1, '2024-12-27', 3240.71, 2382.39, 'APPROVED'),
(973, 218, 5, '2026-01-16', 2626.04, 2154.25, 'APPROVED'),
(974, 248, 4, '2025-09-21', 2921.5, 2587.62, 'PENDING'),
(975, 247, 2, '2023-09-23', 2638.59, 2382.95, 'APPROVED'),
(976, 167, 4, '2023-01-02', 3817.66, 3307.38, 'APPROVED'),
(977, 62, 4, '2023-06-28', 3765.06, 3448.97, 'APPROVED'),
(978, 90, 3, '2023-01-06', 909.81, 668.05, 'APPROVED'),
(979, 9, 3, '2023-11-09', 4067.95, 3180.23, 'APPROVED'),
(980, 193, 3, '2023-03-25', 4828.79, 3667.24, 'APPROVED'),
(981, 22, 2, '2025-12-19', 4865.69, 4446.23, 'PENDING'),
(982, 49, 3, '2024-09-12', 839.68, 603.72, 'APPROVED'),
(983, 16, 5, '2023-07-30', 3689.77, 3269.19, 'PENDING'),
(984, 146, 3, '2023-04-06', 4852.48, 4501.78, 'PENDING'),
(985, 33, 1, '2025-09-24', 2671.73, 1889.74, 'PENDING'),
(986, 204, 2, '2024-12-19', 114.92, 95.73, 'APPROVED'),
(987, 52, 1, '2026-04-15', 452.27, 414.1, 'APPROVED'),
(988, 190, 5, '2024-09-14', 836.54, 769.01, 'APPROVED'),
(989, 212, 5, '2025-04-28', 2243.76, 2107.93, 'APPROVED'),
(990, 135, 4, '2025-02-07', 2897.53, 2485.9, 'APPROVED'),
(991, 75, 3, '2025-09-29', 4728.19, 4321.86, 'PENDING'),
(992, 132, 2, '2023-06-19', 695.99, 509.21, 'APPROVED'),
(993, 81, 1, '2026-03-23', 4533.16, 3872.71, 'APPROVED'),
(994, 50, 3, '2023-11-20', 1661.92, 1165.76, 'APPROVED'),
(995, 119, 1, '2023-12-11', 3549.43, 2767.68, 'PENDING'),
(996, 185, 4, '2023-10-28', 1218.59, 1002.67, 'APPROVED'),
(997, 32, 2, '2025-08-08', 2180.21, 1750.93, 'APPROVED'),
(998, 38, 3, '2024-09-20', 4401.87, 3581.86, 'PENDING'),
(999, 79, 2, '2026-01-14', 2670.64, 2366.49, 'PENDING'),
(1000, 28, 3, '2025-07-09', 4333.59, 3609.26, 'APPROVED');

